"module_code","word","phonetic","meaning","example"
"cet4","a","/ə; eɪ | ə; e/","art. 一(个)；每一(个)","We have a problem."
"cet4","abandon","/ə'bænd(ə)n | ə'bændən/","v. 丢弃；放弃，抛弃","How could she abandon her own child?"
"cet4","ability","/ə'biliti | ə'bɪlɪtɪ | ə'bɪləti/","n. 能力；能耐，本领","The test measures your mathematical ability."
"cet4","able","/'eibl | 'eɪb(ə)l | 'ebl/","adj. 有能力的；出色的","one of my more able students"
"cet4","abnormal","/æb'nɔ:məl | æb'nɔːml | æbˈnɔːrml/","adj. 不正常的；变态的","abnormal behaviour"
"cet4","aboard","/ə'bɔ:d | ə'bɔːd | ə'bɔrd/","adv. 在船(车)上；上船","The plane crashed, killing all 200 people aboard."
"cet4","about","/ə'baut | ə'baʊt/","prep. 关于；在…周围","a book about politics"
"cet4","above","/ə'bʌv/","prep. 在…上面；高于","He lived in a flat above the shop."
"cet4","abroad","/ə'brɔ:d | ə'brɔːd | ə'brɔd/","adv. (在)国外；到处","I’ve never lived abroad before."
"cet4","abruptly","/ə'brʌptli | ə'brʌptlɪ/","adv. 突然地","The path ends off abruptly."
"cet4","absence","/'æbsəns | 'æbs(ə)ns | 'æbsns/","n. 缺席，不在场；缺乏","In the absence of any evidence, the police had to let Myers go."
"cet4","absent","/'æbsənt, æb'sent | 'æbs(ə)nt | ˈæbsənt/","adj. 缺席的","He has been absent from his desk for two weeks."
"cet4","absolute","/'æbsəlju:t, ,æbsə'lju:t | 'æbsəluːt | 'æbsəlut/","adj. 绝对的；纯粹的","Some of the stuff on TV is absolute rubbish."
"cet4","absolutely","/'æbsəlju:tli, ,æbsə'lju:tli | 'æbsəluːtlɪ | 'æbsəlutli/","adv. 完全地；绝对地","He made his reasons for resigning absolutely clear."
"cet4","absorb","/əb'sɔ:b, -'zɔ:b | əb'sɔ:b | æbˈsɔrb; æbˈzɔrb; əbˈsɔrb/","v. 吸收（液体、气体等）","Plants absorb nutrients from the soil."
"cet4","abstract","/ˈæbstrækt | 'æbstrækt/","adj. 抽象的","By the age of seven, children are capable of thinking in abstract terms ."
"cet4","abundant","/ə'bʌndənt/","adj. 大量的，丰富的","an abundant supply of fresh water"
"cet4","abuse","/ə'bju:z, ə'bju:s | ə'bjuːz | ə'bjus/","v. 滥用，虐待","Williams abused his position as Mayor to give jobs to his friends."
"cet4","academic","/,ækə'demik | ,ækə'dɛmɪk/","adj. 学校(院)的，学术的","He possessed no academic qualifications."
"cet4","academy","/ə'kædəmi | ə'kædəmɪ/","n. 私立中学；专科院校","a military academy"
"cet4","accelerate","/ək'seləreit | ək'seləreɪt | əkˈsɛləˌret/","v. 加速","measures to accelerate the rate of economic growth"
"cet4","acceleration","/ək,selə'reiʃən | əkselə'reɪʃ(ə)n | ək'sɛlə'reʃən/","n. 加速；加速度","The latest model has excellent acceleration."
"cet4","accent","/'æksənt, æk'sent | 'æks(ə)nt; -sent | 'æksɛnt/","n. 口音，腔调；重音","He had a strong Irish accent"
"cet4","accept","/ək'sept | ə'ksept | ækˈsɛpt; əkˈsɛpt/","v. 接受；同意","Rick accepted her offer of coffee."
"cet4","acceptable","/ək'septəbl | ək'septəb(ə)l | ək'sɛptəbl/","adj. 可接受的，合意的","Students who achieve an acceptable standard will progress to degree studies."
"cet4","acceptance","/ək'septəns | ək'sept(ə)ns | ək'sɛptəns/","n. 接受，验收；承认","He wrote a letter of acceptance (=  a letter in which you agree to accept a job, university place etc  ) to the university."
"cet4","access","/'ækses, 'æksəs, æk'ses | 'ækses | 'æksɛs/","v. 获取; n. 接近，入口","Users can access their voice mail remotely."
"cet4","accessary","/ək'sesəri | ək'sesərɪ | æk'sɛsəri/","n. 同谋，从犯",""
"cet4","accessible","/ək'sesəbl | əkˈsesəbl | ək'sɛsəbl/","adj. 易接近的","The island is only accessible by boat."
"cet4","accident","/'æksidənt | 'æksɪdənt | 'æksədənt/","n. 意外的；事故","Over 70,000 people are seriously injured every year in road accidents."
"cet4","accidental","/,æksi'dentəl | æksɪ'dent(ə)l | ,æksɪ'dɛntl/","adj. 偶然的；非本质的","an accidental discharge of toxic waste"
"cet4","accommodate","/ə'kɔmədeit | ə'kɒmədeɪt | ə'kɑmədet/","v. 适合， 提供住宿","The island was used to accommodate child refugees."
"cet4","accommodation","/ə,kɔmə'deiʃən | əkɒmə'deɪʃ(ə)n | ə,kɑmə'deʃən/","n. 招待设备；预定铺位","...people rented accommodation from a service that offers 250..."
"cet4","accompany","/ə'kʌmpəni | əˈkʌmpəni/","v. 陪伴","Children under 14 must be accompanied by an adult."
"cet4","accomplish","/ə'kʌmpliʃ, ə'kɔm- | ə'kʌmplɪʃ | ə'kɑmplɪʃ/","v. 完成","We have accomplished all we set out to do."
"cet4","accord","/ə'kɔ:d | ə'kɔːd | ə'kɔrd/","v. 使一致；给予","You will not be accorded any special treatment."
"cet4","accordance","/ə'kɔ:dəns | ə'kɔːd(ə)ns | ə'kɔrdns/","n. 一致；和谐；授予",""
"cet4","according","/ə'kɔːdɪŋ | ə'kɔrdɪŋ/","adj. 相等的， 一致的， 依…而定的","...according to a new report..."
"cet4","accordingly","/ə'kɔ:diŋli | ə'kɔːdɪŋlɪ | ə'kɔrdɪŋli/","adv. 因此，所以；照着","Some of the laws were contradictory. Accordingly, measures were taken to clarify them."
"cet4","account","/ə'kaʊnt/","n. 记述；解释；帐目","The accounts for last year showed a profit of $2 million."
"cet4","accountancy","/ə'kauntənsi | ə'kaʊntənsi/","n. 会计工作； 会计学","He is studying accountancy or he is an accountancy student."
"cet4","accountant","/ə'kauntənt | ə'kaʊntənt/","n. 会计人员， 会计师","Do you want me to invite your accountant to this meeting?"
"cet4","accumulate","/ə'kju:mjuleit | ə'kju:mjəleɪt | ə'kjumjəlet/","v. 积累，增加","It is unjust that a privileged few should continue to accumulate wealth."
"cet4","accuracy","/'ækjurəsi | 'ækjʊrəsɪ | 'ækjərəsi/","n. 准确(性)；准确度","He passes the ball with unerring accuracy."
"cet4","accurate","/'ækjurət | 'ækjʊrət | 'ækjərət/","adj. 精确的，准确的","The brochure tries to give a fair and accurate description of each hotel."
"cet4","accusation","/ˌækju'zeɪʃn | ,ækju'zeʃən/","n. 谴责； 【律】 指控","The main accusation levelled against him was that he tried to avoid military service."
"cet4","accuse","/ə'kju:z | ə'kjuːz | ə'kjuz/","v. 指责；归咎于","The professor stands accused of (=  has been accused of  ) stealing his student’s ideas and publishing them."
"cet4","accustom","/ə'kʌstəm/","v. 使习惯","She tried to accustom herself to the tight bandages."
"cet4","accustomed","/ə'kʌstəmd/","adj. 惯常的；习惯的","The pans were in their accustomed places."
"cet4","ache","/eik | eɪk | ek/","v. 痛；想念; n. 疼痛","His feet were aching from standing so long."
"cet4","achieve","/ə'tʃiːv | ə'tʃiv/","v. 完成，实现","Frances achieved very good exam results."
"cet4","achievement","/ə'tʃiːvm(ə)nt | ə'tʃivmənt/","n. 完成；成就，成绩","His great achievement is to make all the players into a united team."
"cet4","acid","/'æsid | 'æsɪd/","n. 酸；酸的，酸性的","sulphuric acid"
"cet4","acknowledge","/ək'nɔlidʒ | ək'nɑlɪdʒ/","v. 承认(…的权威)","The family acknowledge the need for change."
"cet4","acquaint","/ə'kweɪnt | ə'kwent/","vt. 使认识， 使了解","Have steps been taken to acquaint breeders with their right to apply for licenses?"
"cet4","acquaintance","/ə'kweintəns | ə'kweɪnt(ə)ns | ə'kwentəns/","n. 认识；了解；熟人","She was a casual acquaintance of my family in Vienna."
"cet4","acquire","/ə'kwaiə | ə'kwaɪə | ə'kwaɪr/","v. 获得","Manning hoped to acquire valuable works of art as cheaply as possible."
"cet4","acquisition","/ˌækwɪ'zɪʃn | ,ækwɪ'zɪʃən/","n. 取得， 获得， 习得； 获得物， 增添的人","the acquisition of language"
"cet4","acre","/'eikə | 'eɪkə | 'ekɚ/","n. 英亩(=607亩)","They own 200 acres of farmland."
"cet4","across","/ə'krɔs, ə'krɔ:s | ə'krɒs | ə'krɔs/","prep. 横过；在…对面","...The company's self-driving cars have done well over a million miles across various states in the US..."
"cet4","act","/ækt/","v. 行动；见效; n. 行为","The company acted correctly in sacking him."
"cet4","action","/'ækʃən | 'ækʃ(ə)n/","n. 行动；作用；功能","The government must take action (=  do something  ) now to stop the rise in violent crime."
"cet4","active","/'æktiv | 'æktɪv/","adj. 活跃的；积极的","games for active youngsters"
"cet4","activity","/æk'tivəti | æk'tɪvɪtɪ | æk'tɪviti/","n. 活动；活力；行动","Everyone is free to engage in peaceful political activity."
"cet4","actor","/'æktə | 'æktɚ/","n. 男演员；演剧的人","His father was an actor in the Cantonese Opera Company."
"cet4","actress","/'æktris | 'æktrɪs/","n. 女演员","She's not only a great dramatic actress but she's also very funny."
"cet4","actual","/'æktʃuəl | 'æktʃʊəl; -tjʊəl/","adj. 实际的；现行的","I’m not joking. Those were his actual words."
"cet4","actually","/'æktjʊəlɪ; -tʃʊ- | 'æktʃuəli/","adv. 实际上；竟然","I’ve known Barbara for years. Since we were babies, actually."
"cet4","acute","/ə'kju:t | ə'kjuːt | ə'kjut/","adj. 敏锐的","Young children have a particularly acute sense of smell."
"cet4","ad","/æd | 'e 'di/","n. 广告","She replied to a lonely hearts ad she spotted in the New York Times."
"cet4","adapt","/ə'dæpt/","v. 适应于","The ability to adapt is a definite asset in this job."
"cet4","add","/æd/","v. 添加，附加，掺加","If the mixture seems dry, add water."
"cet4","addiction","/ə'dikʃən | ə'dɪkʃən/","n. 上瘾","She helped him fight his drug addiction."
"cet4","addition","/ə'diʃən | ə'dɪʃ(ə)n | ə'dɪʃən/","n. 加，加法；附加物","This is a fine book; a worthy addition to the series."
"cet4","additional","/ə'diʃənəl | ə'dɪʃənl/","adj. 额外的","Additional information can be obtained from the centre."
"cet4","address","/ə'dres | ə'drɛs/","v. 解决","...some countries have taken measures to address the effects of the global crisis..."
"cet4","adequate","/'ædikwit | ˈædɪkwət/","adj. 足够的","Farmers have been slow to make adequate provision for their retirement."
"cet4","adjective","/'ædʒiktiv | 'ædʒɪktɪv/","n. 形容词; adj. 形容词的","In “the black cat” the adjective “black”modifies the noun “cat”."
"cet4","adjust","/ə'dʒʌst/","v. 调整，调节；校正","Check and adjust the brakes regularly."
"cet4","administration","/əd,mini'streiʃən | ədmɪnɪ'streɪʃ(ə)n | əd,mɪnɪ'streʃən/","n. 管理，政府","We’re looking for someone with experience in administration."
"cet4","administrative","/əd'ministrətiv | ədˈmɪnɪstrətɪv | əd'mɪnɪstretɪv/","adj. 管理的","The job is mainly administrative."
"cet4","admiration","/,ædmə'reiʃən | ædmə'reɪʃ(ə)n | ,ædmə'reʃən/","n. 钦佩，称赞","Daniel gazed at her in admiration ."
"cet4","admire","/əd'maiə | ədˈmaɪr/","v. 钦佩，称赞","I really admire the way she brings up those kids all on her own."
"cet4","admission","/əd'miʃən | əd'mɪʃən/","n. 准许进(加)入；入场费；承认","Reese, by his own admission , lacks the necessary experience."
"cet4","admit","/əd'mit | əd'mɪt/","v. 承认，容许","‘Okay, so maybe I was a little bit scared,’ Jenny admitted."
"cet4","adopt","/ə'dɔpt | ə'dɒpt | ə'dɑpt/","v. 收养；采用；采取","Sally was adopted when she was four."
"cet4","adoptive","/ə'dɒptɪv | ə'dɑptɪv/","adj. 收养关系的； 采用的","He was brought up by adoptive parents in Kentucky."
"cet4","adult","/'ædʌlt, ə'dʌlt | 'ædʌlt; ə'dʌlt | 'ædʌlt/","n. 成年人; adj. 成年的","Some children find it difficult to talk to adults."
"cet4","advance","/əd'vɑ:ns, əd'væns | əd'vɑ:ns | əd'væns/","v & n. 前进，提前","I should warn you in advance that I’m not a very good dancer."
"cet4","advanced","/əd'vɑ:nst, -'vænst | ədˈvɑ:nst | əd'vænst/","adj. 高级的","advanced learners of English"
"cet4","advancement","/əd'vɑ:nsmənt, əd'væns- | əd'vɑːnsm(ə)nt | əd'vænsmənt/","n. 进步，提升","career advancement"
"cet4","advantage","/əd'vɑ:ntidʒ, əd'væn- | əd'vɑːntɪdʒ | əd'væntɪdʒ/","n. 优点，优势；好处","Younger workers tend to be at an advantage (=  have an advantage  ) when applying for jobs."
"cet4","adventure","/əd'ventʃə, æd- | əd'ventʃə | əd'vɛntʃɚ/","n. 冒险；惊险活动","Come on – where’s your sense of adventure?"
"cet4","adverb","/'ædvə:b | 'ædvɜːb | 'ædvɝb/","n. 副词","Will you please compare the adverb “well”?"
"cet4","adversity","/əd'və:səti | ədˈvɜ:səti | əd'vɝsəti/","n. 逆境，不幸","his courage in the face of adversity"
"cet4","advertise","/'ædvətaɪz | 'ædvɚtaɪz/","vt. 为…做广告， 宣传； 公告； 登广告","They no longer advertise alcohol or cigarettes at sporting events."
"cet4","advertisement","/əd'və:tismənt, ,ædvə'taizmənt | əd'vɜːtɪzm(ə)nt; -tɪs- | ,ædvɚ'taɪzmənt/","n. 广告；公告；登广告","They put an advertisement in ‘The Morning News’, offering a high salary for the right person."
"cet4","advice","/əd'vais | ədˈvaɪs | ædˈvaɪs; əd'vaɪs/","n. 建议","You should have followed my advice."
"cet4","advisable","/əd'vaizəbl | əd'vaɪzəb(ə)l | əd'vaɪzəbl/","n. 明智的；可取的","I deem it advisable to buy property now."
"cet4","advise","/əd'vaiz | əd'vaɪz/","v. 劝告；建议；通知","She needed someone to advise her."
"cet4","advisory","/əd'vaizəri | əd'vaɪzərɪ | əd'vaɪzəri/","n. 报告","The State Department issues travel advisories about conditions overseas."
"cet4","advocate","/'ædvəkeit, 'ædvəkət | 'ædvəkeɪt | ˈædvəkeɪt；-et/","n & v. 倡导","Mr. Williams is a conservative who advocates fewer government controls on business."
"cet4","advocator","/'ædvəkeitə | 'ædvəkeɪtə/","n. 主张者，倡导者",""
"cet4","aeroplane","/'εərəplein | 'eərəpleɪn | 'ɛrə'plen/","n. 飞机","The aeroplane landed us at the airport in Barcelona."
"cet4","affair","/ə'fεə | ə'feə | ə'fɛr/","n. 事情，事件；事务","Are you interested in world affairs?"
"cet4","affect","/ə'fekt, 'æfekt | ə'fekt | ə'fɛkt/","v. 影响；感动","the areas affected by the hurricane"
"cet4","affection","/ə'fekʃən | ə'fekʃ(ə)n | ə'fɛkʃən/","n. 慈爱，爱；爱慕","She looked back on those days with affection ."
"cet4","affectionate","/ə'fekʃ(ə)nət | ə'fɛkʃənət/","adj. 深情的，柔情的","an affectionate hug"
"cet4","affirm","/ə'fə:m | ə'fɜːm | ə'fɝm/","v. 断言，声明","The general affirmed rumors of an attack."
"cet4","affirmation","/,æfə'meiʃən | ,æfə:'meiʃən | ,æfɚ'meʃən/","n. 断言，肯定","On the other hand, when he/she is being positive, reply in affirmation and enthusiasm."
"cet4","afford","/ə'fɔ:d | ə'fɔːd | ə'fɔrd/","v. 负担得起","I couldn’t afford the rent on my own."
"cet4","afraid","/ə'freid | ə'freɪd | ə'fred/","adj. 害怕的；担心的","There’s no need to be afraid."
"cet4","Africa","/'æfrikə | 'æfrɪkə | ˈæfrɪkə/","n. 非洲","The giraffe ranges in Africa."
"cet4","African","/'æfrikən | 'æfrɪk(ə)n | 'æfrɪkən/","adj. 非洲的; n. 非洲人","...the African continent."
"cet4","after","/'ɑ:ftə, 'æf- | 'ɑːftə | 'æftɚ/","prep. 在…以后；次于","After the war many soldiers stayed in France."
"cet4","afternoon","/,ɑ:ftə:'nu:n, ,æf-, 'ɑ:ftə'nu:n, 'æf- | ɑːftə'nuːn | ,æftɚ'nun/","n. 下午，午后","There’s a meeting on Thursday afternoon ."
"cet4","afterward","/'ɑ:ftəwəd, 'æf- | 'ɑːftəwəd | ˈæftərwərd/","adv. 后来，以后","Shortly afterward, police arrested four suspects."
"cet4","again","/ə'gen; ə'geɪn | ə'ɡɛn/","adv. 又一次；而且","Can you say that again? I didn’t hear."
"cet4","against","/ə'genst; ə'geɪnst | ə'ɡɛnst/","prep. 倚在；逆，对着","There was a ladder propped up against the wall."
"cet4","age","/eidʒ | eɪdʒ | edʒ/","n. 年龄；时代; v. 变老","Francis is the same age as me."
"cet4","agency","/'eidʒənsi | 'eɪdʒənsɪ | 'edʒənsi/","n. 机构","a UN agency responsible for helping refugees"
"cet4","agenda","/ə'dʒendə | ə'dʒɛndə/","n. 议事日程","The Republicans have stuck to their conservative agenda."
"cet4","agent","/'eidʒənt | 'eɪdʒ(ə)nt | 'edʒənt/","n. 代理商","Our agent in Rio deals with all our Brazilian business."
"cet4","aggressive","/ə'ɡresiv | ə'gresɪv | ə'ɡrɛsɪv/","adj. 挑衅的，好斗的；有上进心的","Jim’s voice became aggressive."
"cet4","ago","/ə'ɡəu | ə'gəʊ | ə'ɡo/","adv. 以前","They moved to a new house some time ago (=  a fairly long time ago  ) ."
"cet4","agony","/'æɡəni | 'ægənɪ/","n. 极度痛苦","the agony of arthritis"
"cet4","agree","/ə'griː | ə'ɡri/","v. 同意；持相同意见","Teenagers and their parents rarely agree."
"cet4","agreement","/ə'ɡri:mənt | ə'griːm(ə)nt | ə'grimənt/","n. 协定，协议；同意","It is easier for two parties to reach agreement than for three."
"cet4","agriculture","/'ægrɪkʌltʃə | 'æɡrɪkʌltʃɚ/","n. 农业，农艺；农学","More than 75% of the land is used for agriculture."
"cet4","ahead","/ə'hed | ə'hɛd/","adv. 在前；向前；提前","He kept his gaze fixed on the car ahead."
"cet4","aid","/eid | eɪd | ed/","n. 帮助，救护；助手","Foreign aid from many countries poured into the famine area."
"cet4","aim","/eɪm | em/","v. 瞄准，针对；致力","Denver aimed his gun but did not shoot."
"cet4","air","/εə | eə | ɛr/","n. 空气；空中；外观","Let’s go outside and get some fresh air."
"cet4","aircraft","/'εəkrɑ:ft | 'eəkrɑːft | 'ɛr'kræft/","n. 飞机，飞行器","The return flight of the aircraft was delayed."
"cet4","airline","/'εəlain | 'eəlaɪn | 'ɛrlaɪn/","n. 航空公司；航线","an airline pilot"
"cet4","airplane","/'εəplein | 'eəpleɪn | ˈerpleɪn/","n. 飞机","The airplane cracked up in landing."
"cet4","airport","/'εəpɔ:t | 'eəpɔːt | 'ɛr'pɔrt/","n. 机场，航空站","The plane landed at Heathrow Airport."
"cet4","alarm","/ə'lɑːm | ə'lɑrm/","n. 惊恐，忧虑；警报","I forgot to set the burglar alarm."
"cet4","album","/'ælbəm/","n. 粘贴簿，集邮簿，像册","a photograph album"
"cet4","alcohol","/'ælkəhɔl | 'ælkəhɒl/","n. 酒精","I don’t drink alcohol anymore."
"cet4","alert","/ə'lə:t | ə'lɜːt | ə'lɝt/","v. 提醒；; adj. 机警的","The animal raised its head, suddenly alert."
"cet4","alike","/ə'laik | ə'laɪk/","adj. 同样的，相同的","My mother and I are alike in many ways."
"cet4","alive","/ə'laiv | ə'laɪv/","adj. 活着的；活跃的","It was a bad accident – they’re lucky to be alive."
"cet4","all","/ɔ:l | ɔːl | ɔl/","adj. 全部的; prep. 全部","...Don’t you remember all those things we used to believe when we were little..."
"cet4","alliance","/ə'laɪəns/","n. 结盟， 联盟","independent organizations and alliances"
"cet4","allocate","/'æləkeɪt | 'æləket/","vt. 分配， 分派， 把…拨给","Tickets are limited and will be allocated to those who apply first."
"cet4","allow","/ə'lau | ə'laʊ/","v. 允许，准许；任","We don’t allow diving in the pool."
"cet4","allowance","/ə'lauəns | ə'laʊəns/","n. 津贴， 补贴； 零用钱","Sales staff get a generous mileage allowance or a company car."
"cet4","alloy","/'ælɔi, ə'lɔi | 'ælɒɪ | 'ælɔɪ/","n. 合金；(金属的)成色","Brass is an alloy of copper and zinc."
"cet4","ally","/'ælaɪ/","v. 结盟， 联合; n. 同盟国， 同盟者； 支持者","He will have no choice but to ally himself with the new movement."
"cet4","almost","/'ɔ:lməust | 'ɔːlməʊst | 'ɔlmost/","adv. 几乎，差不多","Have you almost finished?"
"cet4","alone","/ə'ləun | ə'ləʊn | ə'lon/","adj. 单独的; adv. 单独地","She lives alone ."
"cet4","along","/ə'lɔŋ | ə'lɒŋ/","prep. 沿着; adv. 向前","We were driving along Follyfoot Road."
"cet4","alongside","/əˌlɒŋ'saɪd | ə'lɔŋ'saɪd/","adv. 在旁边，沿着边，并排地; prep. 在…旁边， 沿着…的边； 和…在一起","A car drew up alongside ."
"cet4","aloud","/ə'laud | ə'laʊd/","adv. 出声地，大声地","When we were children, our father read aloud to us."
"cet4","alphabet","/'ælfəbet | 'ælfə'bɛt/","n. 字母表，字母系统","The modern Russian alphabet has 31 letters."
"cet4","already","/ɔ:l'redi | ɔːl'redɪ | ɔl'rɛdi/","adv. 早已，已经","The design of the new house is similar to those that have already been built."
"cet4","also","/'ɔ:lsəu | 'ɔːlsəʊ | 'ɔlso/","adv. 亦，也；而且，还","Information is also available on women’s health care."
"cet4","alter","/'ɔ:ltə | 'ɔ:ltə(r) | 'ɔltɚ/","v. 改变","Her face hadn’t altered much over the years."
"cet4","alternative","/ɔ:l'tə:nətiv | ɔ:lˈtɜ:nətɪv | ɔl'tɝnətɪv/","n. 代替品","New ways to treat arthritis may provide an alternative to painkillers."
"cet4","although","/ɔːl'ðəʊ; ɒl- | ɔl'ðo/","conj. 尽管，虽然","Although in poor health, she continued to carry out her duties."
"cet4","altitude","/'ælti,tju:d | 'æltɪtud/","n. 海拔, 高度","The aircraft had reached its cruising altitude of about 39,000 feet."
"cet4","altogether","/,ɔ:ltə'ɡeðə | ɔːltə'geðə; ɒl- | ,ɔltə'ɡɛðɚ/","adv. 完全；总而言之","an old custom that has vanished altogether"
"cet4","aluminium","/,ælju'minjəm | æl(j)ʊ'mɪnɪəm | ,æljə'mɪnɪəm/","n. 铝","recycled aluminium cans"
"cet4","always","/'ɔ:lweiz, -wiz | 'ɔːlweɪz; -ɪz | 'ɔlwez/","adv. 总是，一直；永远","Always lock your bicycle to something secure."
"cet4","amateur","/'æmətə | ˈæmətər/","adj. 业余爱好的， 业余的； 外行的; n. 业余爱好者；外行","...professional athletes and amateur runners."
"cet4","amaze","/ə'meiz | ə'meɪz | ə'mez/","v. 使吃惊","Dave amazed his friends by suddenly getting married."
"cet4","ambassador","/æm'bæsədə | æm'bæsədɚ/","n. 大使， 使节， 派驻国际组织的代表","...the German ambassador to Poland."
"cet4","ambition","/æm'biʃən | æm'bɪʃ(ə)n | æm'bɪʃən/","n. 雄心，抱负，野心","He was young and full of ambition."
"cet4","ambitious","/æm'biʃəs | æm'bɪʃəs/","adj. 有雄心的，野心勃勃的","Alfred was intensely ambitious, obsessed with the idea of becoming rich."
"cet4","ambulance","/'æmbjuləns | 'æmbjʊl(ə)ns | 'æmbjələns/","n. 救护车；野战医院","the ambulance service"
"cet4","America","/ə'merikə | ə'merɪkə | əˈmɛrɪkə/","n. 美洲；美国","I may go to America or I may not,it all depends."
"cet4","American","/əmerɪkən | əˈmɛrɪkən/","adj. 美洲的; n. 美国人","Her mother is American."
"cet4","amid","/ə'mɪd/","prep. 在…中间， 在…之中， 被…围绕","He sat amid the trees."
"cet4","among","/ə'mʌŋ/","prep. 在…之中","The girl quickly disappeared among the crowd."
"cet4","amongst","/ə'mʌŋst/","prep. 在…之中(=among)","Here in Trinity it is right that I should give you an account of how he lived amongst you during these years of his greatest achievement."
"cet4","amount","/ə'maunt | ə'maʊnt/","n. 总数；数量；和","Please pay the full amount (=  of money  ) by the end of the month."
"cet4","ampere","","n. 安培","And I prefer to an ampere meter being made of aluminum even though it has analog to another one."
"cet4","amplify","/'æmplifai | 'æmplɪfaɪ/","v. 放大，增强；扩大","an amplified guitar"
"cet4","amuse","/ə'mju:z | ə'mjuːz | ə'mjuz/","v. 逗…乐；给…娱乐","Doing jigsaws would amuse Amy for hours on end."
"cet4","amusing","/ə'mju:ziŋ | ə'mjuːzɪŋ | ə'mjuzɪŋ/","adj. 有趣的，好玩儿的","I don’t find his jokes at all amusing ."
"cet4","analyse","/'ænəlaiz | 'æn(ə)laɪz/","v. 分析，分解，解析","She still needs to analyse the data."
"cet4","analysis","/ə'næləsis | ə'nælɪsɪs | ə'næləsɪs/","n. 分析，分解，解析","She’s been in analysis for three years."
"cet4","analyze","/'ænəlaiz | 'ænə,laɪz/","v. 分析","How do you analyze this change?"
"cet4","ancestor","/'ænsestə | 'ænsɛstɚ/","n. 祖宗，祖先","My ancestors were French."
"cet4","anchor","/'æŋkə | 'æŋkɚ/","n. 锚; v. 抛锚，停泊","We dropped anchor a few yards offshore."
"cet4","ancient","/'einʃənt | 'eɪnʃənt | ˈeɪnʃənt/","adj. 古代的","the ancient civilizations of Asia"
"cet4","and","/ənd; (ə)n; ænd | ənd, ən,ænd/","conj. 和，又，并，则","He’s gone to get some fish and chips."
"cet4","angel","/'eindʒəl | 'eɪndʒ(ə)l | 'endʒl/","n. 天使，神差，安琪儿","the angel Gabriel"
"cet4","anger","/'æŋɡə | 'æŋgə | 'æŋɡɚ/","n. 怒，愤怒; v. 使发怒","There is growing anger among the people against the government."
"cet4","angle","/'æŋg(ə)l | 'æŋɡl/","n. 角，角度","You didn’t measure the angle accurately."
"cet4","angry","/'æŋɡri | 'æŋgrɪ/","adj. 愤怒的，生气的","I was angry because he hadn’t told me his plans."
"cet4","animal","/'æniməl | 'ænɪm(ə)l | 'ænɪml/","n. 动物，兽; adj. 动物的","furry little animals"
"cet4","ankle","/'æŋkl | 'æŋk(ə)l/","n. 踝，踝节部","slender ankles"
"cet4","anniversary","/ˌænɪ'vɜːsəri | ,ænɪ'vɝsəri/","n. 周年纪念日","Jack and Kim celebrated their twentieth wedding anniversary in January."
"cet4","announce","/ə'nauns | ə'naʊns/","v. 宣布，声称","They announced their engagement in ‘The Times’."
"cet4","announcer","/ə'naunsə | ə'naʊnsə | ə'naʊnsɚ/","n. 宣告者；播音员","The radio announcer said it was nine o'clock."
"cet4","annoy","/ə'nɔi | ə'nɒɪ | ə'nɔɪ/","v. 使反感，厌烦","Try making a note of the things that annoy you."
"cet4","annual","/'ænjuəl/","adj. 每年的","The school trip has become an annual event."
"cet4","annually","/'ænjuəli | 'ænjʊəlɪ/","adv. 每年，一年一次","This is a perennating rhizome from which flowering shoots arise annually."
"cet4","anonymous","/ə'nɒnɪməs | ə'nɑnəməs/","adj. 匿名的； 无名的； 无特色的","the anonymous author of a collection of poems"
"cet4","another","/ə'nʌðə | ə'nʌðɚ/","adj. 再一个的；别的","Can you cite another case like this one?"
"cet4","answer","/'ɑ:nsə, 'æn- | 'ɑːnsə | 'ænsɚ/","v. 回答；响应；适应","She thought for a moment before answering."
"cet4","ant","/ænt/","n. 蚂蚁","Ants swarmed up out of the ground and covered her shoes and legs."
"cet4","anticipate","/æn'tisipeit | æn'tɪsɪpeɪt | æn'tɪsə'pet/","v. 预感","Sales are better than anticipated."
"cet4","antique","/æn'ti:k | æn'tik/","n. 古玩，古董","The palace is full of priceless antiques."
"cet4","anxiety","/æŋ'zaiəti | æŋ'zaɪətɪ | æŋ'zaɪəti/","n. 焦虑，忧虑；渴望","his feelings of anxiety"
"cet4","anxious","/'ænkʃəs | 'æŋ(k)ʃəs | 'æŋkʃəs/","adj. 忧虑的；渴望的","She gave me an anxious look."
"cet4","any","/'eni | 'enɪ | 'ɛni/","adj. 什么，一些；任何的","We could not reason out which way the robbers escaped, because we were unable to find any trace of them."
"cet4","anybody","","prep. 任何人","You should have a try, don't swallow anybody."
"cet4","anyhow","/'enihau | 'enɪhaʊ | 'ɛnɪ'haʊ/","adv. 无论如何","You know nothing about her really, or about yourself in relation to her, and anyhow it's only one of those things and therefore it's of no importance."
"cet4","anyone","/'enɪwʌn | 'ɛnɪ'wʌn/","pron. 任何人","Anyone could win tonight."
"cet4","anything","/'eniθiŋ | 'enɪθɪŋ | 'ɛnɪ'θɪŋ/","pron. 任何事物；一切","You can buy anything you want."
"cet4","anyway","/'eniwei | 'enɪweɪ | 'ɛnɪ'we/","adv. 无论如何","...But anyway I'll send him an email to request a meeting..."
"cet4","anywhere","/'enihwεə | 'enɪweə | 'ɛnɪwɛr/","adv. 在什么地方","I haven't got anywhere to live."
"cet4","apart","/ə'pɑ:t | ə'pɑːt | ə'pɑrt/","adv. 相隔；分开；除去","They have offices in countries as far apart as India and Peru."
"cet4","apartment","/ə'pɑ:tmənt | əˈpɑ:tmənt | ə'pɑrtmənt/","n. 公寓","She lives in a small apartment."
"cet4","apologize","/ə'pɔlədʒaiz | ə'pɒlədʒaɪz | ə'pɑlədʒaɪz/","v. 道歉，谢罪，认错","I’m so sorry, I do apologize."
"cet4","apology","/ə'pɔlədʒi | ə'pɒlədʒɪ | ə'pɑlədʒi/","n. 道歉，认错，谢罪","Edward can’t be here today, but he sends his apologies ."
"cet4","apparatus","/ˌæpəˈreɪtəs | ˌæpəˈrætəs/","n. 器械，仪器；器官","Astronauts have special breathing apparatus."
"cet4","apparent","/ə'pærənt | ə'pær(ə)nt/","adj. 表面上的；明显的","The difference in quality was immediately apparent ."
"cet4","appeal","/ə'pi:l | ə'piːl | ə'pil/","n &v. 吸引，呼吁","The girl’s family have made a public appeal for help to try and catch her killer."
"cet4","appealing","/ə'pi:liŋ | əˈpi:lɪŋ | əˈpiːlɪŋ/","adj. 吸引人的","The city offers an appealing combination of sporting and cultural events."
"cet4","appear","/ə'pɪə | ə'pɪr/","v. 出现；来到；似乎","Police have found what appear to be human remains."
"cet4","appearance","/ə'piərəns | ə'pɪər(ə)ns | ə'pɪrəns/","n. 外表, 出现","He was always criticising his wife’s appearance."
"cet4","appetite","/'æpitait | 'æpɪtaɪt/","n. 欲望, 胃口","Her husband always had a huge appetite."
"cet4","applause","/ə'plɔːz | ə'plɔz/","n. 鼓掌， 掌声","She got a round of applause (=  a short period of applause  ) when she finished."
"cet4","apple","/'æp(ə)l | 'æpl/","n. 苹果，苹果树","apple pie"
"cet4","appliance","/ə'plaiəns | ə'plaɪəns/","n. 用具，器具，器械","The device most often used to do this is a load balancer, which is an appliance that accepts requests from the outside world and hands them off to the next available application server."
"cet4","applicable","/'æplikəbl, ə'plikə- | ə'plɪkəb(ə)l; 'æplɪk- | 'æplɪkəbl/","adj. 能应用的；适当的","What is a reasonable standard for one family is not applicable for another."
"cet4","applicant","/'æplikənt | 'æplɪkənt/","n. 申请人","We have had lots of applicants for these positions."
"cet4","application","/,æpli'keiʃən | ˌæplɪ'keɪʃ(ə)n | ˌæpləˈkeʃən/","n. 申请，应用","We receive hundreds of job applications each year."
"cet4","apply","/ə'plai | ə'plaɪ/","v. 应用, 申请","We need to apply for planning permission to build a garage."
"cet4","appoint","/ə'pɔint | ə'pɔɪnt/","v. 任命，委派；约定，确定，指定","officials appointed by the government"
"cet4","appointment","/ə'pɔintmənt | əˈpɔɪntmənt | ə'pɔɪntmənt/","n. 约会","All consultations are by appointment only ."
"cet4","appreciate","/ə'pri:ʃieit | ə'pri:ʃɪeɪt | ə'priʃɪet/","v. 感激，欣赏","Thanks ever so much for your help, I really appreciate it."
"cet4","appreciation","/ə,pri:ʃi'eiʃən | ə,priʃɪ'eʃən/","n. 评价，感激","He was presented with a watch in appreciation of his long service."
"cet4","approach","/ə'prəutʃ | ə'protʃ/","v. 靠近; n. 接近，方法","As I approached the house, I noticed a light on upstairs."
"cet4","appropriate","/ə'prəʊprɪət | əˈpropriɪt/","adj. 适当的，恰当的","The timing of the announcement was particularly appropriate ."
"cet4","approval","/ə'pru:vəl | ə'pruːv(ə)l | əˈpruvl/","n. 批准，认可，赞成","The president has already given his approval to the plan."
"cet4","approve","/ə'pru:v | ə'prʊv/","v. 赞成，同意","You've never approved of Henry, have you?"
"cet4","approximate","/ə'prɔksimit | ə'prɒksɪmət | ə'prɑksɪmət/","adj. 近似的; v. 近似","For each approximate solution of a parameterized problem, the app also displays the margin of error."
"cet4","approximately","/ə'prɔksimitli | ə'prɑksɪmətli/","adv. 大约","...and we must add approximately 6 billion private languages since each one of us necessarily has one..."
"cet4","April","/'eiprəl | 'eɪprəl | 'eprəl/","n. 四月","The changes will be introduced in April."
"cet4","Arabian","/ə'reibiən | ə'reɪbɪən | ə'rebiən/","adj. 阿拉伯的","...the Arabian Peninsula."
"cet4","arbitrary","/'ɑ:bitrəri | 'ɑːbɪt(rə)rɪ | ˈɑːrbətreri/","adj. 随心所欲的；专断的","an arbitrary decision"
"cet4","architect","/'ɑ:kitekt | 'ɑːkɪtekt | 'ɑrkɪtɛkt/","n. 建筑师","But I am an architect."
"cet4","architecture","/'ɑːkɪtektʃə | 'ɑrkə'tɛktʃɚ/","n. 建筑学；建筑式样","He studied architecture at university."
"cet4","archive","/'ɑ:kaiv | 'ɑ:kaɪv | 'ɑrkaɪv/","n. 档案文件","an archive of the writer’s unpublished work"
"cet4","area","/'εəriə | 'eərɪə | 'ɛrɪə/","n. 面积；地区；领域","Only cheeses made in this area may be labelled ‘Roquefort.’"
"cet4","argue","/'ɑɡju: | 'ɑːgjuː | 'ɑrgjʊ/","v. 争论，争辩，辩论","We could hear the neighbours arguing."
"cet4","argument","/'ɑ:ɡjumənt | 'ɑːgjʊm(ə)nt | 'ɑrɡjumənt/","n. 争论，辩论；理由","We need to provide a convincing argument as to why the system should be changed."
"cet4","arise","/ə'raiz | ə'raɪz/","v. 出现；由…引起","A crisis has arisen in the Foreign Office."
"cet4","arithmetic","/ə'riθmətik, ,æriθ'metik | ə'rɪθmətɪk/","n. 算术，四则运算","...teaching the basics of reading, writing and arithmetic."
"cet4","arm","/ɑːm | ɑrm/","n. 臂；臂状物；武器","Dave has a broken arm ."
"cet4","army","/'ɑ:mi | 'ɑːmɪ | 'ɑrmi/","n. 军队；陆军","The army are helping to clear up after the floods."
"cet4","around","/ə'raund | ə'raʊnd/","prep. 在…周围","What an inspiration she was to all around her!"
"cet4","arouse","/ə'rəuz | ə'raʊz/","v. 引起，唤起；唤醒","Matt’s behavior was arousing the interest of the neighbors."
"cet4","arrange","/ə'reindʒ | ə'reɪndʒ | ə'rendʒ/","v. 把…（系统地）分类","...I think the best thing for you to do is do reply a writing to the advertisement.W: Can’t I arrange for an interview now..."
"cet4","arrangement","/ə'reindʒmənt | ə'reɪn(d)ʒm(ə)nt | ə'rendʒmənt/","n. 整理，排列；安排","Have you made all your travel arrangements?"
"cet4","arrest","/ə'rest | ə'rɛst/","v. 逮捕","He was arrested and charged with murder."
"cet4","arrival","/ə'raivəl | ə'raɪv(ə)l | ə'raɪvəl/","n. 到达；到来；到达者","Only the timely arrival of the police prevented the situation from becoming worse."
"cet4","arrive","/ə'raɪv/","v. 到达；来临；达到","Give me a call to let me know you’ve arrived safely."
"cet4","arrow","/'ærəu | 'ærəʊ | 'æro/","n. 箭；箭状物","Follow the arrows to the X-ray department."
"cet4","art","/ɑ:t | ɑːt | ɑrt/","n. 艺术，美术；技术","the Museum of Modern Art in New York"
"cet4","article","/'ɑ:tikəl | 'ɑːtɪk(ə)l | 'ɑrtɪkl/","n. 文章；条款；物品","The paper’s leading article (=  the main article  ) described the government as weak."
"cet4","artificial","/,ɑ:ti'fiʃəl | ɑːtɪ'fɪʃ(ə)l | ,ɑrtɪ'fɪʃl/","adj. 人工的；娇揉造作的","artificial flowers"
"cet4","artist","/'ɑ:tist | 'ɑːtɪst | 'ɑrtɪst/","n. 艺术家，美术家","an exhibition of paintings by local artists"
"cet4","artistic","/ɑ:'tistik | ɑː'tɪstɪk | ɑr'tɪstɪk/","adj. 艺术的；艺术家的","artistic work"
"cet4","as","/æz | æz; əz | æz,əz/","conj. 当…的时候","I saw Peter as I was getting off the bus."
"cet4","ash","/æʃ/","n. 灰，灰末；骨灰","cigarette ash"
"cet4","ashamed","/ə'ʃeimd | ə'ʃeɪmd | ə'ʃemd/","adj. 害羞的","Everyone cries sometimes – it’s nothing to be ashamed of."
"cet4","Asia","/'eiʃə | ˈeɪʒə;ˈeɪʃə | ˈeʒə;ˈeʃə/","n. 亚洲","The European powers extended their authority in Asia."
"cet4","Asian","/'eiʃən | ˈeʒən, ˈeʃən/","adj. 亚洲的; n. 亚洲人","The financial crisis devitalized the economy of the Asian countries."
"cet4","aside","/ə'said | ə'saɪd/","adv. 在旁边，到旁边","He pushed his half-eaten salad aside and left."
"cet4","ask","/ɑ:sk, æsk | ɑːsk | æsk/","v. 问；要求；邀请","‘What’s your name?’ she asked."
"cet4","asleep","/ə'sli:p | ə'sliːp | ə'slip/","adj. 睡着的，睡熟的","Quiet! The baby’s asleep."
"cet4","aspect","/'æspekt | 'æspɛkt/","n. 方面；样子，外表","a south-facing aspect"
"cet4","assemble","/ə'sembl | ə'sɛmbl/","v. 组装；集合","A large crowd had assembled outside the American embassy."
"cet4","assembly","/ə'sembli | ə'semblɪ | ə'sɛmbli/","n. 装配","instructions for assembly"
"cet4","assess","/ə'ses | əˈses | ə'sɛs/","v. 评价","The test was to assess aptitude rather than academic achievement."
"cet4","asset","/'æset | 'æsɛt/","n. 有价值的人(或物)资产","the value of a company’s assets"
"cet4","assign","/ə'sain | ə'saɪn/","v. 分配，布置","When I taught, I would assign a topic to children that they would write about."
"cet4","assignment","/ə'sainmənt | ə'saɪnmənt/","n. 作业","a history assignment"
"cet4","assist","/ə'sist | ə'sɪst/","v. 援助，帮助；搀扶","The family decided to assist me with my chores."
"cet4","assistance","/ə'sɪstəns/","n. 协助， 援助","We offer financial assistance to students."
"cet4","assistant","/ə'sistənt | ə'sɪst(ə)nt | ə'sɪstənt/","n. 助手，助理；助教","a clerical assistant"
"cet4","associate","/ə'səuʃieit, ə'səuʃiət, -eit | ə'səuʃieit | ə'soʃɪet/","v. 交往；把……联系起来","Through science we've got the idea of associating progress with the future."
"cet4","association","/ə,səusi'eiʃən, ə,səuʃi'ei- | əsəʊsɪ'eɪʃ(ə)n; -ʃɪ- | ə,soʃɪ'eʃən/","n. 协会，团体；联合","the Association of Master Builders"
"cet4","assume","/ə'sjuːm | ə'sum/","v. 假定，认为","I think we can safely assume (=  it is almost certain  ) that interest rates will go up again soon."
"cet4","assumption","/ə'sʌmpʃən | ə'sʌmpʃn/","n. 假定，假设","You would be making an assumption that's not based on any fact that you could report."
"cet4","assure","/ə'ʃuə | ə'ʃʊə; ə'ʃɔː | ə'ʃʊr/","v. 使确信；向…保证","The document is genuine, I can assure you ."
"cet4","astonish","/ə'stɔniʃ | ə'stɒnɪʃ | ə'stɑnɪʃ/","v. 使惊讶，使大为吃惊","Her reply astonished me."
"cet4","astronaut","/'æstrənɔ:t | 'æstrənɔːt | 'æstrə'nɔt/","n. 宇宙航行员，宇航员",""
"cet4","astrophysics","/ˌæstrəu'fɪzɪks | ,æstro'fɪzɪks/","n. 天体物理学","We provide courses in the field of physics, astrophysics and mathematics."
"cet4","at","/æt; ət/","prep. 在…里；在…时","They live at 18 Victoria Street."
"cet4","athlete","/'æθli:t | 'æθliːt | 'æθlit/","n. 运动员；田径运动员","a professional athlete"
"cet4","Atlantic","/ət'læntik | æt'læntɪk | ət'læntɪk/","adj. 大西洋的; n. 大西洋","They underlaid the Atlantic with a cable."
"cet4","atmosphere","/'ætmə,sfiə | 'ætməsfɪr/","n. 气氛；大气；空气","The hotel had a lovely relaxed atmosphere ."
"cet4","atmospheric","/,ætməs'ferik,-kəl | ætməs'ferɪk | ,ætməs'fɛrɪk/","adj. 大气的；大气层的","atmospheric pressure"
"cet4","atom","/'ætəm/","n. 原子；微粒；微量","carbon atoms"
"cet4","atomic","/ə'tɔmik | ə'tɒmɪk | ə'tɑmɪk/","adj. 原子的；原子能的","atomic power"
"cet4","attach","/ə'tætʃ/","v. 缚，系，贴；附加","We attach labels to things before we file them away."
"cet4","attack","","vt&vi&n. 攻击，进攻","The king hight them to attack the castle."
"cet4","attain","/ə'tein | ə'teɪn | ə'ten/","v. 达到，获得，完成","More women are attaining positions of power."
"cet4","attempt","/ə'tempt | ə'tem(p)t | ə'tɛmpt/","n & v. 尝试，试图","Weather conditions prevented them from attempting the jump."
"cet4","attend","/ə'tend | ə'tɛnd/","v. 出席；照顾，护理","Only 12 people attended the meeting."
"cet4","attendance","/ə'tend(ə)ns | ə'tɛndəns/","n. 出席，到场","We have an average attendance of 4,000 fans per game."
"cet4","attention","/ə'tenʃən | ə'tenʃ(ə)n | ə'tɛnʃən/","n. 注意，留心；注意力","My attention wasn’t really on the game."
"cet4","attentive","/ə'tentiv | ə'tentɪv | ə'tɛntɪv/","adj. 注意的；有礼貌的","an attentive audience"
"cet4","attitude","/'ætɪtjuːd, -tuːd | 'ætɪtjuːd | 'ætɪtʊd/","n. 态度，看法；姿势","As soon as they found out I was a doctor, their whole attitude changed."
"cet4","attorney","/ə'tɜːni | ə'tɝni/","n. 律师， 代理人","...a prosecuting attorney."
"cet4","attract","/ə'trækt/","v. 吸引；引起，诱惑","I’m not usually attracted to blondes."
"cet4","attraction","/ə'trækʃən | ə'trækʃ(ə)n/","n. 吸引；吸引力；引力","The beautiful beaches are the island’s main attraction (=  most popular place, activity etc  ) ."
"cet4","attractive","/ə'træktiv | ə'træktɪv/","adj. 有吸引力的","an attractive young woman"
"cet4","attribute","/ə'tribju:t, 'ætribju:t | ə'trɪbjuːt | ə'trɪbjut/","v. 归因于","Women tend to attribute their success to external causes such as luck."
"cet4","audience","/'ɔːdɪəns | 'ɔdɪəns/","n. 听众，观众，读者","The audience began clapping and cheering."
"cet4","audio","/'ɔːdiəu | 'ɔdɪo/","adj. 听觉的， 声音的","audio and video equipment"
"cet4","August","/'ɔːɡəst | ɔ:ˈgʌst | ɔɡəst/","n. 八月","The world premiere took place in August 1956."
"cet4","aunt","/ɑ:nt, ænt | ɑːnt | ænt/","n. 伯母，婶母，姑母","Aunt Mary"
"cet4","aural","","adj. 耳的，听觉的","an aural stimulus"
"cet4","Australia","/ɔ'streiljə | ɒ'streɪlɪə | ɔ'streljə/","n. 澳大利亚","He transplanted his family to Australia."
"cet4","Australian","/ɔ:'streɪljən | ɑ'strelɪən/","adj. 澳大利亚的","She went solo backpacking for eight months in the Australian outback."
"cet4","author","/'ɔ:θə | 'ɔːθə | 'ɔθɚ/","n. 作者，作家","Nothomb is a Belgian author."
"cet4","authoritative","/ɔ:'θɔritətiv | ɔː'θɒrɪtətɪv | ə'θɔrətetɪv/","adj. 权威的","the most authoritative work on English surnames"
"cet4","authority","/ɔ:'θɔrəti | ɔː'θɒrɪtɪ | ə'θɔrəti/","n. 当局，官方；权力","an agreement between the US and Colombian authorities"
"cet4","auto","/'ɔ:təu | 'ɔːtəʊ | 'ɔto/","n. (口语)汽车","imported autos"
"cet4","automatic","/,ɔ:tə'mætik | ˌɔ:tə'mætɪk | 'ɔtə'mætɪk/","adj. 自动的","an automatic weapon"
"cet4","automation","/,ɔ:tə'meiʃən | ɔːtə'meɪʃ(ə)n | ,ɔtə'meʃən/","n. 自动，自动化","They phrase in new machinery for increased automation."
"cet4","automobile","/'ɔːtəməbiːl | ,ɔtəmə'bil/","n. 汽车，机动车","the automobile industry"
"cet4","autumn","/'ɔ:təm | 'ɔːtəm | 'ɔtəm/","n. 秋，秋季","autumn mists"
"cet4","auxiliary","/ɔ:ɡ'ziljəri | ɔːg'zɪlɪərɪ; ɒg- | ɔːɡ'zɪlɪəri/","adj. 辅助的；附属的","an auxiliary nurse"
"cet4","avail","/ə'veɪl | ə'vel/","v. 有益, 有帮助",""
"cet4","available","/ə'veiləbl | ə'veləbl/","adj. 可利用的，现有的；可获得的","Tickets are available from the box office."
"cet4","avenue","/'æv(ə)njuː | 'ævənu/","n. 林荫道，道路；大街","Fifth Avenue"
"cet4","average","/'ævərɪdʒ/","adj. 平常的","The age of the candidates ranged from 29 to 49 with an average age of 37."
"cet4","aviate","/'eivieit | 'eɪvɪeɪt | 'evɪet/","v. 驾驶飞机","There is long-distance medical system in the boat, aviate board has near one thousand square meters , can help many model copters rise and drop."
"cet4","aviation","/,eivi'eiʃən | ,evɪ'eʃən/","n. 航空","...the aviation industry."
"cet4","avoid","/ə'vɔid | ə'vɔɪd/","v. 避免","Road safety is taught to young children to avoid road accidents."
"cet4","await","/ə'weit | ə'weɪt | ə'wet/","v. 等候，期待","Several men are awaiting trial for robbery."
"cet4","awake","/ə'weik | ə'weɪk | ə'wek/","adj. 醒着的; v. 唤醒","I hope he’s awake now."
"cet4","award","/ə'wɔ:d | ə'wɔrd/","v. 授予；判给; n. 奖(金)","Moodie has been awarded a golf scholarship at the University of Hawaii."
"cet4","aware","/ə'wεə | ə'weə | ə'wɛr/","adj. 知道的，意识到的","Mr Braley has been made aware of the need for absolute secrecy."
"cet4","awareness","/əˈweənəs | ə'wɛrnəs/","n. 意识","Health officials have tried to raise awareness (=  improve people’s knowledge  ) about AIDS."
"cet4","away","/ə'wei | ə'weɪ | əˈwe/","adv. 离开，远离；…去","Go away!"
"cet4","awful","/ˈɔ:fl | 'ɔfl/","adj. 可怕的，骇人的","The weather was awful."
"cet4","awfully","/'ɔ:fuli | 'ɔːfʊlɪ | 'ɔfli/","adv. 令人畏惧的；很","...but it is awfully inconvenient..."
"cet4","awkward","/'ɔ:kwəd | 'ɔːkwəd | 'ɔkwɚd/","adj. 笨拙的；尴尬的","I hoped he would stop asking awkward questions ."
"cet4","ax","/æks/","n. 斧子","He grinds ax on the grindstone."
"cet4","axis","/'æksis | 'æksɪs/","n. 轴，轴线；中心线","The Earth rotates on an axis between the north and south poles."
"cet4","baby","/'beibi | 'beɪbɪ | bebɪ/","n. 婴儿；孩子气的人","The baby is crying."
"cet4","back","/bæk/","adv. 在后；回原处；回","I’ll be back in a minute."
"cet4","background","/'bækɡraund | 'bækgraʊnd | 'bækɡraʊnd/","n. 背景","Students with a background in chemistry will probably find the course easier."
"cet4","backslide","/,bæk'slaid | 'bækslaɪd/","n & v. 倒退，退步","But if you backslide, Hiram says, “Start over."
"cet4","backward","/'bækwəd | 'bækwɚd/","adv. 向后的","The diver flipped over backward into the water."
"cet4","bacon","/'beɪkən | 'bekən/","n. 咸肉","bacon and eggs"
"cet4","bacteria","/bæk'tiəriə | bæk'tɪərɪə | bæk'tɪrɪə/","n. 细菌","Is it possible to multiply bacteria in the laboratory?"
"cet4","bad","/bæd/","adj. 坏的，恶的；严重的","I have some bad news for you."
"cet4","badly","/'bædli | 'bædlɪ/","adv. 坏，差；严重地","He’s been limping badly ever since the skiing accident."
"cet4","badminton","/'bædmintən | 'bædmɪnt(ə)n | 'bædmɪntən/","n. 羽毛球","Can I try you new badminton racket?"
"cet4","bag","/[bæɡ] | bæg | bæɡ/","n. 袋，包，钱包，背包","She left the hotel carrying a shopping bag."
"cet4","baggage","/'bæɡidʒ | 'bægɪdʒ | 'bæɡɪdʒ/","n. 行李","Check your baggage in at the desk."
"cet4","bake","/beik | beɪk | bek/","v. 烤，烘，焙；烧硬","I’m baking some bread."
"cet4","bakery","/'beikəri | ˈbeɪkəri | 'bekəri/","n. 面包店","A smell of bread drifted from some distant bakery."
"cet4","balance","/'bæləns | 'bæl(ə)ns/","v. 使平衡；称; n. 天平","Job losses in manufacturing were balanced by job increases in the service sector."
"cet4","balcony","/'bælkəni | 'bælkənɪ/","n. 阳台； 楼厅， 楼座","Has your flat got a balcony?"
"cet4","ball","/bɔ:l | bɔːl | bɔl/","n. 球，球状物；舞会","a ball of string"
"cet4","balloon","/bə'lu:n | bə'luːn | bə'lun/","n. 气球，玩具气球","Can you help me blow up these balloons?"
"cet4","ban","/bæn/","v. 禁止","Smoking is banned in the building."
"cet4","banana","/bə'nɑ:nə, -'næ- | bə'nɑːnə | bə'nænə/","n. 香蕉；芭蕉属植物","...a bunch of bananas."
"cet4","band","/bænd/","n. 乐队；带；波段","The band was playing old Beatles songs."
"cet4","bang","/bæŋ/","n. 巨响，枪声；猛击","a bang on the head"
"cet4","bank","/bæŋk/","n. 银行；库；岩，堤","the river bank"
"cet4","bankrupt","/'bæŋkrʌpt/","adj. 破产的，倒闭的","The firm went bankrupt before the building work was completed."
"cet4","banner","/'bænə | 'bænɚ/","n. 旗，旗帜，横幅","The onlookers were shouting, cheering, and waving banners."
"cet4","bar","/bɑː | bɑr/","n. 酒吧间；条，杆；栅","houses with bars across the windows"
"cet4","barber","/'bɑ:bə | 'bɑːbə | 'bɑrbɚ/","n. 理发师","My father marched me over to Otto, the local barber, to have my hair cut short."
"cet4","bare","/bεə | beə | bɛr/","adj. 赤裸的；仅仅的","a ragged child with bare feet"
"cet4","barely","/'bεəli | ˈbeəli | 'bɛrli/","adv. 仅仅，几乎不","She was barely aware of his presence."
"cet4","bargain","/ˈbɑːɡən | ˈbɑːɡɪn/","n. 讨价还价","Is she a bawd that she should bargain?"
"cet4","bark","","n. 吠叫声; vi. 吠，叫","Amy’s voice was a hoarse bark."
"cet4","barn","/bɑ:n | bɑːn | bɑrn/","n. 谷仓；牲口棚",""
"cet4","barrel","/'bærəl | 'bær(ə)l/","n. 桶；圆筒；枪管","The wine is aged in oak barrels."
"cet4","barrier","/'bæriə | 'bærɪə | 'bærɪɚ/","n. 栅栏，屏障；障碍","He advocated the removal of trade barriers."
"cet4","base","/beis | beɪs | bes/","n. 基础，底层；基地","India has a good scientific research base."
"cet4","baseball","/'beɪsbɔːl | 'besbɔl/","n. 棒球","Yes, I like basketball and baseball."
"cet4","basic","/'beisik | 'beɪsɪk | 'besɪk/","adj. 基本的，基础的","the basic principles of chemistry"
"cet4","basically","/'beisikəli | 'beɪsɪk(ə)lɪ | 'besɪkli/","adv. 基本上","Basically, I’m just lazy."
"cet4","basin","/'beisən | 'beɪs(ə)n | 'besn/","n. 盆，洗脸盆；盆地","a wash basin"
"cet4","basis","/'beisis | 'beɪsɪs | 'besɪs/","n. 基础，根据","Their claim had no basis in fact (=  it was not true  ) ."
"cet4","basket","/'bɑ:skit, 'bæs- | 'bɑːskɪt | 'bæskɪt/","n. 篮，篓，筐","a shopping basket"
"cet4","basketball","/'bɑ:skitbɔ:l, 'bæs- | 'bɑːskɪtbɔːl | 'bæskɪtbɔl/","n. 篮球；篮球运动","...Even when Young Doc Bess would set up the basketball team with free Cokes after one of many victories..."
"cet4","bat","/bæt/","n. 球拍；短棍；蝙蝠","...a baseball bat."
"cet4","bath","/bɑ:θ/bæθ | bɑːθ/","n. 浴，洗澡；浴缸","After a week of camping, I really needed a bath."
"cet4","bathe","/beið | beɪð | beð/","v. 给…洗澡；弄湿","I bathed, washed my hair, and got dressed."
"cet4","bathroom","/'bɑ:θrum | 'bɑːθruːm; -rʊm | 'bæθrum/","n. 浴室；盥洗室",""
"cet4","battery","/'bætri | 'bæt(ə)rɪ/","n. 电池；一套，一组","You have to take the top off to change the batteries ."
"cet4","battle","/'bætl/","n. 战争，战役","the Battle of Trafalgar"
"cet4","bay","/bei | beɪ | be/","n. 湾；山脉中的凹处","a house with a view across the bay"
"cet4","be","/biː | bi/","aux. v&vi是，在，做","Don’t disturb me while I’m working."
"cet4","beach","/bi:tʃ | biːtʃ | bitʃ/","n. 海滩，湖滩，河滩","a sandy beach"
"cet4","beam","/bi:m | biːm | bim/","n. 梁；横梁；束，柱","...high-energy laser beams."
"cet4","bean","/bi:n | biːn | bin/","n. 豆，蚕豆","baked beans"
"cet4","bear","/beə | bɛr/","n. 熊；粗鲁的人","a mother bear and her cubs"
"cet4","beard","/biəd | bɪəd | bɪrd/","n. 胡须，络腮胡子","He's decided to grow a beard."
"cet4","bearing","/'beərɪŋ | 'bɛrɪŋ/","n. 举止， 风度； 方位， 方向感； 影响","Exercise has a direct bearing on how healthy you are."
"cet4","beast","/bi:st | biːst | bist/","n. 兽，野兽；牲畜","You beast! Let go!"
"cet4","beat","/bi:t | biːt | bit/","vt&vi. 打，敲；打败","Brazil were beaten 2–1."
"cet4","beautiful","/'bju:tiful | 'bjuːtɪfʊl; -f(ə)l | 'bjʊtəfəl/","adj. 美的，美丽的","She was even more beautiful than I had remembered."
"cet4","beauty","/'bju:ti | 'bjuːtɪ | 'bjuti/","n. 美，美丽；美人","her beauty and grace"
"cet4","because","/bɪ'kɒz | bɪ'kɔz/","conj. 由于，因为","We didn’t enjoy the day because the weather was so awful."
"cet4","become","/bi'kʌm | bɪ'kʌm/","v. 变成；成为，变得","The weather became warmer."
"cet4","bed","/bed | bɛd/","n. 床，床位；圃；河床","You should go to bed early."
"cet4","bee","/bi: | biː | bi/","n. 蜂，密蜂；忙碌的人","a swarm of bees"
"cet4","beef","/bi:f | biːf | bif/","n. 牛肉；菜牛","roast beef"
"cet4","beer","/biə | bɪə | bɪr/","n. 啤酒","a pint of beer"
"cet4","before","/bi'fɔ: | bɪ'fɔː | bɪ'fɔr/","prep. 在…以前；向…","The new road should be completed before the end of the year."
"cet4","beg","/beɡ | beg | bɛɡ/","vt&vi. 乞求；请求","She begged and pleaded with them until they finally agreed."
"cet4","beggar","/'beɡə | 'begə | 'bɛɡɚ/","n. 乞丐，穷人","the beggars on the streets"
"cet4","begin","/bɪˈgɪn | bɪ'gɪn | bɪ'ɡɪn/","v. 开始","As everybody’s here, let’s begin."
"cet4","beginner","/bi'ɡinə | bɪ'gɪnə | bɪ'gɪnɚ/","n. 初学者，生手","an absolute beginner"
"cet4","beginning","/bi'ɡiniŋ | bɪ'gɪnɪŋ | bɪ'ɡɪnɪŋ/","n. 开始，开端；起源","There’s a short poem at the beginning of every chapter."
"cet4","behalf","/bi'hɑ:f | bɪ'hɑːf | bɪ'hæf/","n. 利益，维护，支持",""
"cet4","behave","/bi'heiv | bɪ'heɪv | bɪ'hev/","v. 表现","She behaved in a very responsible way ."
"cet4","behavior","/bi'heivjə | bɪˈheɪvjə | bɪ'hevjɚ/","n. 行为，举止，态度","...This behavior may have evolved as dogs gradually learned they could benefit from avoiding conflicts with humans..."
"cet4","behind","/bi'haind | bɪ'haɪnd/","prep. 在…后面","I turned to speak to the person standing behind me."
"cet4","being","/'bi:ŋ | 'biːɪŋ | 'biɪŋ/","n. 存在；生物；生命","a law that first came into being in 1912"
"cet4","belief","/bi'li:f | bɪ'liːf | bɪ'lif/","n. 信任，相信；信念","When you get something wrong, it can shake your belief in yourself."
"cet4","believe","/bi'li:v | bɪ'liːv | bɪ'liv/","v. 相信；认为","You shouldn’t believe everything you read."
"cet4","bell","/bel | bɛl/","n. 钟，铃，门铃；钟声","church bells"
"cet4","belong","/bi'lɔŋ | bɪ'lɒŋ | bɪ'lɔŋ/","v. 属于，附属","The house had belonged to her family for three or four generations."
"cet4","beloved","/bi'lʌvid, -'lʌvd | bɪ'lʌvɪd; -'lʌvd | bɪ'lʌvd/","adj. 为…的爱的; n. 爱人","He never recovered from the death of his beloved daughter."
"cet4","below","/bi'ləu | bɪ'ləʊ | bɪ'lo/","prep. 在…下面(以下)","He had a bruise just below his right eye."
"cet4","belt","/belt | bɛlt/","n. 带，腰带；皮带；区","He unbuckled his leather belt."
"cet4","bench","/bentʃ | ben(t)ʃ | bɛntʃ/","n. 长凳，条凳；工作台","We sat on a park bench."
"cet4","bend","/bend | bɛnd/","v. 使弯曲; v. 弯曲","Several branches started bending towards the ground."
"cet4","beneath","/bi'ni:θ | bɪ'niːθ | bɪˈniːθ/","prep. 在…下方","The top layer should now point down to the layer beneath."
"cet4","beneficial","/,beni'fiʃəl | ˌbenɪˈfɪʃl | ,bɛnɪ'fɪʃl/","adj. 有利的，有益的","a drug that has a beneficial effect on the immune system"
"cet4","benefit","/'benɪfɪt | 'bɛnɪfɪt/","v. 有益于，有助于","They are working together to benefit the whole community."
"cet4","berry","/'beri | 'berɪ | 'bɛri/","n. 浆果(如草莓等)","Whether the legend is true or not, the discovery of coffee dates back to 800 A.D. when Africans created a coffee-berry pulp."
"cet4","beside","/bɪ'saɪd/","prep. 在…旁边","Wendy came up and sat beside me."
"cet4","besides","/bi'saidz | bɪ'saɪdz/","adv. 而且prep除…之外","I need the money. And besides, when I agree to do something, I do it."
"cet4","best","/best | bɛst/","adj. 最好的；最大的","He won the best actor award."
"cet4","bet","/bet | bɛt/","vt&vi&n. 打赌","How much do you want to bet?"
"cet4","betray","/bi'trei | bɪ'treɪ | bɪ'tre/","v. 背叛；辜负；泄漏","He felt that she had betrayed him."
"cet4","better","/betə | 'betə | 'bɛtɚ/","adj. 较好的; adv. 更好地","Your stereo is better than mine."
"cet4","between","/bi'twi:n | bɪ'twiːn | bɪ'twin/","prep. 在…中间","He supplements his regular meals by eating between meals."
"cet4","beyond","/bi'jɔnd | bɪ'jɒnd | bɪ'jɑnd/","prep. 在…的那边","They crossed the mountains and headed for the valleys beyond."
"cet4","Bible","/'baibl | 'baɪb(ə)l | 'baɪbl/","n. 基督教《圣经》","...a publisher of bibles and hymn books."
"cet4","bicycle","/'baisikl | 'baɪsɪkl/","n. 自行车，脚踏车","Can James ride a bicycle yet?"
"cet4","bid","/bid | bɪd/","n & v. 出价，投标","the person who places the highest bid"
"cet4","big","/biɡ | bɪg | bɪɡ/","adj. 大的，巨大的","a big house"
"cet4","bike","/baik | baɪk/","n. 自行车; v. 骑自行车","Let’s go for a bike ride ."
"cet4","bill","/bil | bɪl/","n. 账单；招贴；票据","Have you paid the phone bill?"
"cet4","billion","/'biljən | 'bɪljən/","num. 万亿(英)","The final cost could be as much as one billion dollars."
"cet4","bind","/baind | baɪnd/","v. 捆绑；包扎；装钉","Bind the ends of the cord together with thread."
"cet4","biological","/,baiəu'lɔdʒik,-kəl | ˌbaɪəˈlɒdʒɪkl | ,baɪə'lɑdʒɪkl/","adj. 生物的","the biological functions of the body"
"cet4","biology","/bai'ɔlədʒi | baɪ'ɒlədʒɪ | baɪ'ɑlədʒi/","n. 生物学；生态学","a degree in biology"
"cet4","biotechnology","/ˌbaɪəutek'nɒlədʒi | 'baɪotɛk'nɑlədʒi/","n. 生物工艺学","the biotech industries"
"cet4","bird","/bə:d | bɜːd | bɝd/","n. 鸟，禽","wild birds"
"cet4","birth","/bɑ:θ | bɜːθ | bɝθ/","n. 分娩，出生；出身","Congratulations on the birth of your daughter!"
"cet4","birthday","/'bə:θdei | 'bɜːθdeɪ | 'bɝθde/","n. 生日，诞生的日期","It’s my birthday on Monday."
"cet4","biscuit","/'biskit | 'bɪskɪt/","n. (英)饼干；(美)软饼","a packet of chocolate biscuits"
"cet4","bit","/bɪt/","n. 一点，一些，小片","He’s taken the engine to bits ."
"cet4","bite","/bait | baɪt/","v. 咬，叮，螫；剌穿","The dog bit him and made his hand bleed."
"cet4","bitter","","adj. 痛苦的；严寒的","His photo stirred up bitter memories."
"cet4","bitterly","/英['bɪtəlɪ] 美['bɪtɚli] | 'bɪtəlɪ | 'bɪtɚli/","adv. 苦苦地；悲痛地","He complained bitterly about his exam grades."
"cet4","black","/blæk/","adj. 黑色的；黑暗的","a black evening dress"
"cet4","blackboard","/'blækbɔ:d | 'blækbɔːd | 'blækbɔrd/","n. 黑板","He chalked out a design on the blackboard."
"cet4","blade","/bleid | bleɪd | bled/","n. 刀刃，刀片；叶片","a razor blade"
"cet4","blame","/'bleim | bleɪm | blem/","v. 指责，责怪","Don’t blame me – it’s not my fault."
"cet4","blank","/blæŋk/","adj. 空白的; n. 空白","Leave the last page blank ."
"cet4","blanket","/'blæŋkit | 'blæŋkɪt/","n. 毛毯，毯子，羊毛毯",""
"cet4","blast","/'baiəu,blæst | blɑːst | blæst/","n. 爆炸，冲击波; v. 炸","250 people were killed in the blast."
"cet4","blaze","/bleiz | bleɪz | blez/","n. 火；闪光; v. 燃烧","Some 4,000 firefighters are battling the blaze."
"cet4","bleed","/bli:d | bliːd | blid/","v. 出血，流血；泌脂","Your nose is bleeding."
"cet4","blend","/blend | blɛnd/","vt&vi&n. 混和","Blend the sugar, eggs, and flour."
"cet4","bless","/bles | blɛs/","v. 祝福","May God bless you."
"cet4","blind","/blaind | blaɪnd/","adj. 瞎的；盲目的","David's good looks and impeccable manners had always made her blind to his faults."
"cet4","block","/blɒk | blɑk/","v. 阻碍；街区","The Senate blocked publication of the report."
"cet4","blood","/blʌd/","n. 血，血液；血统","Her body was found in a pool of blood."
"cet4","bloody","/'blʌdi/","adv. [用于加强语气]非常，很; adj. [用于加强语气]非常的；该死的；流血的；嗜杀的; vt. 血染","It serves you bloody well right."
"cet4","bloom","/blu:m | bluːm | blum/","n. 花；开花，开花期","beautiful red blooms"
"cet4","blossom","/'blɔsəm | 'blɒs(ə)m | 'blɑsəm/","n. 花，开花; v. 开花","pale pink blossoms"
"cet4","blow","/bləu | bləʊ | blo/","v. 吹，吹动；吹响","A cold breeze was blowing hard ."
"cet4","blue","/bluː | blu/","adj. 蓝色的; n. 蓝色","the blue waters of the lake"
"cet4","board","/bɔ:d | bɔːd | bɔrd/","n. 板; v. 上(船、车等)","Martha was chopping vegetables on a wooden board."
"cet4","boast","/bəust | bəʊst | bost/","v. 自夸; v. 吹嘘","‘I wouldn’t be afraid,’ she boasted."
"cet4","boat","/bəut | bəʊt | bot/","n. 小船，艇；渔船","a fishing boat"
"cet4","body","/'bɔdi | 'bɒdɪ | 'bɑdi/","n. 身体；主体；尸体","the human body"
"cet4","bogus","/'bəuɡəs | 'bəʊɡəs | 'bogəs/","adj. 假冒的","bogus insurance claims"
"cet4","boil","/bɔil | bɒɪl | bɔɪl/","v. 沸腾；汽化vt煮沸","Put the spaghetti into plenty of boiling salted water."
"cet4","bold","/bəuld | bəʊld | bold/","adj. 大胆的；冒失的","In a surprisingly bold move , he is threatening court action against the company."
"cet4","bolt","/bəʊlt | bolt/","n. 螺栓；插销; v. 闩门","He reminded her that he would have to lock and bolt the kitchen door after her."
"cet4","bomb","/bɔm | bɒm | bɑm/","n. 炸弹; v. 轰炸","The bomb went off at 9.30 in the morning."
"cet4","bond","/bɒnd | bɑnd/","n. 联结，联系；公债","My father put all his money into stock market bonds."
"cet4","bone","/英[bəʊn] 美[bon] | bəʊn | bon/","n. 骨，骨骼","The X-ray showed that the bone was broken in two places."
"cet4","book","/buk | bʊk/","n. 书，书籍; v. 预定","I’ve just started reading a book by Graham Greene."
"cet4","boom","/buːm/","vi. 激增， 繁荣， 迅速发展； 发出隆隆声; n. 激增，繁荣，迅速发展；隆隆声，嗡嗡声","Business was booming , and money wasn’t a problem."
"cet4","boost","/bu:st | bʊst/","n. 推动,宣扬; v. 促使，促进","It would get the economy going and give us the boost that we need."
"cet4","boot","/bu:t | buːt | but/","n. 靴子，长统靴","hiking boots"
"cet4","booth","/bu:ð, bu:θ | buːð; buːθ | bʊθ/","n. 货摊；公用电话亭","I called her from a public phone booth near the entrance to the bar."
"cet4","border","","n. 边，边缘；边界","writing paper with a black border"
"cet4","bore","/bɔ: | bɔː | bɔr/","v. 使厌烦；钻，挖","He’s the sort of person who bores you at parties."
"cet4","boring","/'bɔːrɪŋ | 'bɔrɪŋ/","adj. 令人厌烦的， 乏味的， 无聊的","Her husband is about the most boring person I’ve ever met."
"cet4","born","/bɔ:n | bɔːn | bɔrn/","adj. 天生的；出生的","the skill of a born actor"
"cet4","borrow","/'bɔrəu | 'bɒrəʊ | 'bɑro/","v. 借，借用，借人","Can I borrow your pen for a minute?"
"cet4","bosom","/'buzəm | 'bʊz(ə)m | 'bʊzəm/","n. 胸，胸部；内心","She cradled the child to her bosom."
"cet4","boss","/bɔs | bɒs | bɑs/","n. 老板，上司; v. 指挥","I’ll have to ask my boss for a day off."
"cet4","both","/bəuθ | bəʊθ | boθ/","pron. 两者(都)","...the Delta has become one of the leading economic regions and a major manufacturing center both of China and the world..."
"cet4","bother","/'bɔðə | 'bɑðɚ/","v. 打扰；麻烦","Why bother to go abroad, when there are so many nice places here?"
"cet4","bottle","/'bɔtl | 'bɒt(ə)l | 'bɑtl/","n. 瓶，酒瓶；一瓶","an empty bottle"
"cet4","bottom","/'bɔtəm | 'bɒtəm | 'bɑtəm/","n. 底，底部，根基","The drugs had been hidden in a suitcase with a false bottom."
"cet4","bough","/bau | baʊ/","n. 树枝","I rested my fishing rod against a pine bough."
"cet4","bounce","/bauns | baʊns/","v. 反跳，弹起；跳起","Stop bouncing up and down on the sofa."
"cet4","bound","/baʊnd/","adj. 一定的；有义务的","...Piedmont's character has been completely bound up with the Westvaco paper mill: its prosperous past and doubtful future..."
"cet4","boundary","/'baundəri | 'baʊnd(ə)rɪ | 'baʊndri/","n. 分界线，边界","National boundaries are becoming increasingly meaningless in the global economy."
"cet4","bow","/bəu | baʊ/","v. 鞠躬","She bowed and left the stage."
"cet4","bowl","/bəul | bəʊl | bol/","n. 碗，钵；碗状物","Mix all the ingredients thoroughly in a large bowl."
"cet4","box","/bɔks | bɒks | bɑks/","n. 箱，盒；包箱","Jim watched the game from a private box."
"cet4","boy","/bɔi | bɒɪ | bɔɪ/","n. 男孩，少年；家伙","The boys wanted to play football."
"cet4","bracket","/'brækɪt/","n. 括号; vt. 把…归为同一类","I think you should bracket this word."
"cet4","brain","/brein | breɪn | bren/","n. 脑，脑髓；脑力","Messages from the brain are carried by the central nervous system."
"cet4","brake","/breik | breɪk | brek/","n. 闸，刹车; v. 制动","Test your brakes after driving through water."
"cet4","branch","/brɑ:ntʃ, bræntʃ | brɑːn(t)ʃ | bræntʃ/","n. 树枝；分部；分科","After the storm, the ground was littered with twigs and branches."
"cet4","brand","/brænd/","n. 商品；烙印; v. 铭刻","Winston is a brand of cigarette."
"cet4","brandy","/'brændi | 'brændɪ/","n. 白兰地酒","After a couple of brandies Michael started telling me his life story."
"cet4","brass","/brɑ:s, bræs | brɑːs | bræs/","n. 黄铜；黄铜器","an old brass bedstead"
"cet4","brave","/breiv | breɪv | brev/","adj. 勇敢的，华丽的","brave soldiers"
"cet4","bread","/bred | brɛd/","n. 面包；食物，粮食","Would you like some bread with your soup?"
"cet4","breadth","/bredθ | bredθ; -t- | brɛdθ/","n. 宽度，幅度；幅面","We need to provide more breadth in the college curriculum."
"cet4","break","/breɪk | brek/","v. 打破；损坏；破坏","The silence was broken by a loud scream."
"cet4","breakdown","/'breɪkdaun | 'brek'daʊn/","n. 垮， 衰竭； 损坏， 故障； 倒塌","Always carry a phone with you in case you have a breakdown on the motorway."
"cet4","breakfast","/'brekfəst | 'brɛkfəst/","n. 早饭，早餐","We had bacon and eggs for breakfast ."
"cet4","breakthrough","/'breikθru: | 'breɪkθruː | 'brek'θrʊ/","n. 突破","The company looks poised to make a significant breakthrough in China."
"cet4","breast","/brest | brɛst/","n. 乳房；胸脯，胸膛","These bras are specially designed for women with large breasts."
"cet4","breath","/breθ | brɛθ/","n. 气息，呼吸；气味","Slow down, I need to catch my breath."
"cet4","breathe","/bri:ð | briːð | brið/","v. 呼吸","The room filled with smoke, and it was becoming difficult to breathe."
"cet4","breed","/bri:d | briːd | brid/","n. 品种; v. 使繁殖","Real cowboys are a dying breed (=  not many exist anymore  ) ."
"cet4","breeze","/bri:z | briːz | briz/","n. 微风，和风","flowers waving in the breeze"
"cet4","brick","/brik | brɪk/","n. 砖，砖块；砖状物","a brick wall"
"cet4","bride","/braid | braɪd/","n. 新娘","Guests toasted the bride and groom with champagne."
"cet4","bridge","/bridʒ | brɪdʒ/","n. 桥，桥梁；桥牌","He walked back over the railway bridge."
"cet4","brief","/bri:f | briːf | brif/","adj. 简短的；短暂的","We stopped by Alice’s house for a brief visit."
"cet4","bright","/brait | braɪt/","adj. 明亮的；聪明的","Her eyes were hurting from the bright lights."
"cet4","brighten","/'braitən | 'braɪt(ə)n | 'braɪtn/","v. 使发光；使快活","Use blonde highlights to brighten your hair."
"cet4","brilliant","/'brɪlj(ə)nt | 'brɪljənt/","adj. 光辉的；卓越的","She closed her eyes against the brilliant light ."
"cet4","brim","/brim | brɪm/","n. 边，边缘；帽沿","an old straw hat with a broad brim"
"cet4","bring","/briŋ | brɪŋ/","v. 带来；引出；促使","The discovery of gold brought thousands of people to the Transvaal."
"cet4","brisk","/brisk | brɪsk/","adj. 活泼的；清新的","a brisk walk"
"cet4","bristle","/'brisl | 'brɪs(ə)l | 'brɪsl/","n. 短而硬的毛；鬃毛","His chin was covered with bristles."
"cet4","Britain","/'britən | 'brɪt(ə)n | 'brɪtən/","n. 不列颠，英国","This is the stud  naturalized from Britain."
"cet4","British","/'britiʃ | 'brɪtɪʃ/","adj. 不列颠的，英联邦的","the British government"
"cet4","brittle","","adj. 脆的；易损坏的","But while our screens are brittle, theirs is flexible––at what they say is one tenth the price."
"cet4","broad","/brɔ:d | brɔːd | brɔd/","adj. 宽的","We went along a broad passage."
"cet4","broadcast","/'brɔ:dkɑ:st, -kæst | 'brɔːdkɑːst | 'brɔdkæst/","n. 广播，播音","a news broadcast"
"cet4","broken","/'brəukən | 'brəʊk(ə)n | 'brokən/","adj. 被打碎的，骨折的","a badly broken leg"
"cet4","bronze","/brɔnz | brɒnz | brɑnz/","n. 青铜；青铜制品","a bell cast in bronze"
"cet4","brood","/bru:d | bruːd | brud/","n. 同窝幼鸟; v. 孵(蛋)","...a hungry brood of fledglings."
"cet4","brook","/bruk | brʊk/","n. 小河，溪流","a babbling brook"
"cet4","broom","/bru:m | bruːm | brum/","n. 扫帚","The lobby is empty but for the postman and his broom."
"cet4","brother","/'brʌðə | 'brʌðɚ/","n. 兄弟；同事，同胞","I have two brothers, William and Mark."
"cet4","brow","/brau | braʊ/","n. 额；眉，眉毛","He wiped his brow with the back of his hand."
"cet4","brown","/braun | braʊn/","n. 褐色，棕色","This particular model is available in brown, white, or grey."
"cet4","bruise","/bru:z | bruːz | bruz/","n. 青肿，伤痕；擦伤","minor cuts and bruises"
"cet4","brush","/brʌʃ/","n. 刷子，毛刷；画笔","a scrubbing brush"
"cet4","brute","/bru:t | bruːt | brut/","n. 禽兽，畜生",""
"cet4","bubble","/'bʌbl | 'bʌb(ə)l/","n. 泡; v. 冒泡，沸腾","When water boils, bubbles rise to the surface."
"cet4","bucket","/'bʌkit | 'bʌkɪt/","n. 水桶；吊桶；铲斗","...Her truck features a donation bucket for kids who don't have money for ice-cream..."
"cet4","bud","/bʌd/","n. 芽，萌芽；蓓蕾","rose buds"
"cet4","budget","/'bʌdʒit | 'bʌdʒɪt/","n. 预算; v. 编预算","We had a really tight budget ."
"cet4","build","/bild | bɪld/","v. 建筑；建立；创立","The purpose is to build new houses for local people."
"cet4","building","/'bildiŋ | 'bɪldɪŋ/","n. 建筑物，大楼；建筑","The offices are on the top two floors of the building."
"cet4","bulb","/bʌlb/","n. 电灯泡；球状物","a 100-watt bulb"
"cet4","bulk","/bʌlk/","n. 物体，容积，大批","...The vast bulk of the research shows that there may be a pause..."
"cet4","bull","/bul | bʊl/","n. 公牛；雄的象","a herd of cows with one bull"
"cet4","bullet","/'bulit | 'bʊlɪt/","n. 枪弹，子弹，弹丸","He was killed by a single bullet."
"cet4","bump","/bʌmp/","vi. 碰，撞；颠簸着前进; n. 碰撞， 猛撞； 肿块； 隆起物","The roof was so low he bumped his head (=  his head hit the roof  ) ."
"cet4","bunch","/'bʌntʃ | bʌn(t)ʃ | bʌntʃ/","n. 束，球，串；一群","The ancient Egyptians were a clever bunch."
"cet4","bundle","/'bʌndl | 'bʌnd(ə)l/","n. 捆，包，束；包袱","a small bundle containing mostly clothing"
"cet4","burden","/'bə:dən | 'bɜ:dn | 'bɝdn/","n. 负担，包袱","His family responsibilities had started to become a burden."
"cet4","bureau","/'bjuərəu | 'bjʊərəʊ | 'bjʊro/","n. 局","the Federal Bureau of Investigation"
"cet4","burn","/bə:n | bɜːn | bɝn/","v. 烧，燃烧; n. 烧伤","I burnt all his old letters."
"cet4","burst","/bə:st | bɜːst | bɝst/","v. 使爆裂; vi&n. 爆炸","The pipes had burst and the house was under two feet of water."
"cet4","bury","/'beri | 'berɪ | 'bɛri/","v. 埋葬，葬；埋藏","Electric cables are buried beneath the streets."
"cet4","bus","/bʌs/","n. 公共汽车","I took a bus to San Francisco."
"cet4","bush","/buʃ | bʊʃ/","n. 灌木，灌木丛，矮树","a rose bush"
"cet4","business","/'biznis | ˈbɪznɪs | ˈbɪznəs/","n. 商业，生意；事务","Students on the course learn about all aspects of business."
"cet4","busy","/'bizi | 'bɪzɪ | 'bɪzi/","adj. 忙的，繁忙的","She’s busy now – can you phone later?"
"cet4","but","/强 bʌt, 弱 bət, bʌt | bʌt; bət | bʌt/","conj. 但是，可是","It’s an old car, but it’s very reliable."
"cet4","butcher","/'butʃə | ˈbʊtʃə(r) | ˈbʊtʃər/","n. 屠夫；屠杀者",""
"cet4","butter","/'bʌtə | 'bʌtɚ/","n. 黄油；奶油","He spread some butter on his bread."
"cet4","butterfly","/'bʌtəflai | 'bʌtəflaɪ | 'bʌtɚflaɪ/","n. 蝴蝶","Butterflies and moths are attracted to the wild flowers."
"cet4","button","/[ˈbʌtn] | 'bʌtn/","n. 扣子；按钮; v. 扣紧","small pearl buttons"
"cet4","buy","/bai | baɪ/","v. 买，购买; v. 买","People say the judge had been bought by the Mafia."
"cet4","by","/baɪ/","prep. 在…旁；被，由","I was attacked by a dog."
"cet4","cabbage","/ˈkæbɪdʒ/","n. 洋白菜，卷心菜","I hate eating cabbage."
"cet4","cabin","/'kæbin | 'kæbɪn/","n. 小屋；船舱，机舱","a log cabin"
"cet4","cabinet","/'kæbinit | 'kæbɪnɪt | 'kæbɪnət/","n. 橱，柜；内阁","a cabinet meeting"
"cet4","cable","/'keɪb(ə)l | 'kebl/","n. 缆，索；电缆；电报","cables and switches for computers"
"cet4","cafe","/'kafeɪ, 'kafi | 'kæfeɪ; 'kæfɪ | kæ'fe/","n. 咖啡馆；小餐厅","We went to a cafe and lazed the whole afternoon away there."
"cet4","cafeteria","/,kæfi'tiəriə | kæfɪ'tɪərɪə | ,kæfə'tɪrɪə/","n. 自助食堂","the school cafeteria"
"cet4","cage","/keidʒ | keɪdʒ | kedʒ/","n. 笼；鸟笼，囚笼","I hate to see birds in cages."
"cet4","cake","/keik | keɪk | kek/","n. 饼，糕，蛋糕","We had cake and ice cream."
"cet4","calculate","/'kælkjuleit | 'kælkjʊleɪt | 'kælkjulet/","v. 计算","These instruments calculate distances precisely."
"cet4","calculation","/,kælkju:leiʃən | kælkjʊ'leɪʃ(ə)n | ,kælkju'leʃən/","n. 计算，计算结果","Leonard made a rapid calculation: he'd never make it in time."
"cet4","calculator","/'kælkjuleitə | 'kælkjʊleɪtə | 'kælkjuletɚ/","n. 计算器，计算者","...a pocket calculator."
"cet4","calendar","/'kælində | 'kælɪndə | 'kæləndɚ/","n. 日历，历书；历法","There was a calendar on the wall above, with large squares around the dates."
"cet4","call","/kɔ:l | kɔːl | kɔl/","v. 把…叫做；叫，喊","You may call it harmless fun, but I call it pornography."
"cet4","calm","/kɑ:m, kɑ:lm | kɑːm | kɑm/","adj. 静的，平静的","Glen was calm and composed at the funeral."
"cet4","camel","/'kæməl | 'kæm(ə)l | 'kæml/","n. 骆驼","When fresh food and water are not available,the camel can feed off its hump."
"cet4","camera","/'kæmərə | 'kæm(ə)rə/","n. 照相机，摄影机","Her grandmother lent her a camera for a school trip to Venice and Egypt."
"cet4","camp","/kæmp/","n. 野营，营地，兵营","Let’s go back to camp – it’s getting dark."
"cet4","campaign","/kæm'pein | kæm'peɪn | kæm'pen/","n. 活动","Jones ran a good campaign."
"cet4","campus","/'kæmpəs/","n. 校园，学校场地","a beautiful campus in New England"
"cet4","can","/kæn/","n. 罐头，听头；容器","...I can definitely remember what I learned on certain days at school..."
"cet4","Canada","/'kænədə/","n. 加拿大","She was domiciliated in Canada."
"cet4","Canadian","/kə'neidiən | kə'neɪdɪən | kə'nedɪən/","adj. 加拿大的","What about the Canadian policy?"
"cet4","canal","/kə'næl/","n. 运河；沟渠；管","We walked along by the side of the canal."
"cet4","cancel","/'kænsl/","v. 取消","Our flight was cancelled."
"cet4","cancer","/'kænsə | 'kænsɚ/","n. 癌，癌症，肿瘤","A lot of cancers can now be treated successfully."
"cet4","candidate","/'kændidit | ˈkændɪˌdet, -dɪt/","n. 申请求职者；投考者；候选人","a presidential candidate"
"cet4","candle","/'kændl | 'kænd(ə)l/","n. 蜡烛；烛形物；烛光","When the candle was only half an inch high it flickered out and the room became dark."
"cet4","candy","/'kændi | 'kændɪ/","n. 糖果；砂糖结晶","a box of candies"
"cet4","cannon","/'kænən/","n. 大炮，火炮；榴弹炮","The cannons boom, the band plays."
"cet4","canoe","/kə'nu: | kə'nuː | kə'nu/","n. 独木舟，皮艇，划子","At a summer job working as park naturalists that year, I flipped the canoe Air and I were paddling and we had to push it to shore."
"cet4","canteen","/kæn'ti:n | kæn'tiːn | kænˈtiːn/","n. 食堂","Rennie had eaten his supper in the canteen."
"cet4","canvas","/'kænvəs/","n. 粗帆布；一块油画布","a canvas bag"
"cet4","cap","/kæp/","n. 帽子，便帽；帽状物","...a dark blue baseball cap."
"cet4","capable","/'keipəbl | 'keɪpəbl | 'kepəbl/","adj. 能干的，有能力的","I don’t think he’s capable of murder."
"cet4","capacity","/kə'pæsəti | kə'pæsɪtɪ/","n. 容量；能力；能量","The room had seating capacity for about 80."
"cet4","capital","/'kæpitəl | 'kæpɪt(ə)l | 'kæpɪtl/","n. 资本，资金；首都","Washington D.C., the capital of the United States"
"cet4","captain","/'kæptin | 'kæptɪn | ˈkæptən/","n. 陆军上尉；队长","The captain and crew welcome you aboard."
"cet4","captive","/'kæptiv | 'kæptɪv/","n. 俘虏，被监禁的人","He described the difficulties of surviving for four months as a captive."
"cet4","capture","/'kæptʃə | 'kæptʃɚ/","v. 捕获，俘获；夺得","Government troops have succeeded in capturing the rebel leader."
"cet4","car","/kɑ: | kɑː | kɑr/","n. 汽车，小汽车，轿车","Dan got out of the car and locked the door."
"cet4","carbon","/'kɑ:bən | 'kɑːb(ə)n | 'kɑrbən/","n. 碳","I dread to think what the carbon footprint must be like of moving that coal but we have no choice."
"cet4","card","/kɑ:d | kɑːd | kɑrd/","n. 卡，卡片，名片","Employees must show their identity cards at the gate."
"cet4","care","/kεə | keə | kɛr/","v. 关心，介意; n. 小心","She felt that nobody cared."
"cet4","career","/kə'rɪə | kə'rɪr/","n. 生涯，职业，经历","a teaching career"
"cet4","careful","/'kεəful | 'keəfʊl; -f(ə)l | 'kɛrfl/","adj. 仔细的；细致的","Any school trip requires careful planning."
"cet4","caregiver","/'kεə,ɡivə | 'keəgɪvə | ˈkerɡɪvər/","n. 照料者","In addition to fulfilling the traditional roles of caregiver and homemaker, many Orthodox women also assume the role of primary breadwinner so their husbands can pursue religious studies full time."
"cet4","careless","/'kεəlis | 'keələs | 'kɛrləs/","adj. 粗心的","It was careless of him to leave the door unlocked."
"cet4","cargo","/'kɑ:ɡəu | 'kɑːgəʊ | 'kɑrɡo/","n. 船货，货物","a cargo plane"
"cet4","carpenter","/'kɑ:pəntə | ˈkɑːpəntə(r) | ˈkɑːrpəntər/","n. 木匠","He is a carpenter by profession."
"cet4","carpet","/'kɑ:pit | 'kɑːpɪt | 'kɑrpɪt/","n. 地毯，毡毯，毛毯","My bedroom carpet is green."
"cet4","carriage","/'kæridʒ | 'kærɪdʒ/","n. 客车厢；四轮马车","The president-elect followed in an open carriage drawn by six beautiful grey horses."
"cet4","carrier","/'kæriə | 'kærɪə | 'kærɪɚ/","n. 运输工具；运载工具","an international carrier"
"cet4","carrot","/'kærət/","n. 胡罗卜","grated carrots"
"cet4","carry","/'kæri | 'kærɪ/","v. 携带；运载；传送","The ship was carrying drugs."
"cet4","cart","/kɑ:t | kɑːt | kɑrt/","n. 二轮运货马车",""
"cet4","cartoon","/kɑː'tuːn | kɑr'tun/","n. 卡通画， 幽默画； 动画片， 卡通片","cartoon characters such as Donald Duck"
"cet4","carve","/kɑ:v | kɑːv | kɑrv/","v. 刻，雕刻；切开","carved wooden chairs"
"cet4","case","/keis | keɪs | kes/","n. 情况；事实；病例","Tom’s career is a case in point (= a clear example of something that you are discussing or explaining ) ."
"cet4","cash","/kæʃ/","n. 现金，现款","Cash was taken during a burglary of the apartment."
"cet4","cashier","/kæ'ʃɪə | kæ'ʃɪr/","n. 出纳","Do you have any experience as a cashier?"
"cet4","cassette","/kæ'set | kə'set | kə'sɛt/","n. 盒式录音带；盒子","His two albums released on cassette have sold 10 million copies."
"cet4","cast","/kɑ:s, kæst | kɑːst | kæst/","v. 投，扔，抛；浇铸","the shade cast by low-hanging branches"
"cet4","castle","/'kɑ:sl, 'kæ- | 'kɑːs(ə)l | 'kæsl/","n. 城堡；巨大建筑物","Edinburgh Castle"
"cet4","casual","/'kæʒjuəl | ˈkæʒuəl | 'kæʒʊəl/","adj. 偶然的，随便的","a casual manner"
"cet4","cat","/kæt/","n. 猫，猫科，猫皮","The police played an elaborate game of cat and mouse to trap him."
"cet4","catalog","/'kætəlɔɡ | 'kætəlɒɡ | 'kætəlɔg/","n. 目录，目录册","...A customer begins with a catalog of possible items..."
"cet4","catalogue","/'kætəlɔɡ | ˈkætəlɒg/","v. 把……编入目录","The manuscripts have never been systematically catalogued."
"cet4","catch","/kætʃ/","v. 捉住；赶上；领会","Did you catch any fish?"
"cet4","category","/'kætəgəri | 'kætəɡɔri/","n. 种类， 类， 类别","people in the over-45 age category"
"cet4","cater","/'keitə | 'keɪtə | 'ketɚ/","v. 迎合","We cater to an exclusive clientele."
"cet4","cathedral","/kə'θi:drəl | kə'θiːdr(ə)l | kə'θidrəl/","n. 总教堂；大教堂","St Paul’s Cathedral"
"cet4","cattle","/'kætl | 'kæt(ə)l/","n. 牛；牲口，家畜","herds of cattle"
"cet4","cause","/kɔ:z | kɔːz | kɔz/","n. 原因，理由；事业","It’s our job to establish the cause of the fire."
"cet4","caution","/'kɔ:ʃən | 'kɔʃən/","v & n. 小心，谨慎","The physician must exercise caution when prescribing antidepressants."
"cet4","cautious","/'kɔ:ʃəs | 'kɔːʃəs | 'kɔʃəs/","adj. 谨慎的","a cautious driver"
"cet4","cave","/keiv | keɪv | kev/","n. 山洞，洞穴，窑洞","the entrance to a cave"
"cet4","cease","/si:s | siːs | sis/","vi&vi&n. 停止，停息","The things people will do for charity never cease to amaze me (= I am always surprised by them ) ."
"cet4","ceiling","/'si:liŋ | 'siːlɪŋ | 'silɪŋ/","n. 天花板，顶蓬","rooms with high ceilings"
"cet4","celebrate","/'selɪbreɪt | 'sɛlɪbret/","v. 庆祝；歌颂，赞美","It’s Dad’s birthday and we’re going out for a meal to celebrate."
"cet4","cell","/sel | sɛl/","n. 细胞；小房间","cancer cells"
"cet4","cellar","/'selə | 'sɛlɚ/","n. 地窑，地下室","a coal cellar"
"cet4","cement","/si'ment | sɪ'ment | sə'mɛnt/","n. 水泥；胶泥; v. 粘结","a bag of cement"
"cet4","cent","/sent | sɛnt/","n. 分；分币；百","A cup of rice which cost thirty cents a few weeks ago is now being sold for up to one dollar."
"cet4","center","/'sentə | 'sɛntɚ/","n. 圆心， 正中； 中心","In this example, you rotate a square on its center, but do not fill the square."
"cet4","centigrade","/'sentiɡreid | 'sentɪgreɪd | 'sɛntɪɡred/","adj. 百分度的","This thermometer is calibrated by centigrade."
"cet4","centimetre","/'senti,mi:tə | 'sentɪmiːtə | 'sɛntɪmitɚ/","n. 公分，厘米","...a tiny fossil plant, only a few centimetres high."
"cet4","central","/'sentrəl | 'sentr(ə)l | 'sɛntrəl/","adj. 中心的；主要的","He lives in central London."
"cet4","centre","/'sentə | sɛntɚ/","n. 中心；中枢; v. 集中","lines radiating out from the centre"
"cet4","century","/'sentʃuri | ˈsentʃərɪ | 'sɛntʃəri/","n. 世纪，百年","the story of life on a small farm at the turn of the century"
"cet4","ceremony","/'seriməuni | 'serəmənɪ | ˈsɛrəˌmoʊni/","n. 典礼，仪式","a wedding ceremony"
"cet4","certain","/'sə:tən | 'sɜːt(ə)n; -tɪn | 'sɝtn/","adj. 确实的；肯定的","I felt certain that I’d passed the test."
"cet4","certainly","/'sə:tənli | ˈsəːt(ə)nli | 'sɝtnli/","adv. 一定，必定；当然","‘I’d like a beer, please.’ ‘Certainly, sir.’"
"cet4","certainty","/'sə:tənti | 'sɜːt(ə)ntɪ; -tɪn- | 'sɝtnti/","n. 必然；肯定","He usually does quite well, but it’s not a certainty."
"cet4","certificate","/sə'tifikeit | səˈtɪfɪkɪt; (for v.,) səˈtɪfɪˌkeɪt | sɚˈtɪfɪkɪt; (for v.,) sɚˈtɪfɪˌket/","n. 证书，证件，执照","a degree certificate"
"cet4","chain","/tʃeɪn | tʃen/","n. 链，链条，项圈","She had a gold chain around her neck."
"cet4","chair","/tʃεə | tʃeə | tʃɛr/","n. 椅子；主席","a kitchen chair"
"cet4","chairman","/'tʃεəmən | 'tʃeəmən | 'tʃɛrmən/","n. 主席；议长，会长","deputy/vice chairman Barrett serves as vice chairman."
"cet4","chalk","/tʃɔ:k | tʃɔːk | tʃɔk/","n. 白垩；粉笔","chalk cliffs"
"cet4","challenge","/'tʃælɪn(d)ʒ | 'tʃælɪndʒ/","n & v. 挑战；质疑","They threw down the challenge that he couldn’t wash 40 cars in one hour (= invited him to try to do it ) ."
"cet4","chamber","/'tʃeimbə | 'tʃeɪmbə | ˈtʃeɪmbər/","n. 会议室；房间；腔","a combustion chamber"
"cet4","champion","/'tʃæmpiən | 'tʃæmpɪən/","n. 冠军，得胜者","the world heavyweight boxing champion"
"cet4","chance","/tʃɑ:ns, tʃæns | tʃɑːns | tʃæns/","n. 机会，机遇；可能性","There’s always the chance that something will go wrong."
"cet4","change","/tʃeindʒ | tʃeɪn(d)ʒ | tʃendʒ/","n. 改变，变化；零钱","I find it hard to cope with change."
"cet4","channel","/'tʃænəl | 'tʃæn(ə)l | 'tʃænl/","n. 海峡；渠道；频道","the news on Channel 4"
"cet4","chaos","/'keɪɒs | 'keɑs/","n. 混乱， 紊乱","The country was plunged into economic chaos."
"cet4","chap","/tʃæp/","n. 小伙子，小家伙，家伙","a decent sort of chap"
"cet4","chapter","/'tʃæptə | 'tʃæptɚ/","n. 章，回，篇","Read Chapter 11 as your homework."
"cet4","character","/'kærəktə | 'kærəktə(r) | 'kærəktɚ/","n. 角色","A soulless shopping centre stands across from one of the few buildings with character, the town hall."
"cet4","characteristic","/,kærəktə'ristik | ˌkærəktəˈrɪstɪk | ,kærəktə'rɪstɪk/","n. 特点","Genes determine the characteristics of every living thing."
"cet4","characterize","/'kærəktəraiz | 'kærəktəraɪz | 'kærəktə'raɪz/","v. 以……特点","Bright colours characterize his paintings."
"cet4","charge","/tʃɑ:dʒ | tʃɑːdʒ | tʃɑrdʒ/","v. 索价；控告; n. 费用","They have the evidence to charge him."
"cet4","charity","/'tʃærəti | 'tʃærətɪ/","n. 慈善（行为）","Several charities sent aid to the flood victims."
"cet4","charm","/tʃɑːm | tʃɑrm/","n. 迷人的特性，魅力；符咒，咒文; vt. 吸引， 迷住","""Snow White and the Seven Dwarfs,"" the 1937 Disney classic, has lost none of its original charm."
"cet4","charming","/'tʃɑ:miŋ | 'tʃɑːmɪŋ | 'tʃɑrmɪŋ/","adj. 迷人的，可爱的","a charming little Italian restaurant"
"cet4","chart","/tʃɑːt | tʃɑrt/","n. 图，图表；海图","a chart showing last year’s sales"
"cet4","charter","/'tʃɑːtə | 'tʃɑrtɚ/","adj. 包租的， 租用的; n. 宪章，共同纲领；特许状，许可证；包租; vt. 包，租","...the last charter plane carrying out foreign nationals."
"cet4","chase","/tʃeis | tʃeɪs/","n. 追逐，追赶，追求","a high-speed car chase"
"cet4","chat","/tʃæt/","v. 聊天","John and I sat up until the early hours chatting."
"cet4","cheap","/tʃi:p | tʃiːp | tʃip/","adj. 廉价的；劣质的","cheap rail fares"
"cet4","cheat","/tʃi:t | tʃiːt | tʃit/","v. 欺骗, 作弊","He had cheated in the test by using a calculator."
"cet4","check","/tʃek | tʃɛk/","v. 检查；制止; n. 检查","Check the tiles carefully before you buy them."
"cet4","cheek","/tʃi:k | tʃik/","n. 脸颊","Lucy stretched up to kiss his cheek."
"cet4","cheer","/tʃiə | tʃɪə | tʃɪr/","v. 使振作；欢呼","Everybody cheered when the firemen arrived."
"cet4","cheerful","/'tʃiəful | 'tʃɪəfʊl; -f(ə)l | 'tʃɪrfl/","adj. 快乐的，愉快的","a bright cheerful Italian restaurant"
"cet4","cheese","/tʃi:z | tʃiːz | tʃiz/","n. 奶酪，干酪","half a kilo of cheese"
"cet4","chef","/ʃef | ʃɛf/","n. 厨师","a master chef"
"cet4","chemical","/'kemikəl | 'kɛmɪkl/","adj. 化学的 n. 化学制品","the chemical composition of bleach"
"cet4","chemist","/'kemist | 'kemɪst | 'kɛmɪst/","n. 化学家；药剂师","She worked as a research chemist."
"cet4","chemistry","/'kemistri | 'kemɪstrɪ | 'kɛmɪstri/","n. 化学","a person’s body chemistry"
"cet4","cheque","/tʃek | tʃɛk/","n. 支票","You could write her a cheque ."
"cet4","cherish","/'tʃerɪʃ | 'tʃɛrɪʃ/","vt. 珍爱； 怀有","In marriage, a man promises to cherish his wife."
"cet4","cherry","/'tʃeri | 'tʃerɪ | 'tʃɛri/","n. 樱桃；樱桃树","a bunch of cherries"
"cet4","chess","/tʃes | tʃɛs/","n. 棋；国际象棋","They meet fairly often to play chess ."
"cet4","chest","/tʃest | tʃɛst/","n. 胸腔，胸膛；箱子","Her heart was pounding in her chest."
"cet4","chew","/tʃu: | tʃuː | tʃʊ/","v. 咀嚼，嚼碎","This meat’s so tough I can hardly chew it!"
"cet4","chicken","/'tʃɪkɪn | ˈtʃɪkən/","n. 小鸡，小鸟；鸡肉","roast chicken"
"cet4","chief","/tʃi:f | tʃiːf | tʃif/","adj. 主要的；首席的","He was recently appointed chief economist at the Bank of Scotland."
"cet4","child","/tʃaɪld/","n. 小孩，儿童；儿子","The hotel is ideal for families with young children."
"cet4","childhood","/'tʃaildhud | 'tʃaɪldhʊd/","n. 童年，幼年；早期","I had a very happy childhood."
"cet4","childish","/'tʃaildiʃ | 'tʃaɪldɪʃ/","adj. 孩子的；幼稚的","a high childish laugh"
"cet4","chill","/tʃil | tʃɪl/","v. 使变冷; n. 寒冷","The wind blew across her body, chilling her wet skin."
"cet4","chimney","/'tʃimni | 'tʃɪmnɪ | 'tʃɪmni/","n. 烟囱，烟筒；玻璃罩","We can’t light a fire because the chimney hasn’t been swept."
"cet4","chin","/tʃin | tʃɪn/","n. 颏，下巴","He rubbed his chin thoughtfully."
"cet4","China","/tʃaɪnə/","n. 中国","...the Delta has become one of the leading economic regions and a major manufacturing center both of China and the world..."
"cet4","Chinese","/,tʃai'ni:z/","adj. 中国的; n. 中国人","Do you fancy going out for a Chinese?"
"cet4","chip","/tʃɪp/","n. 屑片， 碎片； 炸土豆条； 集成电路片， 集成块； 缺口， 瑕疵","the age of the silicon chip"
"cet4","chocolate","/'tʃɔkəlit | 'tʃɒk(ə)lət | 'tʃɑklət/","n. 巧克力；巧克力糖","a chocolate bar"
"cet4","choice","/tʃɔis | tʃɒɪs | tʃɔɪs/","n. 选择，抉择","He has to make some important choices."
"cet4","choke","/tʃəuk | tʃəʊk | tʃok/","v. 使窒息","Six people choked to death on the fumes."
"cet4","choose","/tʃu:z | tʃuːz | tʃuz/","v. 选择，挑选；情愿","It took us ages to choose a new carpet."
"cet4","chop","/[tʃɔp] | tʃɒp | tʃɑp/","v. 砍，劈；切细; v. 砍","He went outside to chop some more wood for the fire."
"cet4","Christ","/kraɪst/","n. 基督， 救世主","a follower of Christ"
"cet4","Christian","/'kristjən; -tʃən | 'krɪstɪən; -tʃ(ə)n | 'krɪstʃən/","n. 基督教徒；信徒","He was a devout Christian."
"cet4","Christmas","/ˈkrɪsməs/","n. 圣诞节","Are you going home for Christmas?"
"cet4","church","/tʃə:tʃ | tʃɜːtʃ | tʃɝtʃ/","n. 教堂，礼拜堂；教会","a short church service"
"cet4","cigar","/sɪ'gɑː | sɪ'ɡɑr/","n. 雪茄烟","He was smoking a big cigar."
"cet4","cigaret","/,siɡə'ret, 'siɡ-/","n. 香烟，纸烟，卷烟","RA 7171 plows back annually 15 percent of cigaret excise tax revenues collected by the National Government to the virginia leaf producing provinces of Ilocos Sur, Ilocos Norte, La Union and Abra."
"cet4","cigarette","/ˌsɪgə'ret | ˌsɪɡəˈrɛt, ˈsɪɡəˌrɛt/","n. 香烟， 纸烟， 卷烟","a packet of cigarettes"
"cet4","cinema","/'sinəmə | 'sɪnɪmə; -mɑː | 'sɪnəmə/","n. 电影院；电影，影片","It’s on at the local cinema."
"cet4","circle","/'sə:kl | 'sɜːk(ə)l | 'sɝkl/","n. 圆，圆周；圈子","Draw a circle 10cm in diameter."
"cet4","circuit","/'sə:kit | 'sɜːkɪt | 'sɝkɪt/","n. 电路；环行；巡行","We did a circuit of the old city."
"cet4","circular","/'sə:kjulə | 'sɜːkjʊlə | 'sɝkjəlɚ/","adj. 圆的；循环的","a circular table"
"cet4","circulate","/'sə:kjuleit | 'sɜːkjʊleɪt | 'sɝkjəlet/","v. 使循环; v. 循环","Swimming helps to get the blood circulating through the muscles."
"cet4","circulation","/ˌsɜːkjə'leɪʃn | ,sɝkjə'leʃən/","n. 循环； 流传； 发行， 流通","Exercise improves the circulation."
"cet4","circumference","/sə'kʌmfərəns | sə'kʌmf(ə)r(ə)ns | sɚ'kʌmfərəns/","n. 圆周，周长，圆周线","...a scientist calculating the Earth's circumference."
"cet4","circumstance","/'sə:kəmstəns | 'sɜ:kəmstəns | 'sɝkəmstæns/","n. 环境，境遇","He was a victim of circumstance ."
"cet4","cite","/sait | saɪt/","v. 引用","The judge cited a 1956 Supreme Court ruling in her decision."
"cet4","citizen","/'sitizən | 'sɪtɪzn/","n. 公民","We need our schools to teach students to be good citizens."
"cet4","city","/'siti | 'sɪtɪ | 'sɪti/","n. 城市，都市","The nearest big city was St. Louis."
"cet4","civil","/'sivəl | 'sɪv(ə)l; -ɪl | 'sɪvl/","adj. 公民的；文职的","They were married in a civil ceremony in May."
"cet4","civilian","/si'viljən | sə'vɪlɪən/","n. 平民，百姓","Many innocent civilians were killed during the war."
"cet4","civilization","/,sivilai'zeiʃən, -li'z- | ˌsɪvɪlaɪˈzeɪʃən | ,sɪvələ'zeʃən/","n. 文明","modern American civilization"
"cet4","civilize","/'sivilaiz | 'sɪvəlaɪz/","v. 使文明；教育","Ellis was credited with civilizing the Texas prison system."
"cet4","civilized","/'sivilaizd | ˈsɪvəlaɪzd | sɪvlˌaɪzd/","adj. 文明的","Such things should not happen in a civilized society."
"cet4","claim","/kleim | kleɪm | klem/","v. 声称，主张；索取","I don’t claim to be a feminist, but I’d like to see more women in top jobs."
"cet4","clap","/klæp/","v. 拍手; v. 拍，轻拍","One man began to clap, and others joined in."
"cet4","clarify","/'klærifai | 'klærɪfaɪ | 'klærəfaɪ/","v. 澄清，阐明","Reporters asked him to clarify his position (= say exactly what his beliefs are ) on welfare reform."
"cet4","clash","/klæʃ/","vi. 发生冲突；不协调；砰地相撞，发出刺耳的撞击声; n. 冲突； 不协调； 刺耳的撞击声","Troops clashed near the border."
"cet4","clasp","/klɑ:sp, klæsp | klɑːsp | klæsp/","n. 扣子，钩子；别针","...the clasp of her handbag."
"cet4","class","/klɑːs | klæs/","n. 班，班级；阶级","He’s not in the same class (= not as good ) as her at tennis."
"cet4","classic","/'klæsɪk/","adj. 最优秀的，典型的，标准的；传统式样的，典雅的; n. 文学名著， 经典作品， 杰作； 优秀的典范； 古典文学， 古典语文研究","The Coca-Cola bottle is one of the classic designs of the last century."
"cet4","classical","/'klæsikəl | 'klæsɪk(ə)l | 'klæsɪkl/","adj. 古典的；经典的","the classical theory of relativity"
"cet4","classification","//,klæsifi'keiʃən/ | ,klæsɪfɪ'keɪʃ(ə)n | ,klæsɪfɪ'keʃən/","n. 分类，级别","the classification of wines according to quality"
"cet4","classify","//'klæsifai/ | 'klæsifai | 'klæsɪfaɪ/","v. 把…分类，把…分级","We’d classify Drabble’s novels under ‘Romance’."
"cet4","classmate","/'klɑ:smeit | 'klɑːsmeɪt | 'klæsmet/","n. 同班同学","He acquainted his classmate with my sister."
"cet4","classroom","/'klɑ:srum | 'klɑːsruːm; -rʊm | 'klæs'rʊm; 'klæs'rʊm/","n. 教室，课堂","The boy bounced out of the classroom."
"cet4","clause","/klɔːz | klɔz/","n. 条款； 从句， 分句","A confidentiality clause was added to the contract."
"cet4","claw","/klɔ: | klɔː | klɔ/","n. 爪，脚爪，螯","The cat dug his claws into my leg."
"cet4","clay","/klei | kleɪ | kle/","n. 粘土，泥土；肉体",""
"cet4","clean","/kli:n | kliːn | klin/","adj. 清洁的；纯洁的","Are your hands clean?"
"cet4","clear","/kliə | klɪə | klɪr/","adj. 清晰的; v. 清除","clear instructions"
"cet4","clearly","/'kliəli | 'klɪəlɪ | 'klɪrli/","adv. 明白地，清晰地","Please speak clearly."
"cet4","clerk","/klɑːk | klɝk/","n. 店员；办事员，职员","a clerk in a commercial firm"
"cet4","clever","/'klevə | 'klɛvɚ/","adj. 聪明的；机敏的","a clever man"
"cet4","click","/klɪk/","v. 发出咔嗒声；点击; n. 咔嗒声","The door clicked shut behind me."
"cet4","client","/'klaiənt | 'klaɪənt/","n. 客户","a meeting with an important client"
"cet4","cliff","/klif | klɪf/","n. 悬崖，峭壁","The car rolled over the edge of a cliff."
"cet4","climate","/'klaimit | ˈklaɪmət | 'klaɪmət/","n. 气候；风土，地带","Los Angeles’ warm dry climate"
"cet4","climb","/klaim | klaɪm/","v. 攀登，爬; v. 爬","Harry climbed the stairs."
"cet4","clinic","/'klinik | 'klɪnɪk/","n. 诊所","an appointment at an outpatient clinic"
"cet4","cloak","/kləuk | kləʊk | klok/","n. 斗篷；覆盖(物)","Today most of New England will be under a cloak of thick mist."
"cet4","clock","/klɔk | klɒk | klɑk/","n. 钟，仪表","I heard the clock strike six (= make six loud sounds ) ."
"cet4","close","/kləuz | kləʊs | kloz/","v. 关，闭；结束","Would you mind if I closed the window?"
"cet4","closely","/'kləusli | 'kləʊslɪ | 'klosli/","adv. 紧密地，接近地","The detective watched him closely , waiting for a reply."
"cet4","cloth","/klɔθ, klɔ:θ | klɒθ | klɔθ/","n. 布；衣料；桌布","Clean the surface with a damp cloth."
"cet4","clothe","/kləuð | kləʊð | kloð/","v. 给…穿衣服","They could barely keep the family fed and clothed."
"cet4","clothes","/kləuðz | kləʊ(ð)z | kloz/","n. 衣服，服装；被褥","What sort of clothes was he wearing?"
"cet4","clothing","/'kləuðiŋ | 'kləʊðɪŋ | 'kloðɪŋ/","n. 衣服，被褥","basic necessities such as food and clothing"
"cet4","cloud","/klaud | klaʊd/","n. 云；云状物；阴影","Fears of renewed terrorist attacks cast a cloud over the event (= spoilt the happy situation ) ."
"cet4","cloudy","/'klaudi | 'klaʊdɪ | 'klaʊdi/","adj. 多云的；云一般的","a cloudy night with some light rain"
"cet4","club","/klʌb/","n. 俱乐部，夜总会","Manchester United Football Club"
"cet4","clue","/klu: | kluː | klʊ/","n. 线索","Police have found a vital clue ."
"cet4","clumsy","/'klʌmzi/","adj. 笨拙的，不圆滑的","A clumsy waiter spilled wine all over her new skirt."
"cet4","coach","/kəʊtʃ | kotʃ/","v & n. 教练","a tennis coach"
"cet4","coal","/kəul | kəʊl | kol/","n. 煤，煤块","Put some coal on the fire."
"cet4","coarse","/kɔ:s | kɔːs | kɔrs/","adj. 粗的，粗糙的","a jacket of coarse wool"
"cet4","coast","/kəust | kəʊst | kost/","n. 海岸，海滨(地区)","We drove along the Pacific coast to Seattle."
"cet4","coat","/kəut | kəʊt | kot/","n. 外套，上衣；表皮","Billy! Put your coat on , it’s cold outside!"
"cet4","cock","/英 [kɒk] 美 [kɑk] | kɒk | kɑk/","n. 公鸡；雄禽；旋塞","A cock crowed in the distance."
"cet4","code","/kəud | kəʊd | kod/","n. 代码，密码","The spy sent his message in code."
"cet4","coffee","/'kɔfi | 'kɒfɪ/","n. 咖啡，咖啡茶","Do you want a cup of coffee?"
"cet4","coil","/kɔil | kɒɪl | kɔɪl/","n. (一)卷；线圈; v. 卷","the coil in a light bulb"
"cet4","coin","/kɔin | kɒɪn | kɔɪn/","n. 硬币；铸造(硬币)","Toss a coin to see who goes first."
"cet4","cold","/kəuld | kəʊld | kold/","adj. 冷的；冷淡的; n. 冷","She splashed her face with cold water."
"cet4","collaborative","/kə'læbərətɪv | kə'læbəretɪv/","adj. 合作的， 协作的， 协力完成的","...a collaborative research project."
"cet4","collapse","/kə'læps/","v. 倒坍；崩溃，瓦解","Uncle Ted’s chair collapsed under his weight."
"cet4","collar","/'kɔlə | 'kɒlə | 'kɑlɚ/","n. 衣领，项圈","He grabbed me by the collar."
"cet4","colleague","/'kɔli:ɡ | 'kɒliːg | 'kɑliɡ/","n. 同事","a colleague of mine from the bank"
"cet4","collect","/kə'lekt | kə'lɛkt/","v. 收集; v. 收款","After 25 years of collecting recipes, she has compiled them into a cookbook."
"cet4","collection","/kə'lekʃən | kə'lekʃ(ə)n | kə'lɛkʃən/","n. 搜集，收集；收藏品","a debt collection agency"
"cet4","collective","/kə'lektiv | kə'lektɪv | kə'lɛktɪv/","adj. 集体的；集合性的","a collective decision made by all board members"
"cet4","college","/'kɔlidʒ | 'kɒlɪdʒ | 'kɑlɪdʒ/","n. 学院；大学","a teacher training college"
"cet4","collision","/kəˈlɪʒn | kə'lɪʒən/","n. 撞击；冲突","They were on their way to the airport when their van was involved in a collision with a car."
"cet4","colonel","/'kə:nəl | 'kɜːn(ə)l | 'kɝnl/","n. 陆军上校；中校",""
"cet4","colony","/'kɒlənɪ | 'kɑləni/","n. 殖民地；侨居地","Algeria was formerly a French colony."
"cet4","color","/'kʌlə | 'kʌlə(r) | 'kʌlɚ/","n. 颜色，彩色；颜料","...yellow is an important color because of its unique symbolic meaning..."
"cet4","column","/'kɔləm | ˈkɒləm | 'kɑləm/","n. 专栏","He writes a weekly column for ‘The Times’."
"cet4","comb","/kəum | kəʊm | kom/","n. 梳子; v. 梳理","Your hair needs a good comb."
"cet4","combat","/'kɒmbæt | 'kɑmbæt/","n. 战争，斗争，格斗; vt. 与…斗争， 与…战斗","We flew over 200 combat missions in the war."
"cet4","combination","/,kɔmbi'neiʃən | kɒmbɪ'neɪʃ(ə)n | ,kɑmbɪ'neʃən/","n. 联合，结合","a combination nightclub and café"
"cet4","combine","/kəm'bain | kəm'baɪn/","v. 联合，结合","Diets are most effective when combined with exercise."
"cet4","come","/kʌm/","v. 来，来到；出现","Let me know when they come."
"cet4","comedy","/'kɒmədi | 'kɑmədi/","n. 喜剧， 喜剧性","a career in stand-up comedy"
"cet4","comfort","/'kʌmfət | 'kʌmfɚt/","n. 舒适；安慰; v. 安慰","I dress for comfort, not fashion."
"cet4","comfortable","/'kʌmfətəbl | ˈkʌmftəbl | 'kʌmftəbl/","adj. 舒适的，安慰的","I was so comfortable and warm in bed I didn’t want to get up."
"cet4","command","/kə'mɑ:nd | kə'mɑːnd | kə'mænd/","v. 命令，指挥；控制","He commands the 4th Battalion."
"cet4","commander","/kə'mɑ:ndə | kə'mɑːndə | kə'mændɚ/","n. 司令官，指挥员","the American Commander, General Otis"
"cet4","commencement","/kə'mensmənt | kə'mensm(ə)nt | kə'mɛnsmənt/","n. 毕业典礼","President Bush gave the commencement address today at the University of Notre Dame."
"cet4","comment","/'kɔment | 'kɒment | 'kɑmɛnt/","n. 评论","He was fined for making abusive comments to the referee."
"cet4","commerce","/'kɒmɜːs | 'kɑmɝs/","n. 商业，贸易；社交","measures promoting local commerce and industry"
"cet4","commercial","/kə'mə:ʃəl | kə'mɜːʃ(ə)l | kə'mɝʃəl/","adj. 商业的；商品化的","Our top priorities must be profit and commercial growth."
"cet4","commission","/kə'miʃən | kə'mɪʃ(ə)n | kə'mɪʃən/","n. 委任状；委员会","The Government set up a commission to investigate allegations of police violence."
"cet4","commit","/kə'mit | kə'mɪt/","v. 犯罪，承担义务","Women commit fewer crimes than men."
"cet4","commitment","/kə'mitmənt | kə'mɪtm(ə)nt | kə'mɪtmənt/","n. 承诺，保证","Are you ready to make a long-term commitment ?"
"cet4","committee","/kə'miti | kəˈmɪti | kə'mɪti/","n. 委员会","a committee meeting"
"cet4","common","/'kɔmən | 'kɒmən | 'kɑmən/","adj. 普通的；共同的","Heart disease is one of the commonest causes of death."
"cet4","commonly","/'kɔmənli | 'kɒmənlɪ | 'kɑmənli/","adv. 普通地，一般地","Sodium chloride is more commonly known as salt."
"cet4","communicate","/kə'mjuːnɪkeɪt | kə'mjunɪket/","v. 通讯；传达；传播","A baby communicates its needs by crying."
"cet4","communication","/kəmjuːnɪ'keɪʃ(ə)n | kə,mjunɪ'keʃən/","n. 通讯；传达；交通","a week’s course in improving communication skills"
"cet4","communism","/'kɔmjunizəm | 'kɒmjʊnɪz(ə)m | 'kɑmjʊ'nɪzəm/","n. 共产主义","...the ultimate triumph of communism in the world."
"cet4","communist","/'kɔmjunist | 'kɒmjʊnɪst | 'kɑmjənɪst/","n. 共产党员","Without the communists in France, the resistance might not have succeeded in World War II."
"cet4","community","/kə'mju:niti | kə'mjuːnɪtɪ | kə'mjʊnəti/","n. 社区；社会；公社","The new arts centre will serve the whole community."
"cet4","companion","/kəm'pænjən | kəm'pænɪən/","n. 同伴；共事者；伴侣","For ten years he had been her constant companion ."
"cet4","company","/'kʌmp(ə)ni | 'kʌmp(ə)nɪ | 'kʌmpəni/","n. 公司，商号；同伴","Which company do you work for?"
"cet4","comparable","/'kɒmpərəbl | 'kɑmpərəbl/","adj. 可比较的； 类似的； 比得上的","A car of comparable size would cost far more abroad."
"cet4","comparative","/kəm'pærətiv | kəm'pærətɪv/","adj. 比较的，相对的","After a lifetime of poverty, his last few years were spent in comparable comfort."
"cet4","compare","/kəm'peə(r) | kəm'pɛr/","v. 比较，对照","The report compares the different types of home computer available."
"cet4","comparison","/kəm'pærisən | kəm'pærɪs(ə)n | kəm'pærɪsn/","n. 比较，对照；比似","Her paintings invite comparison with those of the early Impressionists (= they remind you of them ) ."
"cet4","compass","/'kʌmpəs/","n. 罗盘，指南针；圆规","a map and compass"
"cet4","compassion","/kəm'pæʃn | kəm'pæʃən/","n. 同情， 怜悯","I was shocked by the doctor’s lack of compassion ."
"cet4","compel","/kəm'pel | kəm'pɛl/","v. 强迫","...the introduction of legislation to compel cyclists to wear a helmet."
"cet4","compensate","/'kɔmpenseit | 'kɒmpenseɪt | 'kɑmpɛnset/","v. 弥补，补偿","Because my left eye is so weak, my right eye has to work harder to compensate."
"cet4","compensation","/,kɔmpen'seiʃən | ˌkɒmpenˈseɪʃn | ,kɑmpɛn'seʃən/","n. 弥补，补偿","People who are wrongly arrested may be paid compensation ."
"cet4","compete","/kəm'pi:t | kəm'piːt | kəm'pit/","v. 竞争","Me: What do you mean ""compete""?"
"cet4","competent","/'kɔmpitənt | ˈkɒmpɪtənt | 'kɑmpɪtənt/","adj. 胜任的，有能力的","A competent mechanic should be able to fix the problem."
"cet4","competition","/,kɔmpi'tiʃən | kɒmpɪ'tɪʃ(ə)n | ,kɑmpə'tɪʃən/","n. 竞争，比赛","Going to trade fairs is an ideal opportunity to size up the competition ."
"cet4","competitive","/kəm'petətɪv | kəm'pɛtətɪv/","adj. 竞争的， 比赛的； 好竞争的， 求胜心切的； 有竞争力的","Some US industries are not as competitive as they have been in the past."
"cet4","competitiveness","/kəm'petitivnis | kəm'petətɪvnɪs | kəm'pɛtətɪvnɪs/","n. 竞争力","New machinery has enhanced the company’s productivity and competitiveness."
"cet4","competitor","/kəm'petitə | kəm'pɛtɪtɚ/","n. 竞争者，对手","Last year they sold twice as many computers as their competitors."
"cet4","compile","/kəm'pail | kəm'paɪl/","v. 编辑，编制，搜集","The document was compiled by the Department of Health."
"cet4","complacency","/kəm'pleisənsi | kəmˈpleɪsnsi | kəm'plesnsi/","n. 自满，满足","Doctors have warned against complacency in fighting common diseases."
"cet4","complain","/kəm'plein | kəm'pleɪn | kəm'plen/","v. 抱怨","Residents are complaining because traffic in the area has increased."
"cet4","complaint","/kəm'pleint | kəm'plent/","n. 抱怨; 投诉","If you wish to make a complaint, you should see the manager."
"cet4","complement","/'kɔmplimənt | 'kɒmplɪm(ə)nt | ˈkɑːmplɪment/","v. 补充","John and Bob complemented each other well."
"cet4","complete","/kəm'pli:t | kəm'plit/","v. 完成; adj. 完整的，彻底的","Students must complete the course."
"cet4","completely","/kəm'pli:tli | kəm'pliːtlɪ | kəm'plitli/","adv. 十分，完全地","I completely forgot that it’s his birthday today."
"cet4","complex","/'kɔmpleks | ˈkɒmpleks | kəm'plɛks; 'kɑm,plɛks/","adj. 复杂的","a complex system of highways"
"cet4","complicate","","vt. 使复杂；使陷入","If the answer to all of these questions is no, a framework will only complicate matters."
"cet4","complicated","/'kɔmplikeitid | 'kɑmplɪketɪd/","adj. 复杂的，难懂的","a complicated voting system"
"cet4","comply","/kəm'plai | kəm'plaɪ/","v. 遵从","The newspaper was asked by federal agents for assistance and agreed to comply."
"cet4","component","/kəm'pəunənt | kəmˈpəʊnənt | kəm'ponənt/","n. 成分","companies that make electronic components for computer products"
"cet4","compose","/kəm'pəuz | kəm'pəʊz | kəm'poz/","v. 组成，构成；创作","Barrington has composed the music for a new production of ‘A Midsummer Night’s Dream’."
"cet4","composition","/kɒmpə'zɪʃ(ə)n | ,kɑmpə'zɪʃən/","n. 构成；作品；写作","Some minerals have complex chemical compositions."
"cet4","compound","/'kɒmpaʊnd | 'kɑmpaʊnd/","n. 化合物；复合词","man-made organic compounds"
"cet4","comprehension","/,kɔmpri'henʃən | kɒmprɪ'henʃ(ə)n | ,kɑmprɪ'hɛnʃən/","n. 理解，理解力；领悟","Why you let her talk you into doing such a foolish thing is beyond my comprehension (= impossible for me to understand ) ."
"cet4","comprehensive","/,kɔmpri'hensiv | ˌkɒmprɪˈhensɪv | ˌkɑːmprɪˈhensɪv/","adj. 综合的，全面的","We offer our customers a comprehensive range of financial products."
"cet4","compress","/kəm'pres, 'kɔmpres | kəm'pres | kəm'prɛs/","v. 压紧，压缩","Light silk is best for parachutes, as it compresses well and then expands rapidly."
"cet4","comprise","/kəm'praiz | kəm'praɪz/","v. 包含，包括；构成","The house comprises two bedrooms, a kitchen, and a living room."
"cet4","compromise","/'kɔmprəmaiz | 'kɒmprəmaɪz | 'kɑmprəmaɪz/","n. 妥协，和解","Compromise is an inevitable part of marriage."
"cet4","compute","/kəm'pju:t | kəm'pjuːt | kəm'pjʊt/","v. 计算，估计，估算","Final results had not yet been computed."
"cet4","computer","/kəm'pju:tə | kəm'pjuːtə | kəm'pjutɚ/","n. 计算机，电脑","a huge global computer network"
"cet4","comrade","/'kɔmrid | 'kɒmreɪd | 'kɑmræd/","n. 同志，亲密的同伴","Comrades, please support this motion."
"cet4","conceal","/kən'si:l | kən'siːl | kən'sil/","v. 把…隐藏起来","The shadows concealed her as she crept up to the house."
"cet4","concede","/kən'siːd | kən'sid/","vt. 承认， 承认…为真； 承认失败； 允许， 让予； 让步， 认输","‘That’s the only possible solution.’ ‘Yes, I suppose so,’ Charles conceded."
"cet4","concentrate","/'kɔnsəntreit | 'kɒns(ə)ntreɪt | 'kɑnsn'tret/","v. 集中；聚集；浓缩","Now please concentrate."
"cet4","concentration","/,kɔnsən'treiʃən | kɒns(ə)n'treɪʃ(ə)n | 'kɑnsn'treʃən/","n. 集中","The area has one of the world's greatest concentrations of wildlife."
"cet4","concept","/'kɔnsept | 'kɑnsɛpt/","n. 观点，观念","a new concept in business travel"
"cet4","concern","/kənˈsɜ:n | kən'sɝn/","v & n. 涉及，关系到","His main concern is to be able to provide for his family."
"cet4","concerning","/kən'sə:niŋ | kən'sɜːnɪŋ | kən'sɝnɪŋ/","prep. 关于","calls from young children concerning lost pets"
"cet4","concert","/kən'sə:t, 'kɔnsə:t | 'kɒnsət | 'kɑnsɚt/","n. 音乐会，演奏会","a rock concert"
"cet4","concession","/kən'seʃn | kən'sɛʃən/","n. 让步， 妥协； 特许， 特许权； 承认， 认可","The British were not prepared to make any concessions ."
"cet4","conclude","/kən'klu:d | kən'kluːd | kən'klud/","v. 推断出；结束","When the investigation is concluded, the results will be sent to the US Attorney’s office."
"cet4","conclusion","/kən'klu:ʒən | kən'kluːʒ(ə)n | kən'kluʒn/","n. 结论","These are the report’s main conclusions."
"cet4","concrete","/kən'kri:t, 'kɔnkri:t | 'kɒŋkriːt | 'kɑŋkrit/","adj. 具体的","What does that mean in concrete terms ?"
"cet4","condemn","/kən'dem | kən'dɛm/","v. 谴责，指责；判刑","Politicians were quick to condemn the bombing."
"cet4","condense","/kən'dens | kən'dɛns/","v. 压缩，使缩短","the mist which condensed on every cold surface"
"cet4","condition","/kən'diʃən | kən'dɪʃ(ə)n | kən'dɪʃən/","n. 状况，状态；环境","Profits increased by £1.5m, despite the difficult economic conditions."
"cet4","conduct","/'kɔndʌkt, kən'dʌkt | 'kɒndʌkt | kən'dʌkt/","n. 举止，行为；指导","The Senator’s conduct is being investigated by the Ethics Committee."
"cet4","conductor","/kən'dʌktə | kən'dʌktɚ/","n. 售票员；(乐队)指挥","Graphite is a highly efficient conductor of electricity."
"cet4","conference","/'kɒnf(ə)r(ə)ns | 'kɑnfərəns/","n. 会议，讨论会","Representatives from over 100 countries attended the International Peace Conference in Geneva."
"cet4","confess","/kən'fes | kən'fɛs/","v. 供认，承认；坦白","Occasionally people confess to crimes they haven’t committed just to get attention."
"cet4","confidence","/'kɔnfidəns | 'kɒnfɪdəns | 'kɑnfɪdəns/","n. 信心","I felt I was doing well and my confidence began to grow."
"cet4","confident","/'kɔnfidənt | 'kɒnfɪd(ə)nt | 'kɑnfɪdənt/","adj. 确信的，自信的","Despite her disability, Philippa is very confident."
"cet4","confidential","/ˌkɒnfɪ'denʃl | ,kɑnfɪ'dɛnʃl/","adj. 秘密的， 机密的； 亲信的","a confidential government report"
"cet4","confine","/kən'faɪn/","v. 限制；禁闭","Vaughan is confined to a wheelchair ."
"cet4","confirm","/kən'fə:m | kən'fɝm/","v. 确认；证实；批准","New evidence has confirmed the first witness’s story."
"cet4","conflict","/kən'flikt, 'kɔnflikt | 'kɒnflɪkt | 'kɑnflɪkt/","v. 冲突","Personal ethics and professional ethics sometimes conflict."
"cet4","conform","/kən'fɔ:m | kən'fɔrm/","v. 相一致，遵守","It is a solid, proven solution for adopting multiple standards -- whether your goal is to conform to the law or to improve your business practices."
"cet4","confront","/kən'frʌnt/","v. 面对","The problems confronting the new government were enormous."
"cet4","confrontation","/,kɔnfrʌn'teiʃən | ,kɒnfrʌn'teɪʃn | ,kɑnfrən'teʃən/","n. 冲突，对抗","She had stayed in her room to avoid another confrontation."
"cet4","confuse","/kən'fju:z | kənˈfju:z | kən'fjʊz/","v. 使混淆，迷惑","People might well confuse the two products."
"cet4","confusion","/kən'fju:ʒən | kən'fjuːʒ(ə)n | kən'fjʊʒən/","n. 混乱；骚乱；混淆","To avoid confusion, the teams wore different colours."
"cet4","congratulate","/kən'ɡrætʃu,leit | kən'grætjʊleɪt | kən'ɡrætʃulet/","v. 祝贺，向…道喜","He never even stopped to congratulate me."
"cet4","congratulation","/kən,ɡrætʃu'leiʃən | kəngrætjʊ'leɪʃ(ə)n | kən,ɡrætʃu'leʃən/","n. 祝贺；祝贺词","letters of congratulation"
"cet4","congress","/'kɔŋɡres, kən'ɡres | 'kɒŋgres | 'kɑŋɡrəs/","n. 大会；国会，议会","a congress of the ruling Labor Party"
"cet4","conjunction","/kən'dʒʌŋkʃən | kən'dʒʌŋ(k)ʃ(ə)n/","n. 接合，连接；连接词","The worksheets are designed to be used in conjunction with the new course books."
"cet4","connect","/kə'nekt | kə'nɛkt/","v. 连接，连结；联系","We’d like two rooms with connecting doors (= doors that join the rooms ) ."
"cet4","connection","/kəˈnekʃn | kə'nɛkʃən/","n. 连接，联系；连贯性","Police have so far failed to establish a connection between the two murders."
"cet4","connectivity","/,kɔnek'tivəti | kɒnek'tɪvɪtɪ | ,kɑnɛk'tɪvɪti/","n. 连接，联系","a growing demand for high-speed connectivity"
"cet4","connexion","/kə'nekʃn | kə'nekʃən/","n. connection的英式拼法",""
"cet4","conquer","/'kɔŋkə | 'kɒŋkə | 'kɑŋkɚ/","v. 征服，战胜；破除","The Normans conquered England in 1066."
"cet4","conquest","/'kɔŋkwest | 'kɒŋkwest | 'kɑŋkwɛst/","n. 攻取，征服；克服","the Norman Conquest (= the conquest of England by the Normans )"
"cet4","conscience","/'kɔnʃəns | ˈkɑːnʃəns/","n. 良心","Well, at least I can face them all with a clear conscience (= the knowledge that you have done nothing wrong ) ."
"cet4","conscious","/'kɔnʃəs | 'kɒnʃəs | 'kɑnʃəs/","adj. 意识到的；有意的","The driver was still conscious when the ambulance arrived."
"cet4","consciousness","/'kɔnʃəsnis | 'kɒnʃəsnɪs | 'kɑnʃəsnəs/","n. 意识","The painful memories eventually faded from her consciousness."
"cet4","consensus","/kən'sensəs | kən'sɛnsəs/","n. 一致意见","The EU Council of Finance Ministers failed to reach a consensus on the pace of integration."
"cet4","consent","/kən'sent | kən'sɛnt/","v. 允许，同意; n. 同意，一致","He finally consented to go."
"cet4","consequence","/'kɔnsi,kwəns | ˈkɔnsikwəns | 'kɑnsəkwɛns/","n. 结果，成果","Her lawyer said she understood the consequences of her actions and was prepared to go to jail."
"cet4","consequently","/'kɔnsi,kwəntli | ˈkɒnsɪkwəntli | 'kɑnsəkwɛntli/","adv. 结果","Most computer users have never received any formal keyboard training. Consequently, their keyboard skills are inefficient."
"cet4","conservation","/,kɔnsə'veiʃən | ˌkɒnsəˈveɪʃn | ,kɑnsɚ'veʃən/","n. 保护，保存","wildlife conservation"
"cet4","conservative","/kən'sə:vətiv | kən'sɝvətɪv/","adj. 保守的，传统的","a very conservative attitude to education"
"cet4","consider","/kən'sidə | kən'sɪdə | kən'sɪdɚ/","v. 认为；考虑；关心","We will have to consider your offer carefully ."
"cet4","considerable","/kən'sidərəbl | kən'sɪdərəbl/","adj. 相当大(或多)的","Michael has already spent considerable time in Barcelona."
"cet4","considerably","/kən'sidərəbli | kən'sɪd(ə)rəblɪ | kən'sɪdərəbli/","adv. 相当地，非常地","It’s considerably colder today."
"cet4","considerate","/kən'sidərit | kənˈsɪdərət | kənˈsɪdərɪt/","adj. 体贴的；考虑周到的","He was always kind and considerate."
"cet4","consideration","/kən,sidə'reiʃən | kənsɪdə'reɪʃ(ə)n | kən,sɪdə'reʃən/","n. 考虑，思考；体贴","proposals put forward for consideration"
"cet4","considering","/kən'sɪdərɪŋ/","prep. 鉴于， 考虑到， 顾及","Considering the strength of the opposition, we did very well to score two goals."
"cet4","consist","/kən'sɪst/","v. 由……组成","My diet consisted almost exclusively of chocolate-covered cookies and glasses of milk."
"cet4","consistent","/kən'sistənt | kənˈsɪstənt | kən'sɪstənt/","adj. 一致的","She’s the team’s most consistent player."
"cet4","conspicuous","/kən'spikjuəs | kən'spɪkjʊəs/","adj. 显著地","The notice must be displayed in a conspicuous place."
"cet4","constant","/'kɔnstənt | 'kɒnstənt | 'kɑnstənt/","adj. 不断的，持续的","There was a constant stream of visitors to the house."
"cet4","constantly","/'kɔnstəntli | 'kɒnst(ə)ntlɪ | 'kɑnstəntli/","adv. 不断地，时常地","He talked constantly about his work."
"cet4","constitute","/'kɔnstitju:t | 'kɒnstɪtjuːt | 'kɑnstətut/","v. 组成","We must redefine what constitutes a family."
"cet4","constitution","/kɒnstɪ'tjuːʃ(ə)n | 'kɑnstə'tʊʃən/","n. 章程；体质；构造","The right to speak freely is written into the Constitution of the United States."
"cet4","construct","/kən'strʌkt/","v. 建造；建设；构筑","There are plans to construct a new road bridge across the river."
"cet4","construction","/kən'strʌkʃən | kən'strʌkʃn/","n. 建筑","a road construction project"
"cet4","constructive","/kən'strʌktiv | kənˈstrʌktɪv | kən'strʌktɪv/","adj. 建设的，建设性的","The meeting was very constructive."
"cet4","consult","/kɔn'sʌlt, 'kɔnsʌlt | kən'sʌlt/","v. 咨询","If symptoms persist, consult a doctor without delay."
"cet4","consultancy","/kən'sʌltənsi/","n. 咨询公司","a management consultancy"
"cet4","consultant","/kən'sʌltənt | kən'sʌlt(ə)nt/","n. 顾问","a management consultant"
"cet4","consume","/kən'sju:m | kənˈsju:m | kənˈsum/","v. 消费，消耗","Only 27% of the paper we consume is recycled."
"cet4","consumer","/kən'sjuːmə | kən'sumɚ/","n. 消费者， 用户， 消耗者","Consumers will soon be paying higher airfares."
"cet4","consumption","/kən'sʌmpʃən | kənˈsʌmpʃn/","n. 消费，消耗","Vigorous exercise increases oxygen consumption."
"cet4","contact","/'kɔntækt | 'kɑntækt/","v & n. 联系，接触","The town is cut off from contact with the outside world."
"cet4","contain","/kən'tein | kən'teɪn | kən'ten/","v. 包含，容纳；等于","The thieves stole a purse containing bank-notes."
"cet4","container","/kən'teinə | kən'teɪnə | kən'tenɚ/","n. 容器；集装箱","ice cream in plastic containers"
"cet4","contaminate","/kən'tæmɪneɪt | kən'tæmɪnet/","v. 污染，弄脏","Drinking water supplies are believed to have been contaminated."
"cet4","contemporary","/kən'tempərəri | kən'temprərɪ | kən'tɛmpərɛri/","adj. 当代的，现代的","She writes a lot of contemporary music for people like Whitney Houston."
"cet4","contempt","/kən'tempt | kən'tem(p)t | kən'tɛmpt/","n. 轻蔑；藐视；受辱","The public is treated with contempt by broadcasters."
"cet4","content","/'kɔntent | 'kɒntent | 'kɑntɛnt/","n. 内容","The content of the media course includes scripting, editing and camera work."
"cet4","contest","/'kɒntest | kən'tɛst/","n. 比赛","Stone decided to hold a contest to see who could write the best song."
"cet4","context","/'kɔntekst | 'kɑntɛkst/","n. 背景，环境","The meaning of ‘mad’ depends on its context. mad"
"cet4","continent","/'kɔntinənt | 'kɒntɪnənt | 'kɑntɪnənt/","n. 大陆；陆地；洲","the continents of Asia and Africa"
"cet4","continual","/kən'tinjuəl | kən'tɪnjʊəl | kən'tɪnjuəl/","adj. 不断的；连续的","five weeks of continual rain"
"cet4","continue","/kən'tinju: | kən'tɪnjuː | kən'tɪnju/","v. 继续，连续；延伸","He will be continuing his education in the US."
"cet4","continuous","/kən'tinjuəs | kən'tɪnjʊəs/","adj. 连续不断的，持续的","continuous economic growth"
"cet4","contract","/'kɔntrækt, kən'trækt | 'kɔntrækt | 'kɑntrækt/","n. 合同","Employees who refuse to relocate are in breach of contract (= have done something not allowed by their contracts ) ."
"cet4","contradiction","/,kɔntrə'dikʃən | kɒntrə'dɪkʃ(ə)n | ,kɑntrə'dɪkʃən/","n. 矛盾，不一致；否认","apparent contradictions in the defendant’s testimony"
"cet4","contrary","/'kɔntrəri | 'kɒntrərɪ | 'kɑntrɛri/","adj. 相反的; n. 相反","Two contrary views emerged."
"cet4","contrast","/kən'trɑ:st, -'træst, 'kɔntrɑ:st, -træst | 'kɔntræst | 'kɑntræst/","n. 对比，反差; v. 对比","The sauce is quite sweet, so add dried thyme as a contrast."
"cet4","contribute","/kən'tribju:t | kən'trɪbjut/","v. 捐款，贡献","The three sons also contribute to the family business."
"cet4","contribution","/,kəntri'bju:ʃən | kɒntrɪ'bjuːʃ(ə)n | ,kɑntrɪ'bjuʃən/","n. 贡献；捐献","a campaign contribution"
"cet4","control","/kən'trəul | kən'trəʊl | kən'trol/","v. 控制，克制; n. 控制","Police had to be called in to control the crowds."
"cet4","controversial","/ˌkɒntrə'vɜːʃl | ,kɑntrə'vɝʃl/","adj. 引起争论的， 有争议的","the controversial issue of welfare reform"
"cet4","controversy","/'kɒntrəvɜːsi | ˈkɑntrəvɝ​sɪ/","n. 争论， 辩论","a political controversy"
"cet4","convenience","/kən'vi:njəns | kən'viːnɪəns | kən'vinɪəns/","n. 便利，方便；厕所","Ready meals sell well because of their convenience."
"cet4","convenient","/kən'viːnɪənt | kən'vinɪənt/","adj. 方便的","Mail-order catalogs are a convenient way to shop."
"cet4","convention","/kən'venʃən | kən'venʃ(ə)n | kən'vɛnʃən/","n. 习俗，惯例；公约","Playing together teaches children social conventions such as sharing."
"cet4","conventional","/kən'venʃənəl | kən'venʃənl | kən'vɛnʃənl/","adj. 传统的","Internet connections through conventional phone lines are fairly slow."
"cet4","conversation","/kɒnvə'seɪʃ(ə)n | ,kɑnvɚ'seʃən/","n. 会话，非正式会谈","a telephone conversation"
"cet4","conversely","/'kɔnvə:sli | 'kɒnvɜːslɪ; kən'vɜːslɪ | 'kɑnvɝsli/","adv. 相反地","American consumers prefer white eggs; conversely, British buyers like brown eggs."
"cet4","conversion","/kən'və:ʃən | kən'vɜːʃ(ə)n | kən'vɝʒn/","n. 转变，转化；改变","...the conversion of disused rail lines into cycle routes."
"cet4","convert","/kən'və:t | kən'vɜːt | kən'vɝt/","v. 使转变；使改变","a 19th-century converted barn"
"cet4","convey","/kən'vei | kən'veɪ | kən've/","v. 传达，传递","All this information can be conveyed in a simple diagram."
"cet4","convict","/kən'vikt | kən'vɪkt/","v. 证明…有罪","a convicted murderer"
"cet4","conviction","/kən'vɪkʃn | kən'vɪkʃən/","n. 确信； 坚定的信仰； 说服， 信服； 定罪， 判罪","It was a reasonable explanation, but his voice lacked conviction ."
"cet4","convince","/kən'vins | kən'vɪns/","v. 使相信","Her arguments didn’t convince everyone, but changes were made."
"cet4","convincing","/kən'vinsiŋ | kən'vɪnsɪŋ/","adj. 令人信服的","convincing evidence of his guilt"
"cet4","cook","/kuk | kʊk/","v. 烹调，煮; v. 烧菜","Where did you learn to cook?"
"cet4","cool","/ku:l | kuːl | kul/","adj. 凉的，冷静的","She swam out into the cool water."
"cet4","cooperate","/kəu'ɔpəreit | kəʊ'ɒpəreɪt | koʊˈɑːpəreɪt/","v. 合作，协作；配合","They agreed to co-operate with Brazil on a programme to protect the rain forests."
"cet4","cooperative","/kəu'ɔpərətiv | kəʊ'ɒpərətɪv | ko'ɑpərətɪv/","adj. 合作的","He was doing his best to be cooperative."
"cet4","coordinate","/kəu'ɔ:dinit, kəu'ɔ:dineit | kəʊ'ɔ:dɪneɪt | ko'ɔrdɪnet/","v. 使协调，调节","The agencies are working together to co-ordinate policy on food safety."
"cet4","coordination","/kəuˌɔːdɪ'neɪʃn | ko,ɔrdɪ'neʃən/","n. 同等； 调和","Too much alcohol affects your coordination."
"cet4","cop","/kɒp | kɑp/","n. 警察","the local cop"
"cet4","cope","/kəup | kəʊp | kop/","v. 对付，应付","Sometimes I find it hard to cope."
"cet4","copper","/'kɒpə | 'kɑpɚ/","n. 铜；铜币，铜制器","He offered to do the job for a few coppers."
"cet4","copy","/'kɔpi | 'kɒpɪ | 'kɑpi/","n. 抄件; v. 抄写，复制","back-up copies of your files"
"cet4","copyright","/'kɒpiraɪt | 'kɑpɪraɪt/","n. 版权","Who owns the copyright of this book?"
"cet4","cord","/kɔ:d | kɔːd | kɔrd/","n. 细绳，粗线，索","The robe was held at the waist by a cord."
"cet4","cordial","/'kɔ:djəl | 'kɔːdɪəl | 'kɔrdʒəl/","adj. 真诚的，诚恳的","The talks were conducted in a cordial atmosphere."
"cet4","core","/kɔ: | kɔː | kɔr/","n. 果实的心，核心","Remove the cores, and bake the apples for 40 minutes."
"cet4","corn","/kɔ:n | kɔːn | kɔrn/","n. 谷物；(英)小麦","fields of corn"
"cet4","corner","/'kɔ:nə | 'kɔːnə | 'kɔrnɚ/","n. 角；犄角；边远地区","He pulled a dirty handkerchief out by its corner and waved it at me."
"cet4","corporate","/ˈkɔ:pərət | ˈkɔːrpərət/","adj. 法人的；团体的；社团的","corporate responsibility"
"cet4","corporation","/,kɔ:pə'reiʃən | kɔːpə'reɪʃ(ə)n | ,kɔrpə'reʃən/","n. 公司，企业；社团","He works for a large American corporation."
"cet4","correct","/kə'rekt | kə'rɛkt/","adj. 正确的; v. 纠正","If my calculations are correct, we’re about ten miles from Exeter."
"cet4","correction","/kə'rekʃən | kə'rekʃ(ə)n | kə'rɛkʃən/","n. 改正，纠正，修改","I just need to make a few corrections , and then we can send it to the printer."
"cet4","correspond","/,kɔ:ri'spɔnd | kɒrɪ'spɒnd | ,kɔrə'spɑnd/","v. 相符合；相当","The two halves of the document did not correspond."
"cet4","correspondence","/ˌkɒrə'spɒndəns | ,kɔrə'spɑndəns/","n. 信件， 函件； 通信， 通信联系； 符合， 一致， 相似","A secretary came in twice a week to deal with his correspondence."
"cet4","correspondent","/,kɔ:ri'spɔndənt | kɒrɪ'spɒnd(ə)nt | ,kɔrə'spɑndənt/","n. 通信者；通讯员","Our correspondent in South Africa sent this report."
"cet4","corresponding","/,kɔ:ri'spɔndiŋ | ,kɒrɪ'spɒndɪŋ | ,kɔrə'spɑndɪŋ/","adj. 相应的；符合的","The war and the corresponding fall in trade have had a devastating effect on the country."
"cet4","corridor","/'kɒrɪdɔː | 'kɔrɪdɔr/","n. 走廊，回廊，通路","Go down here and the bathroom’s at the end of the corridor."
"cet4","cost","/kɔst | kɒst/","n. 价格，代价；成本","I offered to pay the cost of the taxi."
"cet4","costly","/'kɔstli | 'kɒs(t)lɪ/","adj. 昂贵的；价值高的","Such a database would be extremely costly to set up."
"cet4","cottage","/'kɔtidʒ | 'kɒtɪdʒ | 'kɑtɪdʒ/","n. 村舍，小屋","a country cottage"
"cet4","cotton","/'kɔtən | 'kɒt(ə)n | 'kɑtn/","n. 棉；棉线；棉布","a white cotton shirt"
"cet4","cough","/kɔ:f | kɒf | kɔf/","v. 咳，咳嗽; n. 咳嗽","Matthew coughed and cleared his throat."
"cet4","could","/强 kud, 弱 kəd | kəd; kʊd | kʊd/","aux. v(can的过去式)","...It was like living in an age you could never have imagined..."
"cet4","council","/'kaunsəl | 'kaʊnsl/","n. 议会","the council for civil liberties"
"cet4","counsel","/'kaunsəl | 'kaʊns(ə)l | 'kaʊnsl/","v. 忠告，建议","My advisers counselled me to do nothing."
"cet4","counseling","/'kaunsəliŋ | 'kaʊnsəlɪŋ | 'kaʊnslɪŋ/","n. 咨询服务","If the answer is no, you really need to get some professional counseling to determine if this marriage should be saved."
"cet4","count","/kaunt | kaʊnt/","v. 计算; v. 数，计数","I was amazed at the number of plants - I counted 147."
"cet4","counter","/英 [ˈkaʊntə(r)] 美 [ˈkaʊntɚ | 'kaʊntə | 'kaʊntɚ/","n. 柜台；计数器","He wondered if the girl behind the counter recognised him."
"cet4","country","/'kʌntrɪ | 'kʌntri/","n. 国家，国土；农村","the Scandinavian countries"
"cet4","countryside","/'kʌntri,said | 'kʌntrɪsaɪd/","n. 乡下，农村","The house had lovely views over open countryside ."
"cet4","county","/'kaunti | 'kaʊntɪ | 'kaʊnti/","n. 英国的郡，美国的县","Fairfax County, Virginia"
"cet4","couple","/'kʌpl | 'kʌp(ə)l/","n. 夫妻，情侣","a newly married couple"
"cet4","coupon","/'kuːpɒn | 'kupɑn/","n. 礼券， 优惠券， 配给券； 联票； 票证","The coupon entitles you to ten cents off your next purchase."
"cet4","courage","/'kʌridʒ | 'kʌrɪdʒ | 'kɝrɪdʒ/","n. 勇气，胆量，胆识","Sue showed great courage throughout her illness."
"cet4","courageous","/kə'reidʒəs | kə'reɪdʒəs | kə'redʒəs/","adj. 有勇气的","He was wrong, and courageous enough to admit it."
"cet4","course","/kɔːs | kɔrs/","n. 课程；过程；一道菜","...The other cut down gradually over the course of two weeks..."
"cet4","court","/kɔ:t | kɔːt | kɔrt/","n. 法院，法庭；庭院","It could not be proved in a court of law."
"cet4","courtyard","/'kɔːtjɑːd | 'kɔrtjɑrd/","n. 庭院， 院子","the castle courtyard"
"cet4","cousin","/'kʌzən | 'kʌz(ə)n | 'kʌzn/","n. 堂(或表)兄弟(姐妹)","My cousin Mark helped me to bring in the bags."
"cet4","cover","/'kʌvə | 'kʌvɚ/","v. 盖，包括; n. 盖子","Cover the pot and bake for an hour."
"cet4","cow","/kau | kaʊ/","n. 母牛，奶牛；母兽","a herd of cows"
"cet4","coward","/'kauəd | 'kaʊəd | 'kaʊɚd/","n. 懦夫；胆怯者","Try it. Don’t be such a coward."
"cet4","cozy","/ˈkəuzi | 'kozi/","adj. 舒适的","Come over to the fire and cozy up a bit."
"cet4","crack","/kræk/","n. 裂缝，裂纹; v. 爆裂","She opened the door a crack and peeped into the room."
"cet4","craft","/krɑ:ft, kræft | krɑːft | kræft/","n. 工艺；手艺，行业","traditional rural crafts"
"cet4","crane","/krein | kreɪn | kren/","n. 起重机，摄影升降机","The little prefabricated hut was lifted away by a huge crane."
"cet4","crash","/kræʃ/","n & v. 坠落;坠毁;撞击","The jet crashed after take-off."
"cet4","crawl","/krɔ:l | krɔːl | krɔl/","v. 爬，爬行","We crawled into bed at 2 am."
"cet4","crazy","/'kreizi | 'kreɪzɪ | 'krezi/","adj. 疯狂的，荒唐的","The neighbours must think we’re crazy."
"cet4","cream","/kri:m | kriːm | krim/","n. 奶油，乳脂；奶油色","fresh cream"
"cet4","create","/kri'eit | kriː'eɪt | krɪ'et/","v. 创造；引起，产生","Some people believe the universe was created by a big explosion."
"cet4","creative","/kri'eitiv | kriː'eɪtɪv | krɪ'etɪv/","adj. 创造性的，创作的","This job is so boring. I wish I could do something more creative."
"cet4","creativity","/,kriei'tiviti | ˌkri:eɪ'tɪvətɪ | ,krie'tɪvəti/","n. 创造力","artistic creativity"
"cet4","creature","/'kri:tʃə | 'kriːtʃə | 'kritʃɚ/","n. 生物，动物，家畜","all the living creatures in the sea"
"cet4","credit","/'kredit | 'kredɪt | 'krɛdɪt/","n. 信用贷款；信用","The store agreed to let him have credit."
"cet4","creep","/kri:p | kriːp | krip/","v. 爬行；缓慢地行进","He crept back up the stairs, trying to avoid the ones that creaked."
"cet4","crew","/kru: | kruː | krʊ/","n. 全体船员","The plane crashed, killing two of the crew and four passengers."
"cet4","cricket","/'krikit | 'krɪkɪt/","n. 板球；蟋蟀","The boy traded his knife for a cricket bat."
"cet4","crime","/kraim | kraɪm/","n. 罪，罪行；犯罪","We moved here because there was very little crime."
"cet4","criminal","/'kriminəl | 'krɪmɪn(ə)l | 'krɪmɪnl/","n. 犯人，罪犯，刑事犯","Police have described the man as a violent and dangerous criminal."
"cet4","criminology","/ˌkrɪmɪ'nɒlədʒi | ,krɪmɪ'nɑlədʒi/","n. 犯罪学， 刑事学","The relationship between victimology and criminology is a longstanding issue within the academic realm."
"cet4","cripple","/'kripl | 'krɪp(ə)l | 'krɪpl/","n. 跛子；残废的人","She has gone from being a healthy, fit, and sporty young woman to being a cripple."
"cet4","crisis","/'kraisis | 'kraɪsɪs/","n. 危机","The country now faces an economic crisis ."
"cet4","critic","/'kritik | 'krɪtɪk/","n. 批评家，评论家","Mather was a film critic for many years."
"cet4","critical","/'kritikəl | ˈkrɪtɪkl | 'krɪtɪkl/","adj. 批评的，爱挑剔的","He made some highly critical remarks."
"cet4","criticism","/'krɪtɪsɪzəm | ˈkrɪtɪsɪzəm | 'krɪtə'sɪzəm/","n. 批评","Despite strong criticism , the new system is still in place."
"cet4","criticize","/ˈkrɪtɪsaɪz | 'krɪtɪsaɪz | 'krɪtə'saɪz/","v. 批评；评论","Ron does nothing but criticize and complain all the time."
"cet4","crop","/krɔp | krɒp | krɑp/","n. 农作物，庄稼；一熟","The main crops were oats and barley."
"cet4","cross","/krɒs | krɔs/","v. 穿过；使交叉","He raised his arms in triumph as he crossed the line for his 100-metres win."
"cet4","crossing","/'krɒsɪŋ | 'krɔsɪŋ/","n. 人行横道， 交叉口； 横渡","You must give way to any pedestrians on the crossing."
"cet4","crow","/krəu | krəʊ | kro/","n. 鸦，乌鸦; v. 啼","The crows roosted in Fonsa's Tower."
"cet4","crowd","/[kraud] | kraʊd/","n. 群；大众；一伙人","A vast crowd gathered in the main square."
"cet4","crown","/kraun | kraʊn/","n. 王冠，冕；花冠","How long does it take to have crowns fitted?"
"cet4","crucial","/'kru:ʃəl | 'kruːʃ(ə)l | 'krʊʃəl/","adj. 至关重要的","The conservation of tropical forests is of crucial importance ."
"cet4","crude","/kru:d | kruːd | krud/","adj. 简陋的；天然的","a crude estimate of the population available for work"
"cet4","cruel","/英 ['kru:əl] 美 [ˈkruəl] | krʊəl | 'kruəl/","adj. 残忍的，残酷的","His death was a cruel blow ."
"cet4","cruelty","/'kru:əlti | 'krʊəltɪ | 'krʊəlti/","n. 残暴，残酷","The children had suffered cruelty and neglect."
"cet4","cruise","/kruːz | krʊz/","vi. 航游，巡航；缓慢巡行; n. 航游， 游弋","She wants to cruise the canals of France in a barge."
"cet4","crush","/krʌʃ/","v. 压碎，碾碎；镇压","His leg was crushed in the accident."
"cet4","crust","/krʌst/","n. 面包皮；硬外皮","sandwiches with the crusts cut off"
"cet4","cry","/krai | kraɪ/","v. 哭，哭泣；叫喊","Don’t cry, Laura. It’ll be OK."
"cet4","crystal","/'kristəl | 'krɪst(ə)l | 'krɪstl/","n. 水晶，结晶体；晶粒","a set of six crystal glasses"
"cet4","cube","/kju:b | kjuːb | kjʊb/","n. 立方形；立方","a sugar cube"
"cet4","cubic","/'kju:bik | 'kjuːbɪk | 'kjubɪk/","adj. 立方形的；立方的","the cubic capacity of an engine"
"cet4","cucumber","/'kju:kʌmbə | 'kjuːkʌmbə | 'kjʊ,kʌmbɚ/","n. 黄瓜","The ""gurkophone"" is one of their classics, made from a hollowed cucumber, a pepper and a carrot."
"cet4","cue","/kjuː | kju/","n. 暗示，信号；提示; vt. 提示； 暗示","She stood nervously in the wings waiting for her cue."
"cet4","cultivate","/'kʌltiveit | 'kʌltɪveɪt | 'kʌltɪvet/","v. 培养","We cultivated maize and watermelons."
"cet4","culture","/'kʌltʃə | 'kʌltʃɚ/","n. 文化，文明；教养","We speak Danish at home so that the boys don’t lose touch with their language and culture."
"cet4","cunning","/'kʌniŋ | 'kʌnɪŋ/","adj. 狡猾的，狡诈的","a cunning opponent"
"cet4","cup","/kʌp/","n. 杯子；(一)杯；奖杯","Mathew picked up the cup and sipped his coffee."
"cet4","cupboard","/'kʌbəd | 'kʌbɚd/","n. 碗柜，碗碟橱；食橱","It’s in the kitchen cupboard."
"cet4","curb","/kə:b | kəb | kɝb/","v & n. 控制","measures to curb the spread of the virus"
"cet4","cure","/kjuə | kjʊə; kjɔː | kjʊr/","v. 医治；消除; n. 治愈","She had some acupuncture treatment which seems to have cured her."
"cet4","curiosity","/,kjuri'ɔsiti | kjʊərɪ'ɒsɪtɪ | ,kjʊrɪ'ɑsəti/","n. 好奇心","I opened the packet just to satisfy my curiosity ."
"cet4","curious","/'kjuəriəs | ˈkjʊəriəs | 'kjʊrɪəs/","adj. 好奇的","Puppies are naturally curious."
"cet4","curl","/kə:l | kɜːl | kɝl/","n. 卷毛；螺旋; v. 卷曲","Use a diffuser to maximise the volume and curl of your hair."
"cet4","currency","/'kʌrənsi | ˈkɜrənsi/","n. 通货， 货币； 通行， 流行","The bank can supply you with foreign currency ."
"cet4","current","/'kʌrənt | kɝ​ənt/","adj. 当前的","the current President"
"cet4","currently","/'kʌrəntli | 'kʌrəntlɪ | 'kɝrəntlɪ/","adv. 当前；一般地","the products that are currently available"
"cet4","curriculum","/kə'rɪkjələm/","n. 课程， 全部课程","Languages are an essential part of the school curriculum."
"cet4","curse","/kə:s | kɜːs | kɝs/","n. 诅咒，咒骂；天谴","He believed that someone had put a curse on the house."
"cet4","curtain","/'kə:tən | 'kɜːt(ə)n | 'kɝtn/","n. 帘，窗帘；幕(布)","red velvet curtains"
"cet4","curve","/kə:v | kɜːv | kɝv/","n. 曲线；弯; v. 弄弯","The curve illustrates costs per capita."
"cet4","cushion","/'kuʃən | 'kʊʃ(ə)n | 'kʊʃən/","n. 垫子，坐垫，靠垫","a velvet cushion"
"cet4","custom","/'kʌstəm/","n. 习惯，风俗；海关","He awoke early, as was his custom."
"cet4","customer","/'kʌstəmə | 'kʌstəmɚ/","n. 顾客，主顾","We aim to offer good value and service to all our customers."
"cet4","cut","/kʌt/","v. 切，割，剪；减少","They’re introducing CCTV cameras in an attempt to cut street crime in the area."
"cet4","cycle","/'saikl | 'saɪk(ə)l | 'saɪkl/","n. n自行车，循环","a woman’s menstrual cycle"
"cet4","daily","/'deili | 'deɪlɪ | 'delɪ/","adj. 每日的; n. 日报","daily flights to Miami"
"cet4","dairy","/'dεəri | 'deərɪ | 'dɛri/","n. 牛奶场；乳制品","In my childhood, local dairies bought milk from local farmers."
"cet4","dam","/dæm/","n. 水坝，水堤；障碍物","Before the dam was built, Campbell River used to flood in the spring."
"cet4","damage","/'dæmɪdʒ/","v. 损害，毁坏; n. 损害","insects that damage crops"
"cet4","damn","/dæm/","interjection. 该死，见鬼〔表示很生气或失望〕; adv. 非常，很; adj. 该死的〔表示对某人或某事物生气〕","Damn! I’ve left my keys in the office."
"cet4","damp","/dæmp/","adj. 潮湿的，有湿气的","Wipe the leather with a damp cloth."
"cet4","dampen","/'dæmpən | 'dæmp(ə)n/","v. 抑制","The light rain dampened the crowd’s enthusiasm."
"cet4","dance","/dɑ:ns, dæns | dɑːns | dæns/","v. 跳舞；摇晃; n. 舞","Come on, let’s dance."
"cet4","danger","/'deindʒə | 'deɪn(d)ʒə | 'dendʒɚ/","n. 危险；危险事物","Danger! No boats beyond this point."
"cet4","dangerous","/'deindʒərəs | 'deɪn(d)ʒ(ə)rəs | 'dendʒərəs/","adj. 危险的，不安全的","laws about dangerous dogs"
"cet4","dare","/dεə | deə | dɛr/","vt&aux. v敢；竟敢","He wanted to ask her, but he didn’t dare."
"cet4","daring","/'dεəriŋ | 'deərɪŋ | 'dɛrɪŋ/","adj. 大胆的，勇敢的","a daring rescue attempt"
"cet4","dark","/'dɑ:k | dɑːk | dɑrk/","adj. 暗的；黑色的","The church was dark and quiet."
"cet4","darling","/'dɑ:liŋ | 'dɑːlɪŋ | 'dɑrlɪŋ/","n. 亲爱的人；宠儿","Look, darling, there’s Mary."
"cet4","dash","/dæʃ/","v. 使猛撞；溅; n. 猛冲","Suddenly she dashed down to the cellar."
"cet4","data","/'deitə | 'deɪtə | 'detə/","n. 数据;; n. 资料","The research involves collecting data from two random samples."
"cet4","date","/deit | deɪt | det/","n. 日期; v. 注…日期","The date on the letter was 30th August 1962."
"cet4","daughter","/'dɔ:tə | 'dɔːtə | 'dɔtɚ/","n. 女儿","She’s got two daughters and one son."
"cet4","dawn","/dɔ:n | dɔːn | dɔn/","n. 黎明；开端; v. 破晓","When dawn broke (= the first light of the day appeared ) , we were still 50 miles from Calcutta."
"cet4","day","/dei | deɪ | de/","n. (一)天，白昼，白天","She only leaves her house during the day."
"cet4","daylight","/'deilait | 'deɪlaɪt | 'delaɪt/","n. 白昼，日光；黎明","The park is open to the public during daylight hours ."
"cet4","dead","/ded | dɛd/","adj. 死的，无生命的","Her mother had been dead for ten years."
"cet4","deadline","/'dedlain | ˈdedlaɪn/","n. 最后期限","I’m always working under pressure to meet deadlines (= finish something on time ) ."
"cet4","deadly","/'dedli | 'dedlɪ | 'dɛdli/","adj. 致命的，死一般的","a deadly poison"
"cet4","deaf","/def | dɛf/","adj. 聋的；不愿听的","communication between deaf and hearing people"
"cet4","deal","/di:l | diːl | dil/","n. 买卖；待遇; v. 给予","The prime minister promised farmers a new deal (= a new and fairer system ) ."
"cet4","dear","/diə | dɪə | dɪr/","adj. 亲爱的; int. 啊","Dear Sir or Madam, ..."
"cet4","death","/deθ | dɛθ/","n. 死，死亡；灭亡","1.5 million people are in immediate danger of death from starvation."
"cet4","debate","/di'beit | dɪ'beɪt | dɪ'bet/","n&vi. 争论，辩论","the gun-control debate in the US"
"cet4","debt","/det | dɛt/","n. 债务","He had enough money to pay off his outstanding debts."
"cet4","decade","/'dekeid | 'dekeɪd; dɪ'keɪd | 'dɛked/","n. 十年，十年期","...the last decade of the nineteenth century."
"cet4","decay","/di'kei | dɪ'keɪ | dɪ'ke/","v. 腐烂；衰败; n. 腐烂","Her body was already starting to decay."
"cet4","deceit","/di'si:t | dɪ'siːt | dɪ'sit/","n. 欺骗，欺诈","an atmosphere of hypocrisy and deceit"
"cet4","deceive","/di'si:v | dɪ'siːv | dɪ'siv/","v. 欺骗，蒙蔽，行骗","He had been deceived by a young man claiming to be the son of a millionaire."
"cet4","December","/di'sembə | dɪ'sembə | dɪ'sɛmbɚ/","n. 十二月","In the dark of December."
"cet4","decent","/'di:sənt | ˈdi:snt | 'disnt/","adj. 正派的，体面的","a decent burial"
"cet4","deception","/dɪ'sepʃn | dɪ'sɛpʃən/","n. 欺骗； 诡计， 骗局","She didn’t have the courage to admit to her deception."
"cet4","decide","/di'said | dɪ'saɪd/","v. 决定，决心；解决","Has anything been decided yet?"
"cet4","decision","/di'siʒən | dɪ'sɪʒ(ə)n | dɪ'sɪʒn/","n. 决定，决心；果断","Do you ever wonder if you made the right decision?"
"cet4","deck","/dek | dɛk/","n. 甲板；舱面；层面","Eddie returned to the flight deck (= the part of an aircraft where the pilot sits ) ."
"cet4","declaration","/ˌdeklə'reɪʃn | ,dɛklə'reʃən/","n. 宣布， 宣告； 宣言， 声明； 申报","a ceasefire declaration"
"cet4","declare","/di'klεə | dɪ'kleə | dɪ'klɛr/","v. 断言；声明；表明","A state of emergency has been declared."
"cet4","decline","/di'klain | dɪ'klaɪn/","v. 下降，减少；拒绝","Spending on information technology has declined."
"cet4","decorate","/'dekəreit | 'dekəreɪt | 'dɛkəret/","v. 装饰","The bathroom is decorated in green and yellow."
"cet4","decrease","/di'kri:s, 'di:-, 'di:kri:s, di'k- | dɪ'kriːs | dɪ'kris/","vi&n. 减少，减少","The number of people who have the disease has decreased significantly in recent years."
"cet4","deduce","/di'dju:s | dɪ'djuːs | dɪ'dʊs/","v. 演绎，推论，推断","Alison cleverly deduced that I was the author of the letter."
"cet4","deed","/diːd | did/","n. 行为；功绩；契约","After the morning’s good deeds he deserved a rest."
"cet4","deep","/di:p | diːp | dip/","adj. 深的；纵深的","a deep wound"
"cet4","deepen","/'di:pən | 'diːp(ə)n | 'dipən/","v. 使加深，加剧","The recession continues to deepen."
"cet4","deer","/diə | dɪə | dɪr/","n. 鹿","The hunter wounded the deer."
"cet4","defeat","/dɪ'fiːt | dɪ'fit/","v. 战胜，击败；挫败","They hoped to defeat the enemy at sea."
"cet4","defect","/'di:fekt, di'f-, di'fekt | 'diːfekt; dɪ'fekt | ‘dɪfɛkt/","n. 缺点，缺陷，欠缺","All the cars are tested for defects before they leave the factory."
"cet4","defence","/di'fens | dɪ'fens/","n. 防御；防务；辩护","The land was flat, giving no scope for defence."
"cet4","defend","/di'fend | dɪ'fend | dɪ'fɛnd/","v. 保卫，防守","a struggle to defend our homeland"
"cet4","define","/di'fain | dɪ'faɪn/","v. 下定义，确定","the ability to define clients’ needs"
"cet4","definite","/'definit | 'defɪnɪt | 'dɛfɪnət/","adj. 明确的；肯定的","It’s impossible for me to give you a definite answer."
"cet4","definitely","/'definitli | 'defɪnɪtlɪ | 'dɛfɪnətli/","adv. 一定地，明确地","‘Do you reckon Margot will be there?’ ‘ Definitely not .’"
"cet4","definition","/,defi'niʃən | defɪ'nɪʃ(ə)n | ,dɛfɪ'nɪʃən/","n. 定义","a dictionary definition"
"cet4","degree","/di'ɡri: | dɪˈgri: | dɪ'ɡri/","n. 程度","Preheat the oven to 425 degrees."
"cet4","delay","/di'lei | dɪ'leɪ | dɪ'le/","v. 推迟，延期","Don’t delay – send off for the information now."
"cet4","delegate","/ˈdɛlɪˌɡeɪt; -ɡɪt; (for v.,) ˈdɛlɪˌɡeɪt | ˈdɛləgɪt; (for v.,) ˈdɛləˌgeɪt/","n. 代表， 代表团成员; vt. 委派…为代表； 授 ， 把…委托给","Around 350 delegates attended the conference."
"cet4","delegation","/,deli'ɡeiʃən | delɪ'geɪʃ(ə)n | ,dɛlɪ'ɡeʃən/","n. 代表团","A trade delegation will visit Kuwait."
"cet4","delete","/di'li:t | dɪ'liːt | dɪ'lit/","v. 删除；擦掉","His name was deleted from the list."
"cet4","deliberate","/di'libərət | dɪ'lɪb(ə)rət | dɪ'lɪbərət/","adj. 故意的","a deliberate attempt to humiliate her"
"cet4","delicate","/'delikət | 'delɪkət | ˈdɛlɪkɪt/","adj. 纤细的；易碎的","delicate hand-cut glass"
"cet4","delicious","/di'liʃəs | dɪ'lɪʃəs/","adj. 美味的，怡人的","‘The meal was absolutely delicious,’ she said politely."
"cet4","delight","/di'lait | dɪ'laɪt/","n. 高兴","Throughout the house, the views are a constant source of surprise and delight."
"cet4","delightful","/dɪ'laɪtfʊl | dɪ'laɪtfl/","adj. 高兴的",""
"cet4","deliver","/di'livə | dɪ'lɪvə(r) | dɪ'lɪvɚ/","v. 发表","The king delivered a televised speech to the nation on November 5."
"cet4","delivery","/di'livəri | dɪ'lɪv(ə)rɪ | dɪ'lɪvəri/","n. 投递；交付；分娩","Most Indian restaurants offer free delivery."
"cet4","demand","/di'mɑ:nd, -'mænd | di'mɑ:nd | dɪ'mænd/","v & n. 需求，要求","Production is still increasing faster than demand."
"cet4","democracy","/di'mɔkrəsi | dɪ'mɒkrəsɪ | dɪˈmɑkrəsi/","n. 民主，民主制","a return to democracy after 16 years of military rule"
"cet4","democratic","/,demə'krætik,-kəl | ˌdeməˈkrætɪk | 'dɛmə'krætɪk/","adj. 民主的","a democratic government"
"cet4","demonstrate","/'demənstreit | 'demənstreɪt | 'dɛmən'stret/","v. 证明；展示","The study demonstrates the link between poverty and malnutrition."
"cet4","dense","/dens | dɛns/","adj. 密集的；浓厚的","a dense rurally-based population"
"cet4","density","/'densəti | 'densətɪ | 'dɛnsəti/","n. 密度","areas of high population density"
"cet4","dental","/'dentl | 'dɛntl/","adj. 牙齿的， 牙科的","Good oral hygiene and regular dental care are important, whatever your age."
"cet4","deny","/di'nai | dɪ'naɪ | dɪ'nai/","v. 否定；拒绝相信","The government denied the existence of poverty among 16- and 17-year-olds."
"cet4","depart","/di'pɑ:t | dɪ'pɑːt | dɪ'pɑrt/","v. 离开，起程；出发","Flights by Air Europe depart Gatwick on Tuesdays."
"cet4","department","/di'pɑ:tmənt | dɪ'pɑ:tmənt | dɪ'pɑrtmənt/","n. 部门","the personnel department"
"cet4","departure","/di'pɑ:tʃə | dɪ'pɑːtʃə | dɪ'pɑrtʃɚ/","n. 离开，出发，起程","There are several departures for New York every day."
"cet4","depend","/di'pend | dɪ'pend | dɪ'pɛnd/","v. 依靠，依赖；相信","He depended on his writing for his income."
"cet4","dependent","/di'pendənt | dɪ'pɛndənt/","adj. 依靠的，依赖的","Jan’s mother was dependent on her for physical care."
"cet4","deposit","/dɪ'pɒzɪt | dɪ'pɑzɪt/","v. 使沉淀；存放","The female deposits her eggs directly into the water."
"cet4","depress","/di'pres | dɪ'pres | dɪ'prɛs/","v. 使沮丧；按下","The thought of taking the exam again depressed him."
"cet4","depressed","/di'prest | dɪ'prɛst/","adj. 沮丧的；萧条的","Britain’s depressed housing market"
"cet4","depressing","/di'presiŋ | dɪ'presɪŋ | dɪ'prɛsɪŋ/","adj. 令人沮丧的","It’s a depressing thought."
"cet4","depression","/dɪ'preʃn | dɪ'prɛʃən/","n. 抑郁， 沮丧； 不景气， 萧条； 洼地， 凹陷","Mr. Thomas was suffering from depression."
"cet4","deprive","/di'praiv | dɪ'praɪv/","v. 剥夺，夺去，使丧失","They've been deprived of the fuel necessary to heat their homes."
"cet4","depth","/depθ | dɛpθ/","n. 深度；深厚；深处","Astronomers may one day travel to the depths of space."
"cet4","deputy","/'depjuti | 'dɛpjuti/","n. 副职， 副手； 代表， 代理人","...Jack Lang, France's minister for culture, and his deputy, Catherine Tasca."
"cet4","derive","/dɪ'raɪv/","v. 得到，导出","Mr. Ying is one of those happy people who derive pleasure from helping others."
"cet4","descend","/di'send | dɪ'send | dɪ'sɛnd/","v. 下来，下降；下倾","Our plane started to descend."
"cet4","describe","/di'skraib | dɪ'skraɪb/","v. 形容；描写，描绘","The police asked her to describe the man."
"cet4","description","/di'skripʃən | dɪ'skrɪpʃ(ə)n | dɪ'skrɪpʃən/","n. 描写，形容；种类","The booklet gives a brief description of each place."
"cet4","desert","/'dezət | dɪ'zɜːt | (for v.) dɪˈzɝ​t; (for n.) 'dɛzɚt/","v. 抛弃","Helen was deserted by her husband."
"cet4","deserve","/di'zə:v | dɪ'zɜːv | dɪ'zɝv/","v. 值得","What have I done to deserve this?"
"cet4","design","/di'zain | dɪ'zaɪn/","v. 设计; n. 设计；图样","The tower was designed by Gilbert Scott."
"cet4","desirable","/di'zaiərəbl | dɪ'zaɪərəb(ə)l | dɪ'zaɪərəbl/","adj. 值得相望的；可取的","The ability to speak a foreign language is highly desirable ."
"cet4","desire","/di'zaiə | dɪ'zaɪə(r) | dɪ'zaɪɚ/","n. 渴望，欲望","female sexual desire"
"cet4","desk","","n. 书桌，办公桌","...where children shout slogans in order to learn self-control or must stand behind their desk when they can't sit still..."
"cet4","despair","/di'spεə | dɪ'speə | dɪ'spɛr/","n. 绝望; v. 绝望","The noise from the neighbours used to drive him to despair ."
"cet4","desperate","/'despərət | 'desp(ə)rət | 'dɛspərət/","adj. 拼死的；绝望的","I had no money left and was desperate."
"cet4","despise","/di'spaiz | dɪ'spaɪz/","v. 鄙视，蔑视","She despised her neighbours."
"cet4","despite","/di'spait | dɪˈspaɪt | dɪ'spaɪt/","prep. 不管","Despite all our efforts to save the school, the authorities decided to close it."
"cet4","dessert","/di'zə:t | dɪ'zɜ:t | dɪ'zɝt/","n. 甜点","She had homemade ice cream for dessert."
"cet4","destination","/,desti'neiʃən | ,destɪ'neɪʃ(ə)n | ,dɛstɪ'neʃən/","n. 目的地，终点；目标","Ellis Island has become one of America's most popular tourist destinations."
"cet4","destroy","/di'strɔi | dɪ'strɒɪ | dɪ'strɔɪ/","v. 破坏；消灭；打破","companies that are polluting and destroying the environment"
"cet4","destruction","/di'strʌkʃən | dɪˈstrʌkʃn | dɪ'strʌkʃən/","n. 破坏","{""COLLOINEXA"":[""weapons of mass destruction""]}"
"cet4","detail","/'di:teil, di'teil | 'diːteɪl | 'ditel/","n. 细节","This issue will be discussed in more detail in Chapter 5."
"cet4","detailed","/'di:teild, di'teild | 'di:teild | dɪ'teld/","adj. 细节的，详细的","a beautifully detailed carving"
"cet4","detect","/di'tekt | dɪ'tɛkt/","v. 觉察;检测","Many forms of cancer can be cured if detected early."
"cet4","detection","/di'tekʃən | dɪ'tekʃ(ə)n | dɪ'tɛkʃən/","n. 侦查；察觉","...the early detection of breast cancer."
"cet4","detective","/di'tektiv | dɪ'tektɪv | dɪ'tɛktɪv/","n. 侦探","She hired a detective to find out if her husband was having an affair."
"cet4","determination","/dɪ,tɜːmɪ'neɪʃ(ə)n | dɪˌtɜːrmɪˈneɪʃn/","n. 意志",""
"cet4","determine","/di'tə:min | dɪ'tɝmɪn/","v. 决定；下决心","The amount of available water determines the number of houses that can be built."
"cet4","develop","/di'veləp | dɪ'veləp | dɪ'vɛləp/","v. 发展；形成；开发","Knowledge in the field of genetics has been developing very rapidly."
"cet4","development","/di'veləpmənt | dɪ'veləpm(ə)nt | dɪ'vɛləpmənt/","n. 发展；开发；生长","child development"
"cet4","developmental","/dɪˌveləp'mentl | dɪ,vɛləp'mɛntl/","adj. 发展的","the developmental stages of childhood"
"cet4","device","/di'vais | dɪˈvaɪs | dɪ'vaɪs/","n. 装置，设备","The recording device has activated."
"cet4","devil","/'dev(ə)l | 'dɛvl/","n. 魔鬼，恶魔","The villagers believed a devil had taken control of his body."
"cet4","devise","/di'vaiz | dɪ'vaɪz/","v. 设计，发明","She devised a method for quicker communications between offices."
"cet4","devote","/di'vəut | dɪ'vəʊt | dɪ'vot/","v. 奉献，致力于","He decided to devote the rest of his life to scientific investigation."
"cet4","devotion","/dɪ'vəuʃn | dɪ'voʃən/","n. 献身， 奉献； 忠实； 热爱； 虔诚","At first she was flattered by his devotion."
"cet4","dew","/dju:, du: | 'djuː | du/","n. 露，露水","The dew gathered on the leaves."
"cet4","diagnose","/'daɪəgnəuz | ,daɪəɡ'nos/","vt. 诊断","He could diagnose an engine problem simply by listening."
"cet4","diagram","/'daiəɡræm | 'daɪəgræm | 'daɪəɡræm/","n. 图解，图表，简图",""
"cet4","dial","/'daiəl, dail | 'daɪəl/","n. 钟面；拨号盘; v. 拨","The lighted dial of her watch said 1.20."
"cet4","dialect","/'daiəlekt | 'daɪəlekt | 'daɪə'lɛkt/","n. 方言，土语，地方话","the local dialect"
"cet4","dialog","/'daiəlɔɡ | 'daɪəlɒɡ | 'daɪə,lɑg/","n. 对话，对白","In this dialog, you can only open an artifact in the editor."
"cet4","diameter","/dai'æmitə | daɪ'æmɪtə | daɪ'æmɪtɚ/","n. 直径","...a tube less than a fifth of the diameter of a human hair."
"cet4","diamond","/'daiəmənd | 'daɪəmənd/","n. 金钢石，钻石；菱形","a diamond engagement ring"
"cet4","diary","/'daiəri | 'daɪərɪ | 'daɪəri/","n. 日记，日记簿","Inge kept a diary (= wrote in a diary ) during the war years."
"cet4","dictate","/dik'teit, 'dikteit | dɪkˈteɪt | 'dɪktet/","v & n. 命令，规定","Federal funds have to be used as dictated by Washington."
"cet4","dictation","/dik'teiʃən | dɪk'teɪʃ(ə)n | dɪk'teʃən/","n. 口授笔录，听写","There were no secretaries available to take dictation (= write down what someone is saying ) ."
"cet4","dictator","/dik'teitə, 'dikteitə | ˈdɪkˌteɪtə | 'dɪktetɚ/","n. 独裁者；专制者","the downfall of the hated dictator"
"cet4","dictionary","/'dikʃənəri | 'dɪkʃ(ə)n(ə)rɪ | 'dɪkʃə'nɛri/","n. 词典，字典","a German-English dictionary"
"cet4","die","/dai | daɪ/","v. 死，死亡；灭亡","He died in 1985 at the age of 76."
"cet4","differ","/'difə | 'dɪfə | 'dɪfɚ/","v. 不同，相异","The two systems differ in many respects."
"cet4","difference","/'dɪf(ə)r(ə)ns | 'dɪfrəns/","n. 差别；差；分歧","(= there’s a very big difference ) between us."
"cet4","different","/'difərənt | 'dɪf(ə)r(ə)nt | 'dɪfrənt/","adj. 差异的；各种的","The place looks completely different now."
"cet4","difficult","/'difikəlt | 'dɪfɪk(ə)lt | 'dɪfɪkəlt/","adj. 困难的；难对付的","a difficult question"
"cet4","difficulty","/'difikəlti | 'dɪfɪk(ə)ltɪ | 'dɪfɪkəlti/","adj. 困难；难事；困境","...but that’s a bit of problem because people have difficulty getting through the traffic..."
"cet4","dig","/diɡ | dɪg | dɪɡ/","v. 掘，挖；采掘","freshly dug carrots"
"cet4","digest","/di'dʒest, dai-, 'daidʒest | daɪ'dʒest; dɪ- | daɪ'dʒɛst/","v. 消化；领会; n. 文摘","Most babies can digest a wide range of food easily."
"cet4","digital","/'didʒitəl | 'dɪdʒɪt(ə)l | 'dɪdʒɪtl/","adj. 数字的，计数的","digital TV"
"cet4","dilemma","/di'lemə, ,dai- | dɪˈlemə/","n. 困境","a moral dilemma"
"cet4","diligent","/'dilidʒənt | ˈdɪlɪdʒənt | 'dɪlɪdʒənt/","adj. 勤奋的","a diligent student"
"cet4","dim","/dim | dɪm/","adj. 昏暗的；朦胧的","in the dim light of the early dawn"
"cet4","dimension","/dɪ'menʃ(ə)n; daɪ- | dɪ'mɛnʃ(ə)n; daɪ-/","n. 尺寸，尺度；面积","a rectangle with the dimensions 5cm × 2cm"
"cet4","dinner","/'dinə | 'dɪnə | 'dɪnɚ/","n. 正餐，主餐；宴会","What time do you usually have dinner?"
"cet4","dip","/dip | dɪp/","v. 浸，蘸; v. 浸一浸","Dip each apple in the syrup until thickly coated."
"cet4","diploma","/di'pləumə | dɪˈpləʊmə | dɪ'plomə/","n. 文凭","...a new two-year course leading to a diploma in social work."
"cet4","diplomatic","/,diplə'mætik | dɪplə'mætɪk | ,dɪplə'mætɪk/","adj. 外交的","Diplomatic efforts to end the fighting began on October 25."
"cet4","direct","/di'rekt, dai- | dəˈrekt; daɪˈrekt | dɪˈrɛkt; daɪˈrɛkt/","adj. 直接的；直率的","Experienced users have direct access to the main data files."
"cet4","direction","","n. 方向，方位；指导","...Respect is shown by looking in the general direction but avoiding direct eye contact..."
"cet4","directly","/英 [dəˈrektli] 美 [dɪˈrɛktli, daɪ-] | dɪ'rektlɪ; daɪ- | dəˈrektli/","adv. 直接地；立即","The new property tax law won’t directly affect us."
"cet4","director","/di'rektə | dɪ'rektə; daɪ- | dɪˈrɛktɚ; daɪˈrɛktɚ/","n. 指导者；理事；导演","The company is run by a board of directors (= a group of directors ) ."
"cet4","dirt","/də:t | dɜːt | dɝt/","n. 尘，土；污物，污垢","You should have seen the dirt on that car!"
"cet4","dirty","/'də:ti | 'dɜːtɪ | ˈdɝ​tɪ/","adj. 脏的；下流的","a stack of dirty dishes in the sink"
"cet4","disable","/dis'eib | dɪs'eɪb(ə)l | dɪs'ebl/","v. 使无能，使伤残","Carter was permanently disabled in the war."
"cet4","disadvantage","/disəd'vɑ:ntidʒ | dɪsəd'vɑːntɪdʒ | ,dɪsəd'væntɪdʒ/","n. 不利情况，缺点","Criminal behaviour can be linked to economic disadvantage."
"cet4","disagree","/,disə'ɡri: | dɪsə'griː | ,dɪsə'ɡri/","v. 有分歧；不一致","Barr strongly disagreed with Kronfeld’s statement."
"cet4","disappear","/,disə'piə | ˌdɪsə'pɪə(r) | 'dɪsə'pɪr/","v. 不见，消失","At this point the path seemed to disappear altogether (= disappear completely ) ."
"cet4","disappoint","/,disə'pɔint | dɪsə'pɒɪnt | 'dɪsə'pɔɪnt/","v. 使失望，使受挫折","I hated to disappoint her."
"cet4","disappointing","/,disə'pɔintiɡ | dɪsə'pɒɪntɪŋ | ,dɪsə'pɔɪntɪŋ/","adj. 令人失望的","disappointing profit figures"
"cet4","disaster","/,di'zɑ:stə | dɪ'zɑːstə | dɪ'zæstɚ/","n. 灾难，灾祸；天灾","One hundred and twenty people died in China’s worst air disaster ."
"cet4","discard","/dis'kɑ:d, 'diskɑ:d | dɪ'skɑːd | dɪsˈkɑːrd/","v. 丢弃，抛弃，遗弃","Read the manufacturer's guidelines before discarding the box."
"cet4","discharge","/dis'tʃɑ:dʒ, 'distʃɑ:dʒ, dis'tʃ- | dis'tʃɑ:dʒ | dɪs'tʃɑrdʒ/","v. 释放；排出 解雇","Hospitals now tend to discharge patients earlier than in the past."
"cet4","discipline","/'disiplin | 'dɪsɪplɪn | 'dɪsəplɪn/","n. 纪律；训练; v. 训练","The book gives parents advice on discipline."
"cet4","disclose","/dis'kləuz | dɪs'kləʊz | dɪs'kloz/","v. 揭开，揭发；透露","Some companies have already voluntarily disclosed similar information ."
"cet4","discount","/['diskaunt, dis'k-] | 'diskaunt | dɪs'kaʊnt/","n. 折扣","They are often available at a discount."
"cet4","discourage","/dis'kʌridʒ | dɪs'kʌrɪdʒ | dɪs'kɝɪdʒ/","v. 使气馁, 阻碍","It may be difficult to do at first. Don't let this discourage you."
"cet4","discover","/dis'kʌvə | dɪ'skʌvə | dɪ'skʌvɚ/","v. 发现","The body was discovered in a field."
"cet4","discovery","/dis'kʌvəri | dɪ'skʌv(ə)rɪ | dɪ'skʌvəri/","n. 发现；被发现的事物","I felt I'd made an incredible discovery."
"cet4","discrimination","/dis,krimi'neiʃən | dɪ,skrɪmɪ'neɪʃ(ə)n | dɪ,skrɪmɪ'neʃən/","n. 歧视","laws to prevent discrimination"
"cet4","discuss","/dis'kʌs | dɪ'skʌs/","v. 讨论，谈论；论述","Littman refused to discuss the case publicly."
"cet4","discussion","/dis'kʌʃən | dɪ'skʌʃ(ə)n | dɪ'skʌʃən/","n. 讨论，谈论；论述","class discussions"
"cet4","disease","/di'zi:z | dɪ'ziːz | dɪ'ziz/","n. 病，疾病；病害","His father died of heart disease."
"cet4","disguise","/dis'ɡaiz | dɪs'gaɪz | dɪs'ɡaɪz/","v. 隐瞒，掩埋; n. 假装","He made no attempt to disguise his agitation."
"cet4","disgust","/dis'ɡʌst | dɪs'gʌst | dɪs'ɡʌst/","n. 厌恶，憎恶","He reached into the bin with a look of disgust on his face."
"cet4","dish","/dɪʃ/","n. 碟，盘子；菜肴","a serving dish"
"cet4","dishonest","/dis'ɔnist | dɪsˈɒnɪst | dɪs'ɑnɪst/","adj. 不诚实的","dishonest traders"
"cet4","dishonour","/dis'ɔnə | dɪs'ɑnɚ/","n. 不光彩；丢脸的人","I dare not quit my post, though an unfaithful sentinel, whose sure reward is death and dishonour, when his dreary watch shall come to an end!"
"cet4","dishwasher","/'diʃ,wɔʃə | 'dɪʃwɒʃə | 'dɪʃwɔʃɚ/","n. 洗碗机","I was a short-order cook and a dishwasher."
"cet4","disk","/disk | dɪsk/","n. 圆盘，唱片；磁盘","The program takes up 2.5 megabytes of disk space and can be run on a standard personal computer."
"cet4","dislike","/dis'laik | dɪs'laɪk/","vt&n. 不喜爱，厌恶","Why do you dislike her so much?"
"cet4","dismiss","/dɪs'mɪs/","v. 不再考虑；解雇","The government has dismissed criticisms that the country’s health policy is a mess."
"cet4","disorder","","n. 混乱，杂乱；骚乱","severe eating disorders such as bulimia and anorexia"
"cet4","disorderly","/dis'ɔ:dəli | dɪsˈɔ:dəli | dɪs'ɔrdɚli/","adj. 杂乱的","clothes left in a disorderly heap"
"cet4","display","/,dis'plei | dɪˈspleɪ | dɪ'sple/","n & v. 展览","a dazzling display (= very good display ) of flowers"
"cet4","displease","/dis'pli:z | dɪs'pliːz | dɪs'pliz/","v. 使不愉快，使生气","If there are aspects of your life that displease you make you feel regret, this is an opportunity to change direction."
"cet4","disposal","/dis'pəuzəl | dɪ'spəʊz(ə)l | dɪ'spozl/","n. 丢掉，处理，销毁","bomb disposal experts"
"cet4","dispose","/dis'pəuz | dɪ'spəʊz | dɪ'spoz/","v. 去掉，丢掉；销毁",""
"cet4","dispute","/dis'pju:t, 'dis- | dɪ'spju:t | 'dɪs'pjʊt/","n & v. 辩论，争论","It is beyond dispute that advances in medicine have enabled people to live longer."
"cet4","dissatisfy","/,dis'sætisfai | dɪ(s)'sætɪsfaɪ | dɪs'sætɪs,fai/","v. 不满意","More or other, they still dissatisfy."
"cet4","disservice","/,dis'sə:vis | dɪsˈsɜ:vɪs | dɪs'sɝvɪs/","n. 伤害，帮倒忙","He said the protesters were doing a disservice to the nation."
"cet4","dissolve","/di'zɔlv | dɪ'zɒlv | dɪ'zɑlv/","v. 使溶解；解散","Stir until the sugar dissolves."
"cet4","distance","/'distəns | 'dɪstəns/","n. 距离","Measure the distance between the two points."
"cet4","distant","/'dɪst(ə)nt | 'dɪstənt/","adj. 遥远的","the sound of distant gunfire"
"cet4","distinct","/dis'tiŋkt | dɪ'stɪŋ(k)t | dɪ'stɪŋkt/","adj. 明显的；有区别的","two entirely distinct languages"
"cet4","distinction","/dis'tiŋkʃən | dɪ'stɪŋ(k)ʃ(ə)n | dɪ'stɪŋkʃən/","n. 差别，不同，区分","Eliot’s distinction as a poet"
"cet4","distinctive","/dis'tiŋktiv | dɪˈstɪŋktɪv | dɪ'stɪŋktɪv/","adj. 独特的，与众不同的","a rock band with a distinctive sound"
"cet4","distinguish","/dis'tiŋɡwiʃ | di'stiŋgwiʃ | dɪ'stɪŋɡwɪʃ/","v. 区别，区分","Could he distinguish right from wrong?"
"cet4","distinguished","/dis'tiŋɡwiʃt | dɪˈstɪŋgwɪʃt | dɪ'stɪŋgwɪʃt/","adj. 显著的，杰出的","a long and distinguished career"
"cet4","distract","/dis'trækt | dɪ'strækt/","v. 分心","Try not to distract the other students."
"cet4","distracted","/dis'træktid | dɪˈstræktɪd | dɪ'stræktɪd/","adj. 分心的","She had seemed curiously distracted."
"cet4","distraction","/dis'trækʃən | dɪˈstrækʃn | dɪ'strækʃən/","n. 消遣；分心","I study in the library as there are too many distractions at home."
"cet4","distress","/di'stres | dɪ'stres | dɪ'strɛs/","v. 使痛苦，悲痛","The dream had distressed her greatly."
"cet4","distribute","/di'stribju:t, 'dis- | dɪ'strɪbjuːt | dɪ'strɪbjut/","v. 分发","a man distributing leaflets to passers-by"
"cet4","distribution","/,distri'bju:ʃən | dɪstrɪ'bjuːʃ(ə)n | 'dɪstrə'bjʊʃən/","n. 分发，分配；分布","a distribution centre"
"cet4","district","/'distrikt | 'dɪstrɪkt/","n. 区","a postal district"
"cet4","disturb","/dis'tə:b | dɪ'stɜːb | dɪ'stɝb/","v. 打扰，扰乱；弄乱","Sorry to disturb you, but I have an urgent message."
"cet4","ditch","/ditʃ | dɪtʃ/","n. 沟，沟渠，渠道","Both vehicles ended up in a ditch."
"cet4","dive","/'di:vei, daiv | daɪv/","v. 跳水；潜水；俯冲","Diving off the cliffs is dangerous."
"cet4","diverse","/dai'və:s, di- | daɪ'vɜːs | daɪ'vɝs/","adj. 各种各样的","subjects as diverse as pop music and archaeology"
"cet4","diversity","/dai'və:səti | dɪˈvəsɪti/","n. 多样性；差异","...the cultural diversity of Latin America."
"cet4","divide","/di'vaid | dɪ'vaɪd/","v. 分开","The Wall used to divide East and West Berlin."
"cet4","divine","/di'vain | dɪˈvaɪn | dɪ'vaɪn/","adj. 神圣的","divine power"
"cet4","division","/dɪ'vɪʒ(ə)n | də'vɪʒən/","n. 除法；部门","the Computer Services Division"
"cet4","divorce","","n. 离婚，离异; vi. 离婚","Why doesn’t she get a divorce ?"
"cet4","do","/duː | du/","aux. v; v. 做，干，办","‘Will Kay come?’ ‘She may do.’"
"cet4","dock","/dɔk | dɒk | dɑk/","n. 船坞；码头；船厂","A crowd was waiting at the dock to greet them."
"cet4","doctor","/'dɒktə | 'dɑktɚ/","n. 医生，医师；博士","She was treated by her local doctor."
"cet4","doctoral","/'dɒktərəl | 'dɔktərəl/","adj. 博士的","a doctoral thesis"
"cet4","document","/'dɔkjumənt, 'dɔkjument | 'dɒkjʊmənt | dɑkjəmənt/","n. 文件","She produces legal documents for a downtown Seattle law firm."
"cet4","dog","/dɔɡ, dɔ:ɡ | dɒg | dɔɡ/","n. 狗，犬，犬科动物","I could hear a dog barking ."
"cet4","dollar","/'dɔlə | 'dɒlə | 'dɑlɚ/","n. 元(货币单位)","It cost three dollars."
"cet4","domestic","/dəu'mestik | dəˈmestɪk | də'mɛstɪk/","adj. 国内的","...over 100 domestic flights a day to 30 leading U.S. destinations."
"cet4","dominant","/'dɔminənt | ˈdɒmɪnənt | 'dɑmɪnənt/","adj. 占优势的","The dominant male gorilla is the largest in the group."
"cet4","dominate","/'dɒmɪneɪt | 'dɑmɪnet/","vi. 拥有优势; vt. 在…中占首要地位；支配，统治，控制；耸立于，俯视","The industry is dominated by five multinational companies."
"cet4","domination","/,dɔmi'neiʃən | ˌdɒmɪ'neɪʃn | ,dɑmə'neʃən/","n. 主导","The imperialists use this ideology and culture as a lever for easily realizing their domination and subjugation, aggression and plunder of other countries."
"cet4","donate","/dəʊ'neɪt | də(ʊ)'neɪt | 'donet/","v. 捐赠","people who volunteer to donate blood"
"cet4","donation","/dəu'neiʃən | do'neʃən/","n. 捐赠","There have been generous donations from EU funds."
"cet4","donkey","/'dɔŋki | 'dɒŋkɪ/","n. 驴；笨蛋",""
"cet4","door","/dɔ: | dɔː | dɔr/","n. 门，通道；一家","Could you open the door for me?"
"cet4","dorm","/dɔ:m | dɔːm | dɔrm/","n. 宿舍","But I had no food in my dorm, so I had to go to canteen."
"cet4","dormitory","/'dɔ:mitəri | ˈdɔːmətri | 'dɔrmətɔri/","n. 宿舍","She lived in a college dormitory."
"cet4","dose","/dəus | dəʊs | dos/","n. 剂量，用量；一剂","I quite like Jamie in small doses (= in limited amounts but not a lot or often ) ."
"cet4","dot","/dɔt | dɒt | dɑt/","n. 点，圆点; v. 打点于","a pattern of dots"
"cet4","double","/'dʌbl | 'dʌb(ə)l/","adj. 两倍的；双的","a double sink"
"cet4","doubt","/daut | daʊt/","n. 怀疑；疑虑; v. 怀疑","There was still one little nagging doubt at the back of his mind."
"cet4","doubtful","/'dautful | 'daʊtfʊl; -f(ə)l | 'daʊtfəl/","adj. 难以预测的；怀疑的","‘Everything’s going to be all right, you’ll see.’ Jenny looked doubtful ."
"cet4","doubtless","/'dautlis | 'daʊtlɪs | 'daʊtləs/","adv. 无疑地；很可能","Doubtless there would be lots of rumours."
"cet4","down","/daun | daʊn/","adv. 向下，在下面","David bent down to tie his shoelace."
"cet4","downfall","/'daunfɔ:l | 'daʊnfɔ:l | 'daʊnfɔl/","n. （雨等的）大下特下","...Kodak's downfall over the last several decades was dramatic..."
"cet4","download","/,daʊn'lod | 'daʊnləʊd/","v. 下载","games that can be downloaded free from the Internet"
"cet4","downsize","/'daʊnsaɪz/","v. 裁员","The airline has downsized its workforce by 30%."
"cet4","downstairs","/'daun'stεəz | daʊn'steəz | 'daʊn'stɛrz/","adv. 在楼下; adj. 楼下的","Rosie ran downstairs to answer the door."
"cet4","downward","/'daunwəd | 'daʊnwəd | 'daʊnwɚd/","adj. 向下的; adv. 向下地","a gentle downward slope"
"cet4","dozen","/'dʌzən | 'dʌz(ə)n | 'dʌzn/","n. 一打，十二个","a dozen eggs"
"cet4","draft","/drɑːft | dræft/","n. 草稿；汇票; v. 起草","the rough draft of his new novel"
"cet4","drag","/dræɡ | dræg/","v. 拖，拉；拖曳","He grabbed her arm and dragged her into the room."
"cet4","dragon","/'dræɡən | 'dræg(ə)n/","n. 龙；凶暴的人",""
"cet4","drain","/drein | dreɪn | dren/","v. 排去；放水; n. 耗竭","He flushed the drain."
"cet4","drama","","n. 一出戏剧，剧本","the great traditions of ancient Greek drama"
"cet4","dramatic","/drə'mætɪk/","adj. 引人注目的，戏剧的","the amateur dramatic society"
"cet4","dramatically","/drə'mætɪklɪ | drə'mætɪkli/","adv. 戏剧性地，引人注目地","...Printing with moveable type on paper dramatically reduced the cost of producing a book compared with the old-fashioned ones handwritten on vellum..."
"cet4","draught","/drɑːft | drɑft/","n. 穿堂风，冷风; adj. 〔啤酒〕桶装的，散装的","Can you close the window? I’m in a draught ."
"cet4","draw","/drɔ: | drɔː | drɔ/","v. 画，划；拖；拨出","Katie had drawn a cottage with a little stream running next to it."
"cet4","drawer","/drɔ:(r) | drɔr/","n. 抽屉","She took a file from her desk drawer ."
"cet4","drawing","/'drɔ:iŋ | 'drɔː(r)ɪŋ | 'drɔɪŋ/","n. 图画，素描；绘图","I’ve never been very good at drawing."
"cet4","dread","/dred | drɛd/","n. 畏惧；恐怖; v. 惧怕","The prospect of flying filled me with dread ."
"cet4","dream","/dri:m | driːm | drim/","n. 梦；梦想; v. 做梦","I had lots of dreams last night."
"cet4","dress","/dres | drɛs/","n. 女服，童装；服装","a gentleman in evening dress"
"cet4","drift","/drift | drɪft/","v. 漂流，漂泊; n. 漂流","Smoke drifted up from the jungle ahead of us."
"cet4","drill","/dril | drɪl/","n. 钻头；操练; v. 钻孔","rifle drill"
"cet4","drink","/driŋk | drɪŋk/","v. 饮; v. 喝; n. 饮料","You should drink plenty of water."
"cet4","drip","/drip | drɪp/","v. 滴下；漏水; n. 水滴","The tap’s dripping ."
"cet4","drive","/draiv | draɪv/","v. 驾驶；打入；驱","Torrential rain drove the players off the course."
"cet4","driver","/draivə | 'draɪvə | 'draɪvɚ/","n. 驾驶员，司机","a taxi driver"
"cet4","drop","/drɔp | drɒp | drɑp/","v. 使落下；降低","Your button has dropped off."
"cet4","dropout","/'drɔpaut | ˈdrɒpaʊt | 'drɑpaʊt/","n. 辍学","a high school dropout"
"cet4","drought","/draut | draʊt/","n. 旱灾，干旱","...a country where drought and famines have killed up to two million people during the last eighteen years."
"cet4","drown","/draun | draʊn/","v. 淹死，溺死","Many people drowned when the boat overturned."
"cet4","drug","/drʌɡ | drʌg/","n. 药，药物，药材","a drug used in the treatment of cancer"
"cet4","drum","/drʌm/","n. 鼓；鼓状物，圆桶","a big bass drum"
"cet4","drunk","/drʌŋk/","adj. 醉的；陶醉的","You’re drunk."
"cet4","dry","/drai | draɪ/","adj. 干的，干燥的","I need to change into some dry clothes ."
"cet4","duck","/dʌk/","n. 鸭，雌鸭；鸭肉","roast duck with orange sauce"
"cet4","due","/dju:, du: | dju: | du/","adj. 到期的","The next income tax payment is due on 31 January."
"cet4","dull","/dʌl/","adj. 枯燥的；不鲜明的","Life is never dull when Elizabeth is here."
"cet4","dumb","/dʌm/","adj. 哑的；无言的","...a young deaf and dumb man."
"cet4","dump","/dʌmp/","v. 倾倒；倾销","We dumped our bags at the nearby Grand Hotel and hurried toward the market."
"cet4","durability","/,djuərə'biləti | ˌdjʊərə'bɪlətɪ/","n. 持久","A: Why do we have to do durability test?"
"cet4","durable","/'djuərəbl | 'djʊərəb(ə)l | 'dʊrəbl/","adj. 持久的，耐用的","Wood is a durable material."
"cet4","duration","/djʊ'reɪʃ(ə)n | du'reʃən/","n. 持续，持久","The course is of three years’ duration."
"cet4","during","/'djʊərɪŋ | 'dʊrɪŋ/","prep. 在…期间","During the summer she worked as a lifeguard."
"cet4","dusk","/dʌsk/","n. 薄暮，黄昏，幽暗","The street lights go on at dusk."
"cet4","dust","/dʌst/","n. 灰尘","All the furniture was covered in dust ."
"cet4","duty","/'dju:ti, 'du:- | 'djuːtɪ | 'dʊti/","n. 职责；责任；税","I promise I will do my duty ."
"cet4","dwelling","/'dweliŋ | 'dwelɪŋ | 'dwɛlɪŋ/","n. 住处，寓所","Some 3,500 new dwellings are planned for the area."
"cet4","dye","/dai | daɪ/","v. 染; n. 染料；染色","The women prepared, spun, and dyed the wool."
"cet4","dying","/'daiiŋ | 'daɪɪŋ/","adj. 垂死的；临终的","It was her dying wish to have a simple burial."
"cet4","dynamic","/dai'næmik | daɪ'næmɪk/","adj. 有活力的；动力的","dynamic and ambitious people"
"cet4","each","/i:tʃ | iːtʃ | itʃ/","pron. 各，各自; adj. 各","They reviewed each aspect of the plan bit by bit."
"cet4","eager","/'i:ɡə | 'iːgə | 'igɚ/","adj. 渴望的，热切的","He’s a bright kid and eager to learn."
"cet4","eagle","/'i:ɡl | 'iːg(ə)l | 'igl/","n. 鹰","The eagle drooped its wings."
"cet4","ear","/iə | ɪə | ɪr/","n. 耳朵；听力，听觉","She tucked her hair behind her ears."
"cet4","early","/'ə:li | 'ɜːlɪ | 'ɝli/","adv. 早; adj. 早的，早期的","We arrived early."
"cet4","earn","/ə:n | ɜːn | ɝn/","v. 赚得，挣得；获得","He earns nearly £20,000 a year."
"cet4","earnest","/'ə:nist | 'ɜːnɪst/","adj. 认真的，诚恳的","a rather earnest young man"
"cet4","earth","/ɜːθ | ɝθ/","n. 地球；陆地，地面","the planet Earth"
"cet4","earthquake","/'ə:θkweik | 'ɜːθkweɪk | 'ɝθ'kwek/","n. 地震；大震荡","An earthquake measuring 6.1 on the Richter scale struck southern California on June 28."
"cet4","ease","/i:z | iz/","n. 轻松，舒适","She lived a life of ease."
"cet4","easily","/'i:zili | 'iːzɪlɪ | 'izəli/","adv. 容易地；舒适的","They won quite easily."
"cet4","east","/i:st | iːst | ist/","n. 东；东部; adv. 在东方","Which way is east?"
"cet4","eastern","/'i:stən | 'iːst(ə)n | 'istɚn/","adj. 东方的；朝东的","the eastern shore of the island"
"cet4","easy","/'i:zi | 'iːzɪ | 'izi/","adj. 容易的；安逸的","The test was easy."
"cet4","easygoing","/'i:zi,ɡəuiŋ | 'i:zɪˌgəʊɪŋ | 'izɪ,goɪŋ/","adj. 脾气随和的，温和的","They thought she would be popular, warm and easygoing, but not demanding and difficult."
"cet4","eat","/i:t | iːt | it/","v. 吃，喝; v. 吃饭","Felix chatted cheerfully as he ate."
"cet4","echo","/'ekəu | 'ekəʊ | 'ɛko/","n. 回声，反响; v. 重复","Her scream was followed by a loud echo."
"cet4","economic","/,i:kə'nɔmik | ,iːkə'nɒmɪk; ek- | ˌikəˈnɑmɪk, ˌɛkəˈ-nɑmɪk/","adj. 经济的，经济学的","Economic growth is slow."
"cet4","economical","/,i:kə'nɔmikəl | iːkə'nɒmɪk(ə)l; ek- | ,ɛkə'nɑmɪkl/","adj. 节约的；经济学的","A small car is more economical to run."
"cet4","economy","/i'kɔnəmi | ɪ'kɒnəmɪ | ɪ'kɑnəmi/","n. 经济；节约，节省","a successful economy"
"cet4","edge","/edʒ | ɛdʒ/","n. 边缘，边；刀口","Put the eggs in the centre of the dish, with the vegetables and herbs around the edge."
"cet4","edition","/i'diʃən | ɪ'dɪʃ(ə)n | ɪ'dɪʃən/","n. 版，版本，版次","a paperback edition"
"cet4","editor","/'editə | 'edɪtə | 'ɛdɪtɚ/","n. 编辑，编者，校订者","the editor of a book of essays on modern poetry"
"cet4","editorial","/ˌedɪ'tɔːriəl | ,ɛdɪ'tɔrɪəl/","adj. 编辑的，主笔的，编者的；社论的，社论式的; n. 社论， 重要评论","an editorial assistant"
"cet4","educate","/'edju:keit | 'edjʊkeɪt | 'ɛdʒuket/","v. 教育；培养；训练","The Ormerod School educates handicapped children."
"cet4","education","/,edju:'keiʃən | edjʊ'keɪʃ(ə)n | ,ɛdʒu'keʃən/","n. 教育；训导；教育学","She also hopes her children will get a good education."
"cet4","effect","/i'fekt | ɪ'fekt | ɪ'fɛkt/","n. 影响","the long-term effects of the drug"
"cet4","effective","/i'fektiv | ɪ'fektɪv | ɪ'fɛktɪv/","adj. 有效的；有影响的","The cheaper drugs are just as effective in treating arthritis."
"cet4","efficiency","/i'fiʃənsi | ɪ'fɪʃ(ə)nsɪ | ɪ'fɪʃənsi/","n. 效率；功效，效能","considerable advancements in energy efficiency"
"cet4","efficient","/i'fiʃənt | ɪ'fɪʃ(ə)nt | ɪ'fɪʃnt/","adj. 效率高的，有能力的","a very efficient secretary"
"cet4","efficiently","/i'fiʃəntli | ɪ'fɪʃəntli/","adj. 有效地","This oil lubricates efficiently."
"cet4","effort","/'efət | 'ɛfɚt/","n. 努力；努力的成果","Lou lifted the box easily, without using much effort."
"cet4","egg","/eg | ɛɡ/","n. 蛋，鸡蛋，卵","Blackbirds lay their eggs in March."
"cet4","eight","/eit | eɪt | et/","num. 八，八个，第八","It’s only eight days till Christmas."
"cet4","eighteen","/'ei'ti:n | eɪ'tiːn; 'eɪtiːn | ,e'tin/","num. 十八，十八个","At least eighteen bullets were fired."
"cet4","eighth","/eitθ, eiθ | eɪtθ | etθ/","num. 第八; n. 八分之一","Until then, students could leave after the eighth grade, and a lot of them did."
"cet4","eighty","/'eiti | 'eɪtɪ | ˈeti/","num. 八十，八十个","The band was incredibly successful in the eighties."
"cet4","either","/'aɪðə; 'iː- | 'iðɚ/","pron. (两者)任何一个","...you are either smart enough to get around any codes or hopefully..."
"cet4","elaborate","/i'læbərət, i'læbəreit | ɪ'læb(ə)rət | ɪ'læbəret/","adj. 复杂的；精心制作的","pure silks embroidered with elaborate patterns"
"cet4","elastic","/i'læstik | ɪ'læstɪk/","n. 松紧带; adj. 有弹性的","Make a mask with long ears and attach a piece of elastic to go around the back of the head."
"cet4","elbow","/'elbəu | 'elbəʊ | 'ɛlbo/","n. 肘，肘部；弯管","He slipped and fell, badly bruising an elbow."
"cet4","elder","/'eldə | 'ɛldɚ/","adj. 年龄较大的; n. 长者","Sarah is the elder of the two."
"cet4","elderly","/'eldəli | 'ɛldɚli/","adj. 较老的，年长的; n. 到了晚年的人， 老年人","a well-dressed elderly woman"
"cet4","elect","/i'lekt | ɪ'lekt | ɪ'lɛkt/","v. 选举，推选；选择","the country’s first democratically elected government"
"cet4","election","/i'lekʃən | ɪ'lekʃ(ə)n | ɪ'lɛkʃən/","n. 选举，选择权；当选","The Labour Party won the 2001 election by a huge majority."
"cet4","elective","/ɪ'lektɪv | ɪ'lɛktɪv/","adj. 选举的，有选举权的；可任意选择的; n. 选修课程","the 34 elective seats in the National Assembly"
"cet4","electric","/i'lektrik | ɪ'lektrɪk | ɪ'lɛktrɪk/","adj. 电的，电动的","an electric blanket"
"cet4","electrical","/i'lektrikəl | ɪ'lektrɪk(ə)l | ɪ'lɛktrɪkl/","adj. 电的，电气科学的","The fire was caused by an electrical fault."
"cet4","electricity","/,ilek'trisəti | ,ɪlek'trɪsɪtɪ; ,el-; ,iːl- | ɪ'lɛk'trɪsəti/","n. 电，电学；电流","The farm was very isolated, but it had electricity."
"cet4","electron","/i'lektrɔn | ɪ'lektrɒn | ɪ'lɛktrɑn/","n. 电子","Most things are balanced - with equal numbers of electrons and protons."
"cet4","electronic","/ɪˌlekˈtrɒnɪk | ɪˌlekˈtrɑːnɪk/","adj. 电子的","electronic games"
"cet4","electronics","/,ilek'trɔniks | ɪlek'trɒnɪks; el- | ɪ,lɛk'trɑnɪks/","n. 电子学","an electronics engineer"
"cet4","elegant","/'elɪg(ə)nt | 'ɛləgənt/","adj. 优雅的","a tall, elegant young woman"
"cet4","element","/'elimənt | 'elɪm(ə)nt | 'ɛləmənt/","n. 元素，要素","Business and management elements are built into the course."
"cet4","elementary","/,eli'mentəri | elɪ'ment(ə)rɪ | ,ɛlɪ'mɛntri/","adj. 基本的；初级的","the elementary principles of justice and democracy"
"cet4","elephant","/'elifənt | 'elɪf(ə)nt | 'ɛlɪfənt/","n. 象","A trunk distinguishes the elephant."
"cet4","elevator","/'eliveitə | 'elɪveɪtə | 'ɛlɪvetɚ/","n. 电梯；升降机","We’ll have to take the elevator."
"cet4","eleven","/i'levən | ɪ'lev(ə)n | ɪ'lɛvn/","num. 十一，十一个","She was sent to jail for eleven months."
"cet4","eleventh","/i'levənθ | ɪ'lev(ə)nθ | ɪ'lɛvnθ/","num. 第十一(个)","Moving up from tenth to eleventh grade was a major one."
"cet4","eliminate","/i'limineit | ɪ'lɪmɪneɪt | ɪ'lɪmɪnet/","v. 消除","a ruthless dictator who eliminated all his rivals"
"cet4","elimination","/i,limi'neiʃən | ɪ,lɪmɪ'neɪʃən | ɪ,lɪmə'neʃən/","n. 消灭，排除，消除","Breast-feeding is as natural as sex or elimination or any other bodily function."
"cet4","else","/els | ɛls/","adv. 其它，另外; adj. 别的","There’s something else I’d like to talk about as well."
"cet4","elsewhere","/,els'hwεə | els'weə; 'elsweə/","adv. 在别处，向别处","She is becoming famous in Australia and elsewhere."
"cet4","embarrass","/im'bærəs | ɪm'bærəs/","v. 尴尬","He didn’t want to embarrass her by asking questions."
"cet4","embarrassed","/im'bærəst | ɪm'bærəst/","adj. 尴尬的；窘迫的","Lori gets embarrassed if we ask her to sing."
"cet4","embassy","/'embəsi | 'ɛmbəsi/","n. 大使馆； 大使馆全体成员","the American Embassy in Paris"
"cet4","embrace","/im'breis | ɪm'breɪs | ɪm'bres/","v. 拥抱；接受；采纳","Jack warmly embraced his son."
"cet4","emerge","/i'mə:dʒ | ɪ'mɜːdʒ | ɪ'mɝdʒ/","v. 出现","The flowers emerge in the spring."
"cet4","emergence","/i'mə:dʒəns | ɪ'mɜ:dʒəns | ɪ'mɝdʒəns/","n. 出现，发生","The day after that, the emergence of a new competitor."
"cet4","emergency","/i'mə:dʒənsi | ɪ'mɝdʒənsi/","n. 紧急情况","Lifeguards are trained to deal with emergencies."
"cet4","emission","/i'miʃən | ɪ'mɪʃn | ɪ'mɪʃən/","n. 排放，辐射","Britain agreed to cut emissions of nitrogen oxide from power stations."
"cet4","emit","/i'mit | ɪ'mɪt/","v. 发出，排出","The kettle emitted a shrill whistle."
"cet4","emotion","/i'məuʃən | ɪ'məʊʃ(ə)n | ɪ'moʃən/","n. 情感，感情；激动","Her voice was full of emotion."
"cet4","emotional","/i'məuʃənəl | ɪ'moʃənl/","adj. 情绪的；容易激动的；感动人的","She provided emotional support at a very distressing time for me."
"cet4","emperor","/'empərə | 'emp(ə)rə | 'ɛmpərɚ/","n. 皇帝","They  bowed before the emperor as he entered the court."
"cet4","emphasis","/'emfəsis | 'emfəsɪs | 'ɛmfəsɪs/","n. 强调，重点，重要性","a change of emphasis in government policy"
"cet4","emphasize","/'emfəsaiz | 'ɛmfəsaɪz/","v. 强调","The report emphasizes the importance of improving safety standards."
"cet4","empire","/'empaiə | 'empaɪə | 'ɛmpaɪr/","n. 帝国","the Roman empire"
"cet4","employ","/im'plɔi | ɪm'plɒɪ; em- | ɪm'plɔɪ/","v. 雇用；用；使忙于","The factory employs over 2,000 people."
"cet4","employee","/,emplɔi'i:, em'plɔii: | emplɒɪ'iː; em'plɒɪiː; ɪm- | ɪm'plɔɪi/","n. 受雇者，雇员，雇工","a government employee"
"cet4","employer","/im'plɔiə | ɪm'plɒɪə; em- | ɪm'plɔɪɚ/","n. 雇佣者，雇主","The shoe factory is the largest employer in this area."
"cet4","employment","/im'plɔimənt | ɪm'plɒɪm(ə)nt; em- | ɪm'plɔɪmənt/","n. 工业；雇用；使用","She was offered employment in the sales office."
"cet4","empower","/ɪm'pauə | ɪm'paʊɚ/","vt. 授权于； 使能够","The Voting Rights Act was needed to empower minority groups."
"cet4","empty","/'empti | 'em(p)tɪ | ˈɛmptɪ/","adj. 空的；空洞的","an empty box"
"cet4","enable","/i'neibl | ɪn'eɪb(ə)l | ɪ'nebl/","v. 使能够……","The new test should enable doctors to detect the disease early."
"cet4","enclose","/in'kləuz | ɪn'kləʊz; en- | ɪn'kloz/","v. 围住，圈起；附上","Please enclose a cheque with your order."
"cet4","encounter","/in'kauntə | ɪn'kaʊntə; en- | ɪn'kaʊntɚ/","v. 遭遇，遇到; n. 遭遇","The doctor had encountered several similar cases in the past."
"cet4","encourage","/in'kʌridʒ | ɪn'kʌrɪdʒ | ɪn'kɝrɪdʒ/","v. 鼓励","I want to thank everyone who has encouraged and supported me."
"cet4","end","/end | ɛnd/","n. 末端；目标; v. 结束","He wore spectacles perched on the very end of his nose."
"cet4","endanger","/in'deindʒə | ɪnˈdeɪndʒə(r) | ɪn'dendʒɚ/","v. 危及，危害，濒临危险","Smoking during pregnancy endangers your baby’s life."
"cet4","ending","/'endiŋ | 'endɪŋ | 'ɛndɪŋ/","n. 结尾，结局；死亡","Verbal nouns have the ending -ing."
"cet4","endless","/'endlis | 'endlɪs | 'ɛndləs/","adj. 无止境的","an endless stream of visitors"
"cet4","endurance","/in'djuərəns | ɪn'dʊrəns/","n. 耐力","She was pushed beyond her powers of endurance."
"cet4","endure","/in'djuə | ɪn'djʊə | ɪn'dʊr/","v. 忍耐；容忍","It seemed impossible that anyone could endure such pain."
"cet4","enemy","/'enimi | 'enəmɪ | 'ɛnəmi/","n. 敌人；仇敌；敌兵","She’s a dangerous enemy to have."
"cet4","energetic","/,enə'dʒetik | ˌenəˈdʒetɪk | ,ɛnɚ'dʒɛtɪk/","adj. 精力充沛的","an energetic man"
"cet4","energy","/'enədʒi | 'enədʒɪ | 'ɛnɚdʒi/","n. 活力；精力；能","The water is heated using energy from the sun."
"cet4","enforce","/in'fɔ:s | ɪn'fɔːs; en- | ɪn'fɔrs/","v. 实施，执行；强制","Parking restrictions will be strictly enforced."
"cet4","engage","/in'ɡeidʒ | ɪn'geɪdʒ | ɪn'ɡedʒ/","v. 忙于，从事；吸引","I have never engaged in drug trafficking."
"cet4","engagement","/ɪnˈgeɪdʒmənt | ɪn'ɡedʒmənt/","n. 约会","Their engagement was announced in the paper."
"cet4","engine","/'endʒin | ˈendʒɪn | 'ɛndʒɪn/","n. 引擎，发动机","Is the engine running smoothly?"
"cet4","engineer","/,endʒi'niə | endʒɪ'nɪə | ,ɛndʒɪ'nɪr/","n. 工程师，技师","He trained as a civil engineer (= one who designs and builds roads, bridges etc )."
"cet4","engineering","/,endʒi'niəriŋ | endʒɪ'nɪərɪŋ | 'ɛndʒə'nɪrɪŋ/","n. 工程，工程学","Their inventions have contributed to the development of electrical engineering."
"cet4","England","/ˈɪŋɡlənd | 'iŋɡlənd/","n. 英格兰；英国","...I'd like to get back to the 18th century and perhaps in colonial America in Yankee new England where one of my ancestors lived..."
"cet4","English","/'iŋɡliʃ | 'ɪŋɡlɪʃ | ɪŋɡlɪʃ/","n. 英语; adj. 英国人的","Do you speak English?"
"cet4","Englishman","/'iŋɡliʃmən/","n. 英国男子","He was the only Englishman present."
"cet4","enhance","/in'hɑ:ns, -hæns | in'hɑ:ns | ɪn'hæns/","v. 提高；加强；增加","Good lighting will enhance any room."
"cet4","enjoy","/in'dʒɔi | ɪn'dʒɒɪ; en- | ɪn'dʒɔɪ/","v. 享受；欣赏，喜爱","Sandra enjoys her job in the city."
"cet4","enlarge","/in'lɑ:dʒ | ɪn'lɑːdʒ; en- | ɪn'lɑrdʒ/","v. 扩大，扩展；放大","an operation to enlarge her breasts"
"cet4","enormous","/i'nɔ:məs | ɪ'nɔrməs/","adj. 巨大的","an enormous bunch of flowers"
"cet4","enough","/i'nʌf | ɪ'nʌf/","adj. 足够的; adv. 足够地","Her disappearance and death would give proof enough of Charles' guilt."
"cet4","enquire","/ɪn'kwaɪə | ɪn'kwaɪr/","v. 询问","Day and day I take pains to enquire myself my reason for doing so, in no time will I stoop so low as to beg you sympathy, though I can feel your scoff all the time."
"cet4","enquiry","/ɪn'kwaɪəri | ɛnˈkwaɪri, ˈɛnkwəri/","n. 询问","We are pleased to receive your enquiry."
"cet4","enrich","/in'ritʃ | ɪn'rɪtʃ/","v. 丰富；使富有","Add fertilizer to enrich the soil."
"cet4","enroll","/in'rəul | inˈrəul | ɪn'rol/","v. 注册","...They enroll in different kinds of classes..."
"cet4","enrollment","/in'rəulmənt | ɪn'rəʊlmənt | ɪn'rolmənt/","n. 入学人数","Class enrollment, where each student has all of the course schedule selections, each student having his own bucket in the CGTT."
"cet4","ensure","/in'ʃuə | ɪn'ʃʊə(r) | ɪn'ʃʊr/","v. 确保","facilities to ensure the safety of cyclists"
"cet4","enter","/'entə | 'ɛntɚ/","v. 走进，进入；参加","He entered the election as the clear favourite."
"cet4","entertain","/,entə'tein | entə'teɪn | ,ɛntɚ'ten/","v. 使欢乐；招待","Mark usually does the cooking when we entertain."
"cet4","entertaining","/,entə'teiniŋ | ˌentəˈteɪnɪŋ | ,ɛntɚ'tenɪŋ/","adj. 有趣的，使人愉快的","Children’s TV nowadays is much more entertaining."
"cet4","entertainment","/,entə'teinmənt | ˌentəˈteɪnmənt | 'ɛntɚ'tenmənt/","n. 娱乐","The town provides a wide choice of entertainment."
"cet4","enthusiasm","/in'θju:ziæzəm, in'θu:- | ɪn'θjuːzɪæz(ə)m; en- | ɪn'θuzɪæzəm/","n. 热情，热心，热忱","Gillian and Darren greeted the speakers with great enthusiasm."
"cet4","enthusiastic","/in,θju:zi'æstik | ɪn,θjuːzɪ'æstɪk; en- | ɪn,θuzɪ'æstɪk/","adj. 热情的，热心的","an enthusiastic supporter of reform"
"cet4","entire","/in'taiə | ɪn'taɪə; en- | ɪn'taɪɚ/","adj. 全部的，整个的","It was the worst day in my entire life."
"cet4","entitle","/in'taitl | ɪnˈtaɪtl | ɪn'taɪtl/","v. 使具有权利，使具有资格","If the warranty is limited, the terms may entitle you to a replacement or refund."
"cet4","entrance","/'entrəns | 'entr(ə)ns | 'ɛntrəns/","n. 入口，门口；进入","the station entrance"
"cet4","entry","/'entri | ˈɒntreɪ | 'ɛntri/","n. 入口处；登记；进入","There was no sign of a forced entry."
"cet4","envelope","/'envələup | 'envələʊp; 'ɒn-/","n. 信封；封套；封皮","envelopes and stamps"
"cet4","environment","/in'vaiərənmənt | ɪn'vaɪrənm(ə)nt; en- | ɪn'vaɪrənmənt/","n. 环境，外界；围绕","Some of these chemicals are very damaging to the environment."
"cet4","envy","/'envi | 'envɪ | 'ɛnvi/","vt&n. 妒忌；羡慕","I really envy you and Ian, you seem so happy together."
"cet4","epidemic","/ˌepɪ'demɪk | ,ɛpɪ'dɛmɪk/","adj. 流行性的；传染的; n. 流行病； 传播","Over 500 people died during last year’s flu epidemic."
"cet4","episode","/'epɪsəud | 'ɛpɪsod/","n. 一个事件； 插曲， 片段； 连续剧的一集","Watch next week’s thrilling episode!"
"cet4","equal","/'i:kwəl | 'ikwəl/","adj. 相等的，平等的","Our constitution states that all men are equal."
"cet4","equality","/i:'kwɔləti | ɪ'kwɒlətɪ | ɪ'kwɑləti/","n. 平等","...equality of the sexes."
"cet4","equation","/i'kweiʒən, -ʃən | ɪ'kweɪʒ(ə)n | ɪ'kweʒn/","n. 方程(式)；等式","In the equation 2x + 1 = 7, what is x?"
"cet4","equip","/i'kwip | ɪ'kwɪp/","v. 装备，配备","They try to equip their vehicles with gadgets to deal with every possible contingency."
"cet4","equipment","/i'kwipmənt | ɪ'kwɪpm(ə)nt | ɪ'kwɪpmənt/","n. 装备，设备，配备","a shop selling camping equipment"
"cet4","equivalence","/i'kwivələns | ɪ'kwɪv(ə)l(ə)ns | ɪ'kwɪvələns/","n. 等值，相等","...the equivalence of science and rationality."
"cet4","equivalent","/i'kwivələnt | ɪ'kwɪvələnt/","adj. 相等的，相当的","I had no dollars, but offered him an equivalent amount of sterling."
"cet4","era","/'iərə, 'εərə | 'ɪərə | 'ɪrə/","n. 纪元，年代","His death marked the end of an era."
"cet4","erect","/i'rekt | ɪ'rekt | ɪ'rɛkt/","v. 建造；使竖立","an imposing town hall, erected in 1892"
"cet4","erroneous","/ɪ'rəuniəs | ɪ'ronɪəs/","adj. 错误的， 不正确的","His economic predictions are based on some erroneous assumptions."
"cet4","error","/'erə | 'ɛrɚ/","n. 错误，谬误；差错","an error message"
"cet4","escape","/ɪ'skeɪp; e- | ɪˈskep/","v. 逃跑；逸出; n. 逃跑","Vents allow any steam to escape if the system overheats."
"cet4","especially","/i'speʃəli | ɪ'speʃ(ə)lɪ; e- | ɪ'spɛʃəli/","adv. 特别，尤其，格外","I never liked long walks, especially in winter."
"cet4","essay","/'esei, e'sei | 'eseɪ | 'ɛse/","n. 散文，文章","We asked Jason to write an essay about his hometown."
"cet4","essential","/i'senʃəl | ɪˈsenʃl | ɪ'sɛnʃl/","adj. 本质的，必须的","Window locks are fairly cheap and absolutely essential."
"cet4","essentially","/i'senʃəli | ɪ'senʃ(ə)lɪ | ɪ'sɛnʃəli/","adv. 本质上地；必须的","Ballet is essentially a middle-class interest."
"cet4","establish","/i'stæbliʃ | ɪˈstæblɪʃ/","v. 建立，创办，设立","The city of Boerne was established by German settlers in the 1840s."
"cet4","establishment","/i'stæbliʃmənt | ɪ'stæblɪʃm(ə)nt | ɪ'stæblɪʃmənt/","n. 确立，制定；公司；设施","...there have been signs that the medical establishment is trying to sound the alarm..."
"cet4","estate","/ɪ'steɪt | ɪ'stet/","n. 土地， 住宅区， 地产； 财产， 遗产； 庄园， 种植园","a country estate"
"cet4","esteem","/i'sti:m | is'ti:m | ɪ'stim/","n. 自尊","After that, we could go for esteem and respect."
"cet4","estimate","/'estimeit | 'estɪmeɪt | 'ɛstə,met/","v. 估计","Try to estimate how many steps it will take to get to a close object."
"cet4","Europe","/'juərəp | 'jʊrəp/","n. 欧洲","eastern Europe"
"cet4","European","/,juərə'pi:ən | jʊərə'piːən | 'jʊrə'piən/","adj. 欧洲的; n. 欧洲人","European languages"
"cet4","evaluate","/i'væljueit | ɪˈvæljueɪt | ɪ'væljʊ'et/","v. 评价","You should be able to evaluate your own work."
"cet4","evaluation","/i,vælju'eiʃən | ɪˌvæljuˈeɪʃn | ɪ,væljʊ'eʃən/","n. 评价，评估","We need to carry out a proper evaluation of the new system."
"cet4","evaporate","/i'væpəreit | ɪ'væpəreɪt | ɪ'væpəret/","v. 使蒸发; v. 蒸发","Most of the water had evaporated."
"cet4","eve","/iːv/","n. 前夜，前夕，前一刻","We’re arriving on Christmas Eve."
"cet4","even","/'i:vən | 'iːv(ə)n | 'ivən/","adv. 甚至；甚至更，还","Most companies have suffered a drop in their profits, even very large companies."
"cet4","evening","/'i:vniŋ | 'iːv(ə)nɪŋ | 'ivnɪŋ/","n. 傍晚，黄昏，晚上","I do most of my studying in the evening."
"cet4","event","/i'vent | ɪ'vent | ɪ'vɛnt/","n. 事件，大事；事变","one of the most important events in the history of mankind"
"cet4","eventually","/i'ventʃuəli | ɪ'ventʃʊəlɪ | ɪ'vɛntʃuəli/","adv. 终于；最后","He eventually escaped and made his way back to England."
"cet4","ever","/'evə | 'ɛvɚ/","adv. 在任何时候；曾经","Nothing ever seems to upset him."
"cet4","everlasting","/,eveə'lɑ:stiŋ | ˌevəˈlɑ:stɪŋ | ,ɛvɚ'læstɪŋ/","adj. 永恒的","everlasting fame"
"cet4","every","/'evri | 'evrɪ | 'ɛvri/","adj. 每一的；每隔…的","His every utterance will be scrutinized."
"cet4","everybody","/'evrɪbɒdɪ | 'ɛvrɪbɑdi/","pron. 每人，人人","...I did what everybody else thought looked successful..."
"cet4","everyday","/'evridei | 'evrɪdeɪ; -'deɪ | 'ɛvrɪde/","adj. 每天的，日常的","the problems of everyday life"
"cet4","everyone","/'evrɪwʌn | 'ɛvrɪwʌn/","pron. 每人，人人","If everyone is ready, I’ll begin."
"cet4","everything","/'evrɪθɪŋ | 'ɛvrɪ'θɪŋ/","pron. 每件事，事事","Everything was covered in a thick layer of dust."
"cet4","everywhere","/'evrihwεə | 'evrɪweə | 'ɛvrɪwɛr/","adv. 到处，处处","I’ve looked everywhere but I can’t find the map."
"cet4","evidence","/'evidəns | 'ɛvɪdəns/","n. 根据，证据，迹象","Murrow’s evidence was enough to convict Hayes of murder."
"cet4","evident","/'evidənt | 'evɪd(ə)nt | 'ɛvɪdənt/","adj. 明显的","Bob ate his lunch with evident enjoyment."
"cet4","evidently","/'evɪdəntli | 'ɛvɪdəntli/","adv. 明显地， 显然","She was evidently a heavy smoker."
"cet4","evil","/'i:vəl | 'i:vl | 'ivl/","n. 邪恶，罪恶","She wanted to protect her children from the evils of the outside world."
"cet4","evolution","/,i:və'lu:ʃən, ,ev- | ivəˈluʃən | ˌɛvəˈluʃən; (occas.) ˌ ivəˈluʃən/","n. 演变，进化","the theory of evolution"
"cet4","evolutionary","/,i:və'lu:ʃənəri | ˌi:vəˈlu:ʃənri | ,ivə'luʃənɛri/","adj. 演变的，进化的","the evolutionary development of birds"
"cet4","evolve","/i'vɔlv | ɪ'vɒlv | ɪ'vɑlv/","v. 使发展","The school has evolved its own style of teaching."
"cet4","exact","/ɪg'zækt; eg- | ɪɡ'zækt/","adj. 确切的；精确的","Police are still investigating the exact cause of the accident."
"cet4","exactly","/iɡ'zæktli | ɪg'zæk(t)lɪ; eg- | ɪɡ'zæktli/","adv. 确切地；恰恰正是","It’s exactly half past five."
"cet4","exaggerate","/iɡ'zædʒəreit | ɪg'zædʒəreɪt | ɪɡ'zædʒəret/","v. 夸张","I couldn’t sleep for three days – I’m not exaggerating."
"cet4","exam","/iɡ'zæm | ɪg'zæm; eg- | ɪg'zæm/","n. 考试；检查，细查","At the end of each level, there’s an exam."
"cet4","examination","/iɡ,zæmi'neiʃən | ɪg,zæmɪ'neɪʃ(ə)n; eg- | ɪg'zæmə'neʃən/","n. 考试；检查，细查","The examination results will be announced in September."
"cet4","examine","/iɡ'zæmin | ɪg'zæmɪn; eg- | ɪg'zæmɪn/","v. 检查，仔细观察","A team of divers was sent down to examine the wreck."
"cet4","example","/iɡ'zɑ:mpl | ɪg'zɑːmp(ə)l; eg- | ɪg'zæmpl/","n. 例子，实例；模范","Many countries, for example Mexico and Japan, have a lot of earthquakes."
"cet4","exceed","/ik'si:d | ɪk'siːd; ek- | ɪk'sid/","v. 超过，胜过；超出","Working hours must not exceed 42 hours a week."
"cet4","exceedingly","/ik'si:diŋli | ɪk'siːdɪŋlɪ; ek- | ɪk'sidɪŋli/","adv. 极端地，非常","Thank you. You’ve been exceedingly kind."
"cet4","excellent","/'eksələnt | 'ɛksələnt/","adj. 卓越的，杰出的，极好的","an excellent suggestion"
"cet4","except","/ik'sept | ɪk'sept; ek- | ɪk'sɛpt/","prep. 除…之外","They were all there except me."
"cet4","exception","/ik'sepʃən | ɪkˈsepʃn | ɪk'sɛpʃən/","n. 例外","It’s been cold, but today’s an exception."
"cet4","excess","/ik'ses, 'ek-, 'ekses, ik's- | ɪkˈses | 'ɛk'sɛs/","n. 过量，过度","After you apply the oil, wait 20 minutes before wiping off any excess."
"cet4","excessive","/ik'sesiv | ɪkˈsesɪv | ɪkˈsɛsɪv/","adj. 过度的","his excessive drinking"
"cet4","exchange","/iks'tʃeindʒ | ɪks'tʃeɪndʒ | ɪks'tʃendʒ/","n & v. 交换，交流","Four of my cassettes for your Madonna CD is a fair exchange."
"cet4","excite","/ik'sait | ɪk'saɪt; ek- | ɪk'saɪt/","v. 使激动；引起","His playing is technically brilliant, but it doesn’t excite me."
"cet4","excitement","/ɪk'saɪtmənt/","n. 刺激， 激动， 兴奋； 令人兴奋的事， 刺激的因素","We were both new to the excitements of life in the big city."
"cet4","exciting","/ik'saitiŋ | ɪk'saɪtɪŋ; ek- | ɪk'saɪtɪŋ/","adj. 令人兴奋的","an exciting discovery"
"cet4","exclaim","/ik'skleim | ɪk'skleɪm; ek- | ɪk'sklem/","v. 呼喊；惊叫","‘No!’ she exclaimed in shock."
"cet4","exclude","/iks'klu:d | ɪk'sklu:d | ɪk'sklʊd/","v. 排除，不包括","a special diet that excludes dairy products"
"cet4","exclusive","/ɪk'skluːsɪv | ɪk'sklusɪv/","adj. 奢华的，高级的；独有的，独享的；排斥的，排他的；不包括…的，不把…计算在内的; n. 独家新闻","Bel Air is an exclusive suburb of Los Angeles."
"cet4","exclusively","/ik'sklu:sivli | ɪk'skluːsɪvlɪ | ɪk'sklʊsɪvli/","adv. 专门地","These are not involved as exclusively as ministers in ""soul-work,"" but they certainly cultivate the inner life more than the third group."
"cet4","excursion","/ɪk'skɜːʃ(ə)n; ek- | ɪk'skɝʒn/","n. 远足；短途旅行","a shopping excursion"
"cet4","excuse","/ik'skju:z, ik'skju:s | ɪk'skjuːz; ek- | ɪk'skjʊs/","v. 原谅；免除; n. 借口","I’ll excuse you this time, but don’t be late again."
"cet4","execute","/'eksikju:t | 'eksɪkjuːt | 'ɛksɪkjut/","v. 将…处死；实施","13 people were summarily executed (= killed without any trial or legal process ) by the guerrillas."
"cet4","executive","/ɪg'zekjʊtɪv; eg- | ɪɡ'zɛkjətɪv/","adj. 执行的; n. 执行者","a commission with executive powers"
"cet4","exercise","/'eksəsaiz | 'eksəsaɪz | 'ɛksɚsaɪz/","n. 锻炼，训练; v. 练习","Try to fit some regular exercise into your daily routine."
"cet4","exert","/iɡ'zə:t | ɪg'zɜːt; eg- | ɪɡ'zɝt/","v. 尽(力)，运用","They exerted considerable influence within the school."
"cet4","exhaust","/iɡ'zɔ:st | ɪgˈzɔ:st | ɪɡ'zɔst/","v. 使筋疲力尽","A full day’s teaching exhausts me."
"cet4","exhibit","/iɡ'zibit | ɪg'zɪbɪt; eg- | ɪɡ'zɪbɪt/","v. 显示；陈列，展览","Her paintings have been exhibited all over the world."
"cet4","exhibition","/,eksi'biʃən | ˌeksɪˈbɪʃn | ,ɛksɪ'bɪʃən/","n. 展览","...an exhibition of expressionist art."
"cet4","exile","/'eɡzail, 'eksail | 'eksaɪl | 'ɛksaɪl/","n. 流放，放逐","political exiles"
"cet4","exist","/iɡ'zist | ɪg'zɪst; eg- | ɪɡ'zɪst/","v. 存在；生存，生活","The custom of arranged marriages still exists in many countries."
"cet4","existence","/iɡ'zistəns | ɪg'zɪst(ə)ns; eg- | ɪɡ'zɪstəns/","n. 存在，实在；生存","Scientists have many theories about how the universe first came into existence (= started to exist )."
"cet4","exit","/'eksit, 'eɡ zit | 'eksɪt; 'egzɪt | 'ɛɡzɪt/","n. 出口；退场; v. 退出","We made for the nearest exit."
"cet4","expand","/ik'spænd | ɪk'spænd/","v. 扩大","Water expands as it freezes."
"cet4","expansion","/ik'spænʃən | ɪk'spænʃ(ə)n; ek- | ɪk'spænʃən/","n. 扩大，扩充；扩张","The industry underwent a period of rapid expansion."
"cet4","expect","/ik'spekt | ɪk'spekt; ek- | ɪk'spɛkt/","v. 预料，预期；等待","He will be hard to beat. I fully expect (= am completely sure about ) that and I’m ready."
"cet4","expectation","/,ekspek'teiʃən | ˌekspekˈteɪʃn | ,ɛkspɛk'teʃən/","n. 期望","Having raised expectations (= made people more hopeful ), he went on to help only a few people."
"cet4","expense","/ik'spens | ɪk'spens; ek- | ɪk'spɛns/","n. 花费，消费；费用","He borrowed £150,000 and used the money for legal expenses."
"cet4","expensive","/ik'spensiv | ɪk'spensɪv; ek- | ɪk'spɛnsɪv/","adj. 昂贵的，花钱多的","the most expensive restaurant in town"
"cet4","experience","/ik'spiəriəns | ɪk'spɪərɪəns; ek- | ɪk'spɪrɪəns/","n. 经验，感受；经历","The advice in the booklet reflects the practical experience we have gained (= experience gained by actually doing something, rather than knowledge from books etc )."
"cet4","experiment","/ik'speriment, ek's- | ɪk'sperɪm(ə)nt; ek- | ɪk'sperɪmənt/","n. 实验；试验","The astronauts are conducting a series of experiments to learn more about how the body adapts to weightlessness."
"cet4","experimental","/ek,speri'mentəl, ek's- | ɪk,sperɪ'ment(ə)l; ek- | ɛk'spɛrɪ'mɛntəl/","adj. 实验的，试验的","experimental animals"
"cet4","expert","/'ekspə:t, ek'spə:t | 'ekspɜːt | 'ɛkspɝt; (for adj., also) ɛksˈpɝt ; ɪkˈspɝt/","adj. 熟练的，内行的","He cast his expert eye on the gardener’s work."
"cet4","explain","/ik'splein | ɪk'spleɪn | ɪk'splen/","v. 解释；为…辩解","He carefully explained the procedure."
"cet4","explanation","/,eksplə'neiʃən | eksplə'neɪʃ(ə)n | ,ɛksplə'neʃən/","n. 解释，说明；辩解","She told the court she would give a full explanation of the prosecution's decision on Monday."
"cet4","explicitly","/ik'splisitli | ɪk'splɪsɪtli/","adv. 直接地，明确地","You have to grant us control explicitly."
"cet4","explode","/ik'spləud | ɪk'spləʊd; ek- | ɪk'splod/","v. 使爆炸; v. 爆炸","The device was thrown at an army patrol but failed to explode."
"cet4","exploit","/'eksplɔit, ik's- | ɪk'splɔɪt/","v. 开采","the urgent need to exploit the resources of the Irish Sea"
"cet4","explore","/ik'splɔ: | ɪk'splɔ:(r) | ɪk'splɔr/","v. 探索","Management need to explore ways of improving office security."
"cet4","explosion","/ik'spləuʒən | ɪkˈspləʊʒn | ɪk'sploʒən/","n. 爆炸","We heard a loud explosion."
"cet4","explosive","/ik'spləusiv | ɪk'spləʊsɪv; ek- | ɪk'splosɪv; ɪk'splozɪv/","n. 炸药; adj. 爆炸的","...one-hundred-and-fifty pounds of Semtex explosive."
"cet4","export","/ik'spɔ:t, 'eks-, 'ekspɔ:t | ˈekspɔːt；ɪkˈ- | ˈekspɔːrt；ɪkˈ-/","v. 输出，出口；运走","Italian food has been exported all over the world."
"cet4","expose","/ik'spəuz | ɪk'spoz；ek-/","v. 暴露","He lifted his T-shirt to expose a jagged scar across his chest."
"cet4","exposure","/ik'spəuʒə | ɪk'spəʊʒə | ɪk'spoʒɚ/","n. 暴露；揭露","Exposure to lead is known to damage the brains of young children."
"cet4","express","/ik'spres | ɪk'spres; ek- | ɪk'sprɛs/","v. 表示; n. 快车，快递","Parents have expressed their concerns about their children’s safety."
"cet4","expression","/英 [ɪk'spreʃn] 美 [ɪkˈsprɛʃən | ɪkˈspreʃn | ɪk'sprɛʃən/","n. 词句；表达；表情","Student leaders are demanding greater freedom of expression (= the right to say what you think without being punished )."
"cet4","expressiveness","/ik'spresivnis/","n. 表达","Moreover, it offers the expressiveness which helps to “simplify complex tasks”."
"cet4","extend","/ik'stend | ɪk'stend; ek- | ɪk'stɛnd/","v. 延长；扩大；致","Management have agreed to extend the deadline."
"cet4","extension","/ik'stenʃən | ɪk'stenʃn | ɪk'stɛnʃən/","n. 分机","a loft extension"
"cet4","extensive","/ik'stensiv | ɪk'stensɪv; ek- | ɪk'stɛnsɪv/","adj. 广阔的；广泛的","The house stands in extensive grounds."
"cet4","extensively","/ik'stensivli | ɪk'stensɪvlɪ/","adv. 广泛地","The new rocket was extensively tested and debugged by the army."
"cet4","extent","","n. 广度；范围；程度","...To what extent are Americans really willing to endure the environmental impacts of domestic energy production in order to cut back imports..."
"cet4","exterior","/ik'stiəriə | ɪk'stɪərɪə; ek- | ɪk'stɪrɪɚ/","adj. 外部的；对外的","The exterior walls need a new coat of paint."
"cet4","external","/ik'stə:nəl | ɪk'stɜːn(ə)l; ek- | ɪk'stɝnl/","adj. 外部的，外面的","the external appearance of the building"
"cet4","extra","/'ekstrə | 'ɛkstrə/","adj. 额外的; adv. 特别地","Could you get an extra loaf of bread?"
"cet4","extracurricular","/,ekstrəkə'rikjulə | ekstrəkə'rɪkjʊlə | ,ɛkstrəkə'rɪkjəlɚ/","adj. 课外的","Each child had participated in extracurricular activities at school."
"cet4","extraordinary","/ik'strɔ:dənəri, ,ekstrə'ɔ:di- | ɪkˈstrɔːdnri | ɛkˈstrɔrdənˌɛri; ɪkˈstrɔrdəˌnɛri; ˌɛkstrəˈɔrdəˌnɛri/","adj. 非凡的","a woman of extraordinary beauty"
"cet4","extreme","/ik'stri:m | ɪk'striːm; ek- | ɪk'strim/","adj. 极度的；尽头的","Extreme poverty still exists in many rural areas."
"cet4","extremely","/ik'stri:mli | ɪk'striːmlɪ; ek- | ɪk'strimli/","adv. 极端，极其，非常","Earthquakes are extremely difficult to predict."
"cet4","eye","/ai | aɪ/","n. 眼睛；眼力；鉴赏力","He’s got beautiful eyes."
"cet4","eyesight","/'aisait | 'aɪsaɪt/","n. 视力，目力","He had a problem with his eyesight."
"cet4","fable","/'feibl | 'feɪb(ə)l | 'febl/","n. 寓言；虚构的故事","the fable of the fox and the crow"
"cet4","fabric","/'fæbrik | 'fæbrɪk/","n. 织物，纺织品；结构","our new range of fabrics and wallpapers"
"cet4","face","/feis | feɪs | fes/","n. 脸；表面；外表","She had a beautiful face."
"cet4","facilitate","/fə'siliteit | fəˈsɪlɪteɪt | fə'sɪlə'tet/","v. 使便利，促进","The new airport will facilitate the development of tourism."
"cet4","facility","/fə'siliti | fə'sɪləti/","n. 设施","What recreational facilities are now available?"
"cet4","fact","/fækt/","n. 事实；实际，实情","Our decision to build the museum in Hartlepool was influenced by the fact that there were no national museums in the North East."
"cet4","factor","/'fæktə | 'fæktɚ/","n. 因素；因子，系数","The rise in crime is mainly due to social and economic factors."
"cet4","factory","/'fæktəri | 'fækt(ə)rɪ | 'fæktri/","n. 工厂，制造厂","a car factory"
"cet4","faculty","/'fækəlti | 'fæk(ə)ltɪ | 'fæklti/","n. 才能，能力；系，科","the Engineering Faculty"
"cet4","fade","/feid, fad | feɪd | fed/","v. 逐渐消失","Hopes of a peace settlement are beginning to fade."
"cet4","Fahrenheit","/'færəhait | 'fær(ə)nhaɪt; 'fɑː- | 'færən'haɪt/","n. 华氏温度计","72˚ Fahrenheit (= 72 degrees on the Fahrenheit scale )"
"cet4","fail","/feil | feɪl | fel/","v. 失败；失灵；不能","It looks likely that the peace talks will fail."
"cet4","failure","/'feiljə | 'feɪljə | 'feljɚ/","n. 失败；失败的人","Successful people often aren’t very good at dealing with failure."
"cet4","faint","/'feint | feɪnt | fent/","adj. 微弱的；虚弱的","a faint hope that they might be alive"
"cet4","fair","/fεə | feə(r) | fɛr/","n. 集市","a horse fair"
"cet4","fairly","/'fεəli | 'feəlɪ | 'fɛrli/","adv. 相当；公平地","The house had a fairly large garden."
"cet4","fairy","/'feəri | 'fɛri/","n. 小精灵， 小仙子","In his dream, he became a fairy."
"cet4","faith","/feiθ | feɪθ | feθ/","n. 信任","People have lost faith in the government."
"cet4","faithful","/'feiθful | 'feɪθfʊl; -f(ə)l | 'feθfəl/","adj. 忠诚的；如实的","a faithful friend"
"cet4","fall","/fɔ:l | fɔːl | fɔl/","v. 落下；跌倒；陷落","The tree was about to fall."
"cet4","FALSE","/fɔ:ls | fɔːls; fɒls | fɔls/","adj. 不真实的；伪造的","...a set of false teeth."
"cet4","fame","/feim | feɪm | fem/","n. 名声，名望","He claims he is not really interested in fame."
"cet4","familiar","/fə'miljə | fəˈmɪliə(r) | fə'mɪljɚ/","adj. 熟悉的","a familiar tune"
"cet4","family","/'fæmɪlɪ; -m(ə)l- | 'fæməli/","n. 家，家庭；家族","Do you know the family next door?"
"cet4","famine","/'fæmin | 'fæmɪn/","n. 饥荒；严重的缺乏","the great potato famine in Ireland"
"cet4","famous","/'feiməs | 'feɪməs | 'feməs/","adj. 著名的，出名的","a famous actor"
"cet4","fan","/fæn/","n. (运动等)狂热爱好者","Groups of football fans began heading towards the ground."
"cet4","fancy","/'fænsɪ | 'fænsi/","adj. 华丽的，别致的","Harry took me to a fancy restaurant for our anniversary."
"cet4","fantasize","/'fæntəsaiz | 'fæntəsaɪz/","v. 想象，幻想","I fantasized about writing music."
"cet4","fantastic","/fæn'tæstɪk/","adj. 极好的， 极出色的， 了不起的； 极大的； 难以相信的； 异想天开的， 不实际的； 奇异的， 古怪的","You look fantastic!"
"cet4","fantasy","/'fæntəsi/","n. 想象， 幻想； 想象的产物","I used to have fantasies about living in Paris with an artist."
"cet4","far","/fɑ: | fɑː | fɑr/","adj. 远的; adv. 远，遥远","We can walk to my house from here. It isn’t far."
"cet4","fare","/fεə | feə | fɛr/","n. 车费，船费，票价","He could barely afford the fare."
"cet4","farewell","/'fεə'wel | feə'wel | ,fɛr'wɛl/","int. 再会; n. 告别","40 of her colleagues gathered for her farewell presentation."
"cet4","farm","/fɑ:m | fɑːm | fɑrm/","n. 农场，农庄；饲养场","a 300-hectare farm"
"cet4","farmer","/'fɑ:mə | 'fɑːmə | 'fɑmɚ/","n. 农民，农夫；农场主",""
"cet4","farther","/'fɑ:ðə | 'fɑːðə | 'fɑrðɚ/","adv. 更远地; adj. 更远的","We decided not to go any farther."
"cet4","fascinate","/'fæsineit | 'fæsə'net/","v. 强烈地吸引，迷住","The idea of travelling through time fascinates me."
"cet4","fascinating","/'fæsɪneɪtɪŋ | 'fæsɪnetɪŋ/","adj. 迷人的， 有极大吸引力的","a fascinating book"
"cet4","fascination","/fæsi'neiʃən | ,fæsɪ'neɪʃ(ə)n | ,fæsɪ'neʃən/","n. 魅力；入迷","The fascination lay in the mystery of what was inside the box."
"cet4","fashion","/'fæʃən | 'fæʃ(ə)n/","n. 样子，方式；风尚","Please leave the building in an orderly fashion."
"cet4","fashionable","/'fæʃənəbl | 'fæʃ(ə)nəb(ə)l | 'fæʃnəbl/","adj. 流行的，时髦的","Strong colours are very fashionable at the moment."
"cet4","fast","/fɑ:st, fæst | fɑːst | fæst/","adj. 快的；偏快的; adv. 快","a fast car"
"cet4","fasten","/'fɑ:sən, 'fæ- | 'fɑːs(ə)n | 'fæsən/","v. 扎牢，扣住","Make sure all the windows are securely fastened before you leave."
"cet4","fatal","/'feitl | 'feɪtl | 'fetl/","adj. 致命的，攸关的","potentially fatal diseases"
"cet4","fate","/'feit | feɪt | fet/","n. 命运","I wouldn’t wish such a fate on my worst enemy."
"cet4","father","/'fɑ:ðə | 'fɑːðə | 'fɑðɚ/","n. 父亲；神父；创始人","Ask your father to help you."
"cet4","fatigue","/fə'ti:ɡ | fə'tig/","n. 疲劳，疲乏","{""COLLOINEXA"":[""metal fatigue""]}"
"cet4","fault","/fɔ:lt | fɔːlt; fɒlt | fɔlt/","n. 缺点；过失；故障","His worst fault is his arrogance."
"cet4","faulty","/'fɔ:lti | 'fɔːltɪ; 'fɒltɪ | 'fɔlti/","adj. 有错误的，有缺点的","Customers may ask for a refund if the goods are faulty."
"cet4","favor","/'feivə | 'feɪvə | 'fevɚ/","v. 偏好, 赞同","...Some people are still in favor of printed books because of the sense of touch they can provide..."
"cet4","favorable","/'feivərəbl | 'feɪvərəbl | 'fevərəbl/","adj. 赞同的","...America has a social environment that is particularly favorable to innovation..."
"cet4","favour","/'feivə | 'feɪvə | ˈfevɚ/","n. 好感；赞同；恩惠","Could you do me a favour and tell Kelly I can’t make it?"
"cet4","favourable","/'feivərəbl | 'feɪv(ə)rəb(ə)l/","adj. 有利的；赞成的","favourable film reviews"
"cet4","favourite","/'feɪv(ə)rɪt | 'fevərɪt/","adj. 特别受喜爱的","a child’s favourite toy"
"cet4","fear","/fiə | fɪə | fɪr/","n. 害怕；担心; v. 害怕","I was sitting on the floor shivering with fear because a bullet had been fired through a window."
"cet4","fearful","/'fiəful | 'fɪəfʊl; -f(ə)l | 'fɪrfəl/","adj. 害怕的，可怕的","a shy and fearful child"
"cet4","feasible","/'fi:zəbl | 'fizəbl/","adj. 可行的；可能的；可用的","a feasible solution"
"cet4","feast","/fi:st | fiːst | fist/","n. 盛宴，筵席；节日","a wedding feast"
"cet4","feather","/'feðə | 'fɛðɚ/","n. 羽毛；翎毛；羽状物","an ostrich feather"
"cet4","feature","/'fi:tʃə | 'fiːtʃə | 'fitʃɚ/","n. 特点","Air bags are a standard feature in most new cars."
"cet4","February","/'februəri | 'febrʊərɪ; 'febjʊərɪ | 'fɛbrʊ'ɛri/","n. 二月","He joined the Army in February 1943."
"cet4","federal","/'fed(ə)r(ə)l | 'fɛdərəl/","adj. 联邦的；联盟的","Switzerland is a federal republic."
"cet4","fee","/fi: | fiː | fi/","n. 费，酬金；赏金","You can use the gym and pool for a fee of £35 a month."
"cet4","feeble","/'fi:bl | 'fiːb(ə)l | 'fibl/","adj. 虚弱的；微弱的","His voice sounded feeble and far away."
"cet4","feed","/fi:d | fiːd | fid/","v. 喂(养); v. 吃饲料","Have you fed the cat?"
"cet4","feedback","/'fi:dbæk | ˈfi:dbæk | 'fidbæk/","n. 反馈","How can I provide feedback without making someone angry?"
"cet4","feel","/'fi:l | fiːl/","v. 有知觉; v. 触，摸","I am feeling very depressed."
"cet4","feeling","/'fi:liŋ | 'fiːlɪŋ | 'filɪŋ/","n. 感情；感觉，知觉","Knowing we’d won was a wonderful feeling."
"cet4","fellow","/'feləu | 'feləʊ | 'fɛlo/","n. 人，家伙；伙伴","Paul’s an easy-going sort of fellow."
"cet4","female","/'fi:meil | 'fiːmeɪl | 'fimel/","n. 雌性的动物；女子","As a group, females performed better on the test than males."
"cet4","fence","/'fens | fens | fɛns/","n. 栅栏","Villagers say the fence would restrict public access to the hills."
"cet4","fertile","/'fɜːtaɪl | ˈfɝtəl; (canadian) ˈfɝˌtaɪl/","adj. 肥沃的；多产的","800 acres of fertile cropland"
"cet4","fertilizer","/'fə:tilaizə | 'fɜːtɪlaɪzə | 'fɝtəlaɪzɚ/","n. 肥料","...farming without any purchased chemical, fertilizer or pesticide."
"cet4","festival","/'festəvəl | 'festɪv(ə)l | ˈfɛstəvəl/","n. 节日；音乐节","Christmas is one of the main festivals in the Christian Calendar."
"cet4","fetch","/fetʃ | fɛtʃ/","v. 取回","Sylvia fetched a towel from the bathroom."
"cet4","fever","/'fi:və | 'fiːvə | 'fivɚ/","n. 发热，发烧；狂热","Andy has a fever and won’t be coming into work today."
"cet4","few","/fju: | fjuː | fju/","adj. 很少的；少数的","...spending her few waking hours in front of the TV."
"cet4","fibre","/'faibə | 'faɪbə/","n. 纤维，纤维质","Fruit and vegetables are high in fibre content ."
"cet4","fiction","/'fikʃən | ˈfɪkʃn | 'fɪkʃən/","n. 小说，虚构的文学作品","romantic fiction"
"cet4","field","/'fi:ld | fiːld | fild/","n. 田野；田；运动场","a view of green fields and rolling hills"
"cet4","fierce","/fiəs | fɪəs | fɪrs/","adj. 凶猛的，狂热的","fierce fighting in the city"
"cet4","fifteen","/'fifti:n | fɪf'tiːn; 'fɪftiːn | ,fɪf'tin/","num. 十五；十五个","a coastal village fifteen miles south of Tourane"
"cet4","fifth","/fifθ | fɪfθ/","num. 第五; n. 五分之一","a fifth of bourbon"
"cet4","fifty","/'fifti | 'fɪftɪ | 'fɪfti/","num. 五十，五十个","Standards of living rose in the fifties."
"cet4","fight","/fait | faɪt/","v. 打(仗)；斗争","Neither country is capable of fighting a long war ."
"cet4","figure","/'fiɡə | ˈfiɡə | 'fɪɡjɚ/","n. 人物；数字","Government figures underestimate the problem."
"cet4","file","/faɪl/","n. 档案; v. 把…归档","We will keep your details on file (= store them for later use ) ."
"cet4","fill","/fil | fɪl/","v. 装满，盛满；占满","He poured her a drink, then filled his own glass."
"cet4","film","/film | fɪlm/","n. 影片；胶卷；薄层","Have you seen any good films recently?"
"cet4","filter","/filtə | 'fɪltə | 'fɪltɚ/","v. 过滤; n. 滤纸","The water in the tank is constantly filtered."
"cet4","final","/'fainl | 'faɪn(ə)l | 'faɪnl/","adj. 最后的；决定性的","The final episode will be shown tonight."
"cet4","finally","/'fainəli | 'faɪnəlɪ | 'faɪnəli/","adv. 最后；不可更改的","After several delays we finally took off at six o’clock."
"cet4","finance","/fai'næns | faɪ'næns | 'faɪnæns/","n. 财政; v. 筹集资金","leasing and other forms of business finance"
"cet4","financial","/fai'nænʃəl | faɪ'nænʃəl | faɪ'nænʃl/","adj. 财政的，经济的","financial transactions"
"cet4","find","/faɪnd/","v. 找到；发觉；找出","I can’t find the car keys."
"cet4","finding","/'faindiŋ | 'faɪndɪŋ/","n. 发现；调查的结果","Surveys conducted in other countries reported similar findings."
"cet4","fine","/fain | faɪn/","v. 罚款","...those fine stories selected and conveyed by the great author..."
"cet4","finger","/'fiŋɡə | 'fɪŋgə | 'fɪŋɡɚ/","n. 手指；指状物","The woman had a ring on her finger, so I assumed she was married."
"cet4","finish","/'finiʃ | 'fɪnɪʃ/","v. 完成，结束; n. 结束","You can’t go anywhere until you’ve finished your homework."
"cet4","fire","/'faiə | 'faɪə | faɪr/","n. 火；火灾; v. 开火","The warehouse was completely destroyed by fire."
"cet4","fireman","/'faiəmən | 'faɪəmən | 'faɪrmən/","n. 消防队员；司炉工","Would you like to be a fireman?"
"cet4","firm","/'fə:m | fɜːm | fɝm/","n. 商行，商号，公司","The firm's employees were expecting large bonuses."
"cet4","first","/fə:st | fɜːst | fɝst/","num. 第一; adv. 最初","These results are firsts in the history of women’s athletics."
"cet4","fish","/fiʃ | fɪʃ/","n. 鱼，鱼肉; v. 钓鱼","Over 1,500 different species of fish inhabit the waters around the reef."
"cet4","fisherman","/'fiʃəmən | 'fɪʃəmən | 'fɪʃɚmən/","n. 渔民，渔夫，打鱼人","The Algarve is a paradise for fishermen whether river anglers or deep-sea fishermen."
"cet4","fist","/fɪst/","n. 拳(头)","She held the money tightly in her fist."
"cet4","fit","/'fit | fɪt/","v. 适合；安装; v. 适合","The sash, kimono, and other garments were made to fit a child."
"cet4","fitness","/'fitnis | ˈfɪtnəs | ˈfɪtnɪs/","n. 健康","an exercise programme to improve your fitness"
"cet4","five","/faiv | faɪv/","num. 五，五个，第五","There is also a golf course five miles away."
"cet4","fix","/fiks | fɪks/","v. 使固定；决定","He's going to fix a time when I can see him."
"cet4","flag","/flæɡ | flæg/","n. 旗，旗帜；旗舰旗","Children waving flags greeted the Russian leader."
"cet4","flame","/fleim | fleɪm | flem/","n. 火焰；光辉；热情","Flames poured out of the windows of the building."
"cet4","flare","/fleə | flɛr/","v. 闪耀; v. 使闪亮","One possibility is that the blast was like an ultra-powerful solar flare."
"cet4","flash","/flæʃ/","n. 闪光; v. 闪，闪烁","Two flashes mean danger."
"cet4","flat","/flæt/","adj. 平的，扁平的","houses with flat roofs"
"cet4","flavour","/'fleivə | 'fleɪvə/","n. 味，味道；风味","Which flavour do you want - chocolate or vanilla?"
"cet4","flaw","/flɔː | flɔ/","n. 缺点，错误","A design flaw (= a mistake or weakness in the way something was made ) caused the engine to explode."
"cet4","flee","/fliː | fli/","v. 逃走， 逃掉， 逃离； 避开， 逃避","His attackers turned and fled."
"cet4","fleet","/fli:t | fliːt | flit/","n. 舰队；船队，机群","the US seventh fleet"
"cet4","flesh","/fleʃ | flɛʃ/","n. 肉，肌肉；肉体","a freshwater fish with firm white flesh"
"cet4","flexibility","/,fleksi'biliti | ,fleksɪ'bɪlɪtɪ | ,flɛksə'bɪləti/","n. 灵活性；适应性","Employees expect flexibility in the workplace."
"cet4","flexible","/'fleksibl | ˈfleksəbl | 'flɛksəbl/","adj. 灵活的","We can be flexible about your starting date."
"cet4","flight","/flait | flaɪt/","n. 航班；飞行；逃跑","He immediately booked a flight to Toulouse."
"cet4","float","/fləut | fləʊt | flot/","v. 漂浮; v. 使漂浮","I looked up at the clouds floating in the sky."
"cet4","flock","/flɔk | flɒk | flɑk/","n. 羊群，群；大量","They kept a small flock of sheep."
"cet4","flood","/flʌd/","n. 洪水; v. 淹没","The village was cut off by floods."
"cet4","floor","/flɔ: | flɔː | flɔr/","n. 地板；楼层","a polished wooden floor"
"cet4","flour","/'flauə | 'flaʊə | 'flaʊɚ/","n. 面粉，粉；粉状物质","...some people use flour to bake bread..."
"cet4","flourish","/'flauriʃ | 'flʌrɪʃ | ˈflɜːrɪʃ/","v. 繁荣，茂盛，兴旺","The economy is booming and small businesses are flourishing."
"cet4","flow","/fləu | fləʊ | flo/","n&v. 流动","a new road system to improve traffic flow through the city centre"
"cet4","flower","/'flauə | 'flaʊə | 'flaʊɚ/","n. 花，花卉；开花","a lovely rose bush with delicate pink flowers"
"cet4","flu","/flu: | fluː | flu/","n. 流行性感冒","Steven’s still in bed with flu ."
"cet4","fluent","/'flu(:)ənt | 'fluːənt | 'fluənt/","adj. 流利的，流畅的","He spoke in fluent Italian."
"cet4","fluid","/'flu(:)id | 'fluːɪd | 'fluɪd/","n. 流体，液体","He is not allowed solid food yet, only fluids."
"cet4","flush","/flʌʃ/","v. 奔流；(脸)发红","Susan flushed deeply and looked away."
"cet4","fly","/flai | flaɪ/","n. 蝇，苍蝇; v. 飞行","There were flies buzzing all around us."
"cet4","focus","/'fəukəs | 'fəʊkəs | 'fokəs/","v. 聚焦，注视; n. 焦点","His eyes were focussed straight ahead."
"cet4","fog","/fɔɡ | fɒg/","n. 雾；烟雾，尘雾","It will be a cold night, and there may be fog patches ."
"cet4","fold","/fəuld | fəʊld | fold/","v. 折叠；合拢; n. 褶","Fold the paper along the dotted line."
"cet4","folk","/fəuk | fəʊk | fok/","n. 人们，家属，亲属","I’m sure there are some folk who would rather they weren’t here."
"cet4","follow","/'fɔləu | 'fɒləʊ | 'fɑlo/","v. 跟随；结果是","Are those men following us?"
"cet4","following","/'fɔləuiŋ | 'fɒləʊɪŋ | 'fɑloɪŋ/","adj. 接着的；下列的","Write down the following information: name of product, type, date purchased and price."
"cet4","fond","/fɔnd | fɒnd | fɑnd/","adj. 喜爱的；溺爱的","I am very fond of Michael."
"cet4","food","/fu:d | fuːd | fud/","n. 食物，食品，养料","The restaurant serves good food at affordable prices."
"cet4","fool","/fu:l | fuːl | ful/","n. 蠢人，傻子; v. 欺骗","What a fool she had been to think that he would stay."
"cet4","foolish","/'fu:liʃ | 'fuːlɪʃ | 'fulɪʃ/","adj. 愚蠢的；鲁莽的","I’ve never heard anything so foolish in all my life."
"cet4","foot","/fut | fʊt/","n. 脚；最下部；英尺","My foot hurts."
"cet4","football","/'fut,bɔ:l | 'fʊtbɔːl | 'fʊtbɔl/","n. 足球比赛；足球","Which football team do you support?"
"cet4","foothold","/'fut,həuld | ˈfʊthəʊld | 'fʊt'hold/","n. 立足处（攀登时脚踩的地方）","Businesses are investing millions of dollars to gain a foothold in this new market."
"cet4","footstep","/'fut'step | 'fʊtstep | 'fʊtstɛp/","n. 脚步；脚步声；足迹","He heard someone’s footsteps in the hall."
"cet4","for","/fə(r); strong form fɔ:(r) | fɚ; strong form fɔr/","prep. 为；给；因为","I’ve got a present for you."
"cet4","forbid","/fə'bɪd | fɚ'bɪd/","v. 禁止，不许；阻止","Lack of space forbids listing the names of all those who contributed."
"cet4","force","/fɔ:s | fɔːs | fɔrs/","v. 强迫; n. 力，力量","Due to the high cost of borrowing, many companies have been forced to close."
"cet4","forecast","/'fɔ:kɑ:st | 'fɔːkɑːst | 'fɔrkæst/","n. 预测，预报; v. 预示","The weather forecast is good for tomorrow."
"cet4","forefinger","/'fɔ:,fiŋɡə | 'fɔːfɪŋgə | 'fɔrfɪŋɡɚ/","n. 食指","He took the pen between his thumb and forefinger."
"cet4","forehead","/'fɔːhed | 'fɔːhed; 'fɒrɪd | 'fɔr'hɛd/","n. 额头，前部","...the lines on her forehead."
"cet4","foreign","/'fɔrin | 'fɒrɪn | 'fɔrən/","adj. 外国的；外来的","foreign students"
"cet4","foreigner","/'fɔrinə | 'fɒrɪnə | 'fɔrənɚ/","n. 外国人","Some of the local people are suspicious of foreigners."
"cet4","foremost","/'fɔ:məust | 'fɔːməʊst | 'fɔr'most/","adj. 最初的；第一流的","Economic concerns are foremost on many voters’ minds."
"cet4","foreseeable","/'fɔ:si:əbl | fɔː'siːəbl | fɔr'siəbl/","adj. 可以预见的","The situation is likely to continue for the foreseeable future."
"cet4","forest","/'fɔrist | 'fɒrɪst | 'fɔrɪst/","n. 森林；森林地带","a tropical forest"
"cet4","forever","/fə'revə | fɚ'ɛvɚ/","adv. 永远，总是，老是","I wanted that moment to last forever ."
"cet4","forge","/fɔːdʒ | fɔrdʒ/","vt. 打制， 锻造； 伪造","Someone stole my credit card and forged my signature."
"cet4","forget","/fə'gɛt | fə'get | fɚ'ɡɛt/","v. 忘记，遗忘","I’m sorry, I’ve forgotten your name."
"cet4","forgive","/fə'ɡiv | fə'gɪv | fɚ'ɡɪv/","v. 原谅，饶恕，宽恕","He didn’t look the sort of man to forgive and forget (= forgive someone and no longer think about it ) ."
"cet4","fork","/fɔ:k | fɔːk | fɔrk/","n. 餐叉；叉；分叉","Put the knives and forks on the table."
"cet4","form","/fɔ:m | fɔːm | fɔrm/","n. 形式；形状; v. 形成","We oppose racism in all its forms."
"cet4","formal","/'fɔ:məl | 'fɔːm(ə)l | 'fɔrml/","adj. 正式的；礼仪上的","formal recognition of the reformed church"
"cet4","format","/'fɔːmæt | 'fɔrmæt/","n. 设计，安排；格式，样式，版式; vt. 使格式化","The courses were run to a consistent format."
"cet4","formation","/fɔ:'meiʃən | fɔː'meɪʃ(ə)n | fɔr'meʃən/","n. 形成；构成；形成物","We now know a lot more about the early stages of planetary formation."
"cet4","former","/'fɔ:mə | 'fɔːmə | 'fɔrmɚ/","adj. 在前的; n. 前者","the former Soviet Union"
"cet4","formula","/'fɔ:mjulə | 'fɔːmjʊlə | 'fɔrmjələ/","n. 公式，式","the formula for calculating distance"
"cet4","formulate","/'fɔ:mjuleit | 'fɔːmjʊleɪt | 'fɔrmjə'let/","v. 规定，制定","By visualizing where you want to be, you start helping your mind formulate ways to achieve that next goal in your life."
"cet4","forth","/fɔ:θ | fɔːθ | fɔrθ/","adv. 向前；向外，往外","The house was still burning, pouring forth thick black smoke."
"cet4","fortnight","/'fɔ:tnait | 'fɔːtnaɪt | 'fɔrtnaɪt/","n. 两星期，十四天","a fortnight’s holiday"
"cet4","fortunate","/'fɔ:tʃənit | 'fɔːtʃ(ə)nət | 'fɔrtʃənət/","adj. 幸运的，侥幸的","By a fortunate coincidence, a passer-by heard her cries for help."
"cet4","fortunately","/'fɔitʃənitli | 'fɔrtʃənətli/","adv. 幸运地","Fortunately, everything worked out all right in the end."
"cet4","fortune","/'fɔ:tʃən, -tʃu:n | 'fɔːtʃuːn; -tʃ(ə)n | 'fɔrtʃən/","n. 命运，运气；财产","I had the good fortune to work with a brilliant head of department."
"cet4","forty","/'fɔ:ti | 'fɔːtɪ | 'fɔrti/","num. 四十，第四十","The place was built as a casino in the forties."
"cet4","forum","/'fɔ:rəm | 'fɔːrəm | 'fɔrəm/","n. 论坛","Members of the council agreed that was an important forum for discussion."
"cet4","forward","/'fɔ:wəd | 'fɔːwəd | 'fɔrwɚd/","adv. 向前；今后，往后","He leaned forward , his elbows resting on the table."
"cet4","found","/faund | faʊnd/","v. 创立，创办；建立","Founded in 1935 in Ohio, Alcoholics Anonymous is now a world-wide organization."
"cet4","foundation","/faun'deiʃən | faʊn'deʃən/","n. 地基；基础；基金会","It took the builders three weeks to lay the foundations ."
"cet4","fountain","/'fauntin | ˈfaʊntən | 'faʊntn/","n. 泉水，喷泉；源泉","He was a fountain of information on Asian affairs."
"cet4","four","/fɔ: | fɔː | fɔr/","num. 四，四个，第四","She is married with four children."
"cet4","fourfold","/'fɔːfəuld | 'fɔrfold/","adv. 四倍， 四重; adj. 四倍的，四重的","Further down the supply chain, garlic prices have jumped tenfold on wholesale markets in big cities and fourfold nationwide."
"cet4","fourteen","/fɔː'tiːn; 'fɔːtiːn | ,fɔr'tin/","num. 十四，第十四","He used to work fourteen hours a day."
"cet4","fourth","/fɔ:θ | fɔːθ | fɔrθ/","num. 第四，四分之一","Then, we plot the different graphs so that they each take up one fourth of the screen."
"cet4","fox","/fɔks | fɒks | fɑks/","n. 狐狸；狡猾的人","He was a sly old fox."
"cet4","fraction","/'frækʃən | 'frækʃ(ə)n/","n. 小部分；片断；分数","...a fraction of the $ 424 billion global ad market..."
"cet4","fragment","/'fræɡmənt | 'frægm(ə)nt/","n. 碎片，破片，碎块","glass fragments"
"cet4","frame","/freim | freɪm | frem/","n. 框架","They removed the picture from its wooden frame."
"cet4","framework","/'freimwə:k | 'freɪmwɜːk | 'fremwɝk/","n. 框架，构架，结构","We have to act within the existing legal framework."
"cet4","France","/frɑ:ns | frɑːns/","n. 法国，法兰西","...France announced that the country will pave 621 miles of road with solar panels over the next five years with the goal of providing cheap..."
"cet4","frank","/fræŋk/","adj. 坦白的，直率的","To be perfectly frank, I think it’s a bad idea."
"cet4","free","/fri: | friː | fri/","adj. 自由的；空闲的","He knew he could be free in as little as three years."
"cet4","freedom","/'fri:dəm | 'friːdəm | 'fridəm/","n. 自由；自主","People here like their freedom and privacy."
"cet4","freely","/'fri:li | 'friːlɪ | 'frili/","adv. 自由地；直率地","the country’s first freely elected president"
"cet4","freeze","/fri:z | friːz | friz/","v. 冻；结冻; v. 使结冰","The lake had frozen overnight."
"cet4","freight","/freit | freɪt | fret/","n. 货运；货物；运费","freight services"
"cet4","French","/frentʃ | fren(t)ʃ/","adj. 法国的; n. 法国人","an excellent French wine"
"cet4","frequency","/'frikwənsi | 'friːkw(ə)nsɪ/","n. 屡次；次数；频率","Side effects from prescribed drugs are being reported with increasing frequency (= more and more often ) ."
"cet4","frequent","/'fri:kwənt, fri'kwent | 'friːkw(ə)nt | 'frikwənt/","adj. 时常发生的；经常的","Trains rushed past at frequent intervals ."
"cet4","frequently","/'fri:kwəntli | 'friːkw(ə)ntlɪ | 'frikwəntli/","adv. 时常，常常","He was frequently drunk."
"cet4","fresh","/freʃ | frɛʃ/","adj. 新的；新鲜的","I’ll just make some fresh coffee."
"cet4","friction","/'frikʃən | 'frɪkʃ(ə)n | 'frɪkʃən/","n. 摩擦，摩擦力","Putting oil on both surfaces reduces friction."
"cet4","Friday","/'fraidi | 'fraɪdeɪ; (occas.,) ˈfraɪdi/","n. 星期五","Diane won’t be here Friday."
"cet4","fridge","/fridʒ | frɪdʒ/","n. 电冰箱","Then all three of you sign the contract and post in on the fridge."
"cet4","friend","/frend | frɛnd/","n. 朋友，友人","Jerry, this is my friend Sue."
"cet4","friendly","/'frendli | 'fren(d)lɪ | 'frɛndli/","adj. 友好的，友谊的","a friendly smile"
"cet4","friendship","/'frendʃip | 'fren(d)ʃɪp | 'frɛndʃɪp/","n. 友谊，友好","her close friendship with her aunt"
"cet4","frighten","/'fraitən | 'fraɪtn/","v. 使惊恐，使恐慌","Don’t stand so near the edge! You’re frightening me."
"cet4","frog","/frɔɡ | frɒg/","n. 蛙","The tadpole has become a frog."
"cet4","from","","prep. 从…来；离开","...And you may even spot the highway or railroad from this point..."
"cet4","front","/frʌnt/","adj. 前面的; n. 前部","Two of his front teeth had been knocked out."
"cet4","frontier","/'frʌntjə | 'frʌntɪə(r) | frʌn'tɪr/","n. 边境","a novel about a family’s struggle on the American frontier"
"cet4","frost","/frɔst | frɒst/","n. 冰冻，严寒；霜","the risk of frost damage to crops"
"cet4","frown","/fraun | fraʊn/","v. 皱眉","She frowned as she read the letter."
"cet4","fruit","/fru:t | fruːt | frut/","n. 水果；果实；成果","Try to eat plenty of fresh fruit ."
"cet4","fruitful","/'fru:tful | 'fruːtfʊl; -f(ə)l | 'frutfl/","adj. 多产的；肥沃的",""
"cet4","frustrate","/frʌ'streɪt | 'frʌstret/","vt. 使沮丧， 使灰心； 挫败， 使受挫折","The fact that he’s working with amateurs really frustrates him."
"cet4","fry","/frai | fraɪ/","v. 油煎，油炸，油炒","Fry the potatoes, covered, for about 20 minutes."
"cet4","fuel","/'fjuəl | fjʊəl/","n. 燃料; v. 给…加燃料","Coal is one of the cheapest fuels."
"cet4","fulfil","/ful'fil | fʊl'fɪl/","v. 履行；满足；完成","There is little doubt that the scheme fulfils a need for our community."
"cet4","fulfill","/ful'fil | ful'fɪl/","vt. 履行， 实现， 完成； 满足， 使满意","...and do everything possible to fulfill their duties..."
"cet4","full","/ful | fʊl/","adj. 满的；完全的","The train was completely full."
"cet4","fun","/fʌn/","n. 乐趣，娱乐；玩笑","There’s plenty of fun for all the family."
"cet4","function","/'fʌŋkʃən/","v & n. 功能，运行","The nervous system regulates our bodily functions (= eating, breathing, going to the toilet etc ) ."
"cet4","fund","/fʌnd/","n. 基金，储备；; v. 提供资金","The fund was set up to try to save the cathedral."
"cet4","fundamental","/,fʌndə'mentəl | fʌndə'ment(ə)l | ,fʌndə'mɛntl/","adj. 基础的，基本的","We have to tackle the fundamental cause of the problem."
"cet4","fundamentally","/,fʌndə'mentli | ,fʌndə'mɛntəli/","adv. 根本上","The conclusions of the report are fundamentally wrong ."
"cet4","funeral","/'fju:nərəl | 'fjuːn(ə)r(ə)l | 'fjunərəl/","n. 葬礼，丧礼，丧葬","The funeral will be held at St. Martin’s Church."
"cet4","funny","/'fʌnɪ | 'fʌni/","adj. 古怪的；滑稽的","the funniest man in Britain"
"cet4","fur","/fə | fɜː | fɝ/","n. 软毛；毛皮，裘皮","a fur coat"
"cet4","furious","/'fju:riəs | 'fjʊərɪəs | 'fjʊrɪəs/","adj. 狂怒的；狂暴的","She was absolutely furious ."
"cet4","furnace","/'fə:nis | 'fɜːnɪs | 'fɝnɪs/","n. 炉子，熔炉；鼓风炉",""
"cet4","furnish","/'fə:niʃ | 'fɜːnɪʃ | 'fɝnɪʃ/","v. 供应，提供；装备","Will these finds furnish more information on prehistoric man?"
"cet4","furniture","","n. 家具；装置，设备","I helped him choose the furniture for his house."
"cet4","further","/'fə:ðə | 'fɜːðə | 'fɝðɚ/","adv. 更远地; adj. 更远的","They walked a little further."
"cet4","furthermore","/'fə:ðəmɔ: | fɜːðə'mɔː | ,fɝðɚ'mɔr/","adv. 而且，此外","He is old and unpopular. Furthermore, he has at best only two years of political life ahead of him."
"cet4","fuss","/fʌs/","n. 大惊小怪","James said he’d better be getting back or there’d be a fuss ."
"cet4","fussy","/'fʌsi | 'fʌsɪ/","adj. 大惊小怪的，小题大做的","A lot of small children are fussy eaters (= they dislike many types of food ) ."
"cet4","future","/'fju:tʃə | 'fjuːtʃə | 'fjʊtʃɚ/","n. 将来，未来；前途","The islands should have the right to decide their own future."
"cet4","gain","/ɡein | geɪn | ɡen/","v. 获得；增加; n. 增进","After gaining independence in 1957, it was renamed ‘Ghana’."
"cet4","gallery","/'ɡæləri | ˈgæləri | 'gæləri/","n. 美术馆","an exhibition of African art at the Hayward Gallery"
"cet4","gallon","/'ɡælən | 'gælən/","n. 加仑","a 20 gallon fish tank"
"cet4","gambling","/'ɡæmbliŋ | 'ɡæmblɪŋ | 'gæmblɪŋ/","n. 赌博","The lottery is probably the most popular form of gambling."
"cet4","game","/ɡeim | geɪm | ɡem/","n. 游戏；比赛；猎物","The boys were playing a game in the backyard."
"cet4","gang","/ɡæŋ | gæŋ/","n. 一帮，一伙","Several gangs were operating in the area."
"cet4","gaol","/dʒeɪl/","vt. 监禁; n. 监狱","Hundreds and thousands of africans are thrown into gaol each year under pass laws."
"cet4","gap","/ɡæp/","n. 差距;缝隙缺口","a gap in the traffic"
"cet4","garage","/'gærɑː(d)ʒ | gəˈrɑʒ; gəˈrɑdʒ/","n. 车库","I’ll just go and put the car in the garage."
"cet4","garbage","/'ɡɑ:bidʒ | 'gɑːbɪdʒ | 'ɡɑrbɪdʒ/","n. 垃圾，污物，废料","Can you take out the garbage when you go?"
"cet4","garden","/'ɡɑ:dn | 'gɑːd(ə)n | 'ɡɑrdn/","n. 花园，菜园；公园","He’s outside in the garden."
"cet4","gardener","/'ɡɑ:dənə | 'ɡɑːdənə | 'gɑrdənɚ/","n. 园丁，花匠","She employed a gardener."
"cet4","garlic","/'gɑːlɪk | 'ɡɑrlɪk/","n. 大蒜","Add a crushed clove of garlic (= single section of it )."
"cet4","gas","/ɡæs | gæs/","n. 煤气；气体；汽油","hydrogen gas"
"cet4","gaseous","/'ɡæsiəs | 'gæsɪəs; 'geɪsɪəs | 'ɡæsɪəs/","adj. 气体的，气态的","Freon exists both in liquid and gaseous states."
"cet4","gasoline","/'ɡæsəli:n | 'gæsəliːn | 'gæsəlin/","n. (美)汽油","A gasoline engine drives the motorboat."
"cet4","gasp","/ɡɑ:sp, ɡæsp | gɑːsp | ɡæsp/","v. 气喘，喘息","‘My leg!’ he gasped. ‘I think it’s broken!’"
"cet4","gate","/ɡeit | geɪt | ɡet/","n. 大门；篱笆门","We went through the gate into the orchard."
"cet4","gather","/'ɡæðə | 'gæðə | 'ɡæðɚ/","v. 聚集；集合vt收集","A crowd gathered to watch the fight."
"cet4","gauge","/ɡeidʒ | geɪdʒ | gedʒ/","v. 量，测量; n. 量器","The thermostat will gauge the temperature and control the heat."
"cet4","gay","/ɡei | geɪ | ɡe/","adj. 快乐的；鲜明的","gay colours"
"cet4","gaze","/ɡeiz | geɪz | ɡeɪz/","v. 凝视，盯，注视","Patrick sat gazing into space  (= looking straight in front, not at any particular person or thing )."
"cet4","gear","/ɡiə | ɡɪə(r) | ɡɪr/","n. 齿轮; v. 使合适","When she put the car in gear it began to buck wildly."
"cet4","gender","/'dʒendə | 'dʒendə(r) | 'dʒɛndɚ/","n. 性别","people of the same gender"
"cet4","gene","/dʒiːn | dʒin/","n. 基因","human genes"
"cet4","general","/'dʒen(ə)r(ə)l | 'dʒɛnrəl/","adj. 总的；一般的n将军","There has been a general decline in standards."
"cet4","generalization","/,dʒenərəlai'zeiʃən, -li'z- | ,dʒenrələ'zeɪʃən | ,dʒɛnrələ'zeʃən/","n. 一般化",""
"cet4","generally","/'dʒenərəli | 'dʒen(ə)rəlɪ | 'dʒɛnrəli/","adv. 一般地；通常地","Generally speaking, the more expensive the stereo, the better it is."
"cet4","generate","/ˈdʒenəreɪt | 'dʒɛnəret/","v. 产生","a useful technique for generating new ideas"
"cet4","generation","/,dʒenə'reiʃən | dʒenə'reɪʃ(ə)n | 'dʒɛnə'reʃən/","n. 一代人，产生","Like most of my generation, I had never known a war."
"cet4","generator","/'dʒenəreitə | 'dʒenəreɪtə | 'dʒɛnəretɚ/","n. 发电机；发生者","an emergency generator"
"cet4","generic","/dʒə'nerɪk | dʒə'nɛrɪk/","adj. 【生物】 属的， 类的； 一般的， 普通的","Parmesan is a generic term used to describe a family of hard Italian cheeses."
"cet4","generosity","/,dʒenə'rɔsəti | ˌdʒenə'rɒsətɪ | ,dʒɛnə'rɑsəti/","n. 慷慨，大方","an act of great generosity"
"cet4","generous","/'dʒenərəs | ˈdʒenərəs | 'dʒɛnərəs/","adj. 慷慨的","Dietler is generous with his time and money."
"cet4","genius","/'dʒi:njəs | 'dʒiːnɪəs | 'dʒinjəs/","n. 天才，天赋，天资","The film reveals Fellini’s genius."
"cet4","gentle","/'dʒentl | 'dʒent(ə)l | 'dʒɛntl/","adj. 和蔼的；轻柔的","Arthur was a very gentle, caring person."
"cet4","gentleman","/'dʒent(ə)lmən | 'dʒɛntlmən/","n. 绅士；有教养的人","Martin – always the perfect gentleman – got to his feet when my mother walked in."
"cet4","gently","/'dʒentli | 'dʒentlɪ | 'dʒɛntli/","adv. 有礼貌地；柔和地","‘You go back to bed now,’ he said gently."
"cet4","genuine","/'dʒenjuin | ˈdʒenjuɪn | 'dʒɛnjʊɪn/","adj. 真正的","‘Did he really?’ Her surprise seemed genuine."
"cet4","geographic","/dʒiə'græfik | ,dʒɪə'græfɪk | ,dʒiə'ɡræfɪk/","adj. 地理的","User community and geographic distribution of users."
"cet4","geography","/dʒi'ɔɡrəfi | dʒɪ'ɒgrəfɪ | dʒɪ'ɑɡrəfi/","n. 地理，地理学","a geography lesson"
"cet4","geometry","/dʒi'ɔmitri | dʒɪ'ɒmɪtrɪ | dʒɪ'ɑmətri/","n. 几何，几何学","...the very ordered way in which mathematics and geometry describe nature."
"cet4","germ","/dʒə:m | dʒɜːm | dʒɝm/","n. 微生物，细菌，幼芽","Put disinfectant down the toilet to kill any germs."
"cet4","German","/'dʒə:mən | 'dʒɜːmən/","adj. 德国的; n. 德国人","German history"
"cet4","Germany","/'dʒə:məni | 'dʒɜːmənɪ | 'dʒɝməni/","n. 德意志，德国",""
"cet4","gesture","/'dʒestʃə | 'dʒɛstʃɚ/","n. 手势，姿势","Luke made an obscene gesture with his finger."
"cet4","get","/get | ɡɛt/","v. 变得，成为；到达","We need to get help quickly!"
"cet4","ghost","/ɡəust | gəʊst | ɡost/","n. 鬼，灵魂；鬼魂","They say the young girl’s ghost still haunts (= often appears in ) the house."
"cet4","giant","/'dʒaiənt | 'dʒaɪənt/","n. 巨人；巨物","...a Nordic saga of giants."
"cet4","gift","/ɡift | ɡɪft/","n. 礼物；天赋","The earrings were a gift from my aunt."
"cet4","girl","/gɜːl | ɡɝl/","n. 女孩子，姑娘；女儿","Both boys and girls can apply to join the choir."
"cet4","give","/ɡiv | gɪv | ɡɪv/","v. 做，作；送给","Researchers were given a £10,000 grant to continue their work."
"cet4","given","/'gɪvn | 'ɡɪvn/","adj. 规定的，特定的；假设的；已知的；有癖好的，有倾向的; prep. 考虑到","On any given day in the Houston area, half the hospital beds are empty."
"cet4","glad","/ɡlæd | glæd/","adj. 高兴的；乐意的","We’re so glad you came."
"cet4","glance","/ɡlɑ:ns, ɡlæns | glɑːns | ɡlæns/","v. 看一下; n. 一瞥","Wyatt glanced around the restaurant."
"cet4","glare","/ɡlεə | gleə | ɡlɛr/","v. 瞪眼; n. 瞪眼","The sun glared down on us."
"cet4","glass","/ɡlɑ:s, ɡlæs | glɑːs | ɡlæs/","n. 玻璃；玻璃杯","a glass bowl"
"cet4","glide","/glaɪd | ɡlaɪd/","v. 滑动；消逝; n. 滑行","Waiters glide between tightly packed tables bearing trays of pasta."
"cet4","glimpse","/ɡlimps | glɪm(p)s | ɡlɪmps/","v. 瞥见; n. 一瞥，一看","I glimpsed a figure at the window."
"cet4","glitter","/'ɡlitə | 'glɪtə | 'ɡlɪtɚ/","v. 闪闪发光; n. 闪光","The river glittered in the sunlight."
"cet4","global","/'gləubl | 'ɡlobl/","adj. 全球的， 全世界的； 总的， 完整的","global climate change"
"cet4","globe","/ɡləub | gləʊb | ɡlob/","n. 地球，世界；地界仪","We export our goods all over the globe."
"cet4","gloomy","/'ɡlu:mi | 'gluːmɪ | 'ɡlumi/","adj. 阴沉的，沮丧的","The report paints a gloomy picture of the economy."
"cet4","glorious","/'ɡlɔ:riəs | ˈglɔ:riəs | 'ɡlɔriəs; 'ɡloriəs/","adj. 辉煌的","a truly glorious future"
"cet4","glory","/'ɡlɔ:ri | 'glɔːrɪ | 'ɡlɔri/","n. 光荣；荣誉的事","She dreamt of future glory as an Olympic champion."
"cet4","glove","/ɡlʌv | glʌv/","n. 手套","a pair of gloves"
"cet4","glow","/ɡləu | gləʊ | ɡlo/","n. 白热光; v. 发白热光","The moisturizer gave my face a healthy glow that lasted all day."
"cet4","glue","/ɡlu: | gluː | ɡlu/","n. 胶，胶水; v. 胶合","...a tube of glue."
"cet4","go","/gəʊ | go/","v. 去；走；变为","The plate went crashing to the floor."
"cet4","goal","/ɡəul | gəʊl | ɡol/","n. 球门；得分；目的","Your goal as a parent is to help your child become an independent adult."
"cet4","goat","/ɡəut | gəʊt | ɡot/","n. 山羊","The tiger sprang on the goat."
"cet4","God","/ɡɔd | ɡɒd | ɡɑd/","n. 神，神像；上帝","He believes in God."
"cet4","gold","/ɡəuld | gəʊld | ɡold/","n. 金；钱财; adj. 金制的","She came to the party dripping with gold (= wearing a lot of gold ) ."
"cet4","golden","/'ɡəuldən | 'gəʊld(ə)n | 'ɡoldən/","adj. 金色的；极好的","golden hair"
"cet4","golf","/ɡɔlf | gɒlf | gɔlf/","n. 高尔夫球","He plays golf on Sundays."
"cet4","good","/gʊd | ɡʊd/","adj. 好的；有本事的","a good hotel"
"cet4","goodness","/英['gʊdnɪs] 美['ɡʊdnəs] | 'gʊdnɪs | 'ɡʊdnəs/","n. 优良，德性，仁慈","He retains a faith in human goodness."
"cet4","goods","/ɡudz | ɡʊdz/","n. 货物，商品","the large market for consumer goods"
"cet4","goose","/ɡu:s | guːs | ɡus/","n. 鹅，雌鹅","...roast goose."
"cet4","govern","/'ɡʌvən | 'ɡʌvɚn/","v. 管理，支配","the leaders who govern the country"
"cet4","government","/'ɡʌvənmənt | 'gʌv(ə)n,m(ə)nt; 'gʌvəm(ə)nt | 'ɡʌvɚnmənt/","n. 政府；治理；政治","The Government are planning further cuts in public spending."
"cet4","governor","/'ɡʌvənə | 'gʌv(ə)nə | 'ɡʌvɚnɚ/","n. 州长；主管人员",""
"cet4","gown","/ɡaun | gaʊn | ɡaʊn/","n. 长袍，长外衣",""
"cet4","grab","/ɡræb/","v. 抢先，抢占，抢夺","Try to get there early and grab good seats."
"cet4","grace","/ɡreis | greɪs | ɡres/","n. 优美，文雅；雅致","Lena moved with the grace of a dancer."
"cet4","graceful","/'ɡreisful | 'greɪsfʊl; -f(ə)l | 'ɡresfl/","adj. 优美的，优雅的","Her movements were graceful and elegant."
"cet4","gracious","/'ɡreiʃəs | 'greɪʃəs | 'ɡreʃəs/","adj. 有礼貌的；仁慈的","Sibyl was the most gracious, helpful, and generous person to work with."
"cet4","grade","/ɡreid | greɪd | ɡred/","v. 给…分等级; n. 等级","All the parks are regularly checked and graded by tourist board inspectors."
"cet4","gradual","/'ɡrædʒuəl | 'grædʒʊəl/","adj. 逐渐的；渐进的","There has been a gradual change in climate."
"cet4","gradually","/'grædjuəli | 'grædʒʊlɪ; 'grædjʊəlɪ | 'grædʒʊəli/","adv. 逐渐地，逐步地","Jill gradually became aware of an awful smell."
"cet4","graduate","/'ɡrædʒuət, -eit, 'ɡrædjueit, -dʒu- | ˈɡradʒʊeɪt | ˈɡrædʒuˌet/","n. 毕业生; v. 大学毕业","a Harvard graduate"
"cet4","grain","/ɡrein | greɪn | ɡren/","n. 谷物，粮食","big sacks of grain"
"cet4","gram","/græm | ɡræm/","n. 克","Then they chose one gram for weighing water in a cubic centimetre."
"cet4","grammar","/'ɡræmə | 'græmə | 'græmɚ/","n. 语法；语法书","Check your spelling and grammar."
"cet4","grammatical","/ɡrə'mætikəl | grə'mætɪk(ə)l | grə'mætɪkl/","adj. 语法上的","grammatical rules"
"cet4","gramme","/ɡræm/","n. 克(重量单位)",""
"cet4","grand","/ɡrænd | grænd/","adj. 宏伟的；重大的","a grand country house"
"cet4","granddaughter","/'ɡræn,dɔ:tə | 'grændɔːtə | 'ɡrændɔtɚ/","n. 孙女，外孙女","...a drawing of my granddaughter Amelia."
"cet4","grandfather","/'ɡrænd,fɑ:ðə | 'græn(d)fɑːðə | 'græn'fɑðɚ/","n. 祖父；外祖父","His grandfather was a professor."
"cet4","grandmother","/'ɡrænd,mʌðə | 'græn(d)mʌðə | 'ɡrænmʌðɚ/","n. 祖母，外祖母","My grandmothers are both widows."
"cet4","grandson","/'ɡrændsʌn | 'græn(d)sʌn | 'ɡrænsʌn/","n. 孙子，外孙子","My grandson's birthday was on Tuesday."
"cet4","grant","/ɡrɑ:nt, ɡrænt | grɑːnt | ɡrænt/","v. 授予；允许","France has agreed to grant him political asylum."
"cet4","grape","/ɡreip | greɪp | ɡrep/","n. 葡萄；葡萄藤","a bunch of grapes"
"cet4","graph","/ɡrɑ:f, ɡræf | grɑːf; græf | ɡræf/","n. (曲线)图，图表","Martin showed me a graph of their recent sales."
"cet4","grasp","/ɡrɑ:sp, ɡræsp | grɑːsp | ɡræsp/","v. 抓紧；掌握; n. 抓","I grasped his arm firmly and led him away."
"cet4","grass","/ɡrɑ:s, ɡræs | grɑːs | ɡræs/","n. 草；牧草；草地","I walked across the grass."
"cet4","grateful","/'ɡreitful | 'greɪtfʊl; -f(ə)l | 'ɡretfl/","adj. 感激的；令人愉快的","Our grateful thanks go to all who participated."
"cet4","gratitude","/'grætɪtjuːd | 'ɡrætɪtud/","adj. 感激，感谢，感恩","...The family turned to social media expressing their gratitude saying..."
"cet4","grave","/ɡreiv | greɪv | ɡrev/","n. 坟墓","At the head of the grave there was a small wooden cross."
"cet4","gravity","/'ɡræviti | 'grævɪtɪ | 'ɡrævəti/","n. 重力，引力；严重性","the force of gravity"
"cet4","gray","/grei | greɪ | ɡre/","adj. 灰色的; n. 灰色","I like that little gray one. The kids like that one too."
"cet4","great","/ɡreit | greɪt | ɡret/","adj. 大的；伟大的","The movie was a great success."
"cet4","greatly","/'ɡreitli | 'greɪtlɪ | 'ɡretli/","adv. 大大地，非常","All offers of help will be greatly appreciated ."
"cet4","greedy","/ɡri:di | 'griːdɪ | 'gridi/","adj. 贪吃的；贪婪的","a greedy and selfish society"
"cet4","Greek","/ɡri:k | griːk | grik/","adj. 希腊的; n. 希腊人","Greek yoghurt"
"cet4","green","/ɡri:n | griːn | ɡrin/","adj. 绿色的; n. 绿色","beautiful green eyes"
"cet4","greenhouse","/'ɡri:nhaus | 'griːnhaʊs | 'ɡrinhaʊs/","n. 温室，玻璃暖房","...the owner of the greenhouse where I worked as manager died of a heart attack..."
"cet4","greet","/ɡri:t | griːt | ɡrit/","v. 问候，招呼；反应","Belinda greeted her warmly."
"cet4","greeting","/'ɡri:tiŋ | 'griːtɪŋ | 'ɡritɪŋ/","n. 问候，招呼，致敬","I smiled a polite greeting, but the woman hardly acknowledged me."
"cet4","grey","/ɡrei | greɪ | ɡre/","adj. 灰色的; n. 灰色","an old lady with grey hair"
"cet4","grid","/ɡrid | grɪd | ɡrɪd/","n. 输电网","the national grid"
"cet4","grief","/ɡri:f | gri:f | ɡrif/","n. 悲伤","Every change in our lives brings with it griefs."
"cet4","grieve","/ɡri:v | griːv | griv/","v. 使悲痛; v. 悲痛","People need time to grieve after the death of a loved one."
"cet4","grind","/ɡraind | graɪnd | ɡraɪnd/","v. 磨(碎)；磨快","a stone for grinding knives and scissors"
"cet4","grip","/ɡrip | grɪp | ɡrɪp/","v. 握紧，抓牢; n. 紧握","I gripped the rail and tried not to look down."
"cet4","groan","/ɡrəun | grəʊn | ɡron/","v. 哼，呻吟; n. 呻吟","The kids all groaned when I switched off the TV."
"cet4","grocer","/'ɡrəusə | 'grəʊsə | ɡrosɚ/","n. 食品商；杂货商","The cook and the grocer haggled over the price of eggs."
"cet4","grocery","/'ɡrəusəri | 'grəʊs(ə)rɪ | 'ɡrosəri/","n. 杂货店","They run a small grocery store."
"cet4","gross","/ɡrəus | grəʊs | ɡros/","adj. 总的；严重的","The company was guilty of gross negligence."
"cet4","ground","/graʊnd | ɡraʊnd/","n. 地；场地；根据","There are strong grounds for believing his statement."
"cet4","groundlessly","/'graundlisli/","adv. 无缘无故地，无根据地",""
"cet4","groundsheet","/'ɡrəundʃi:t | 'graʊn(d)ʃiːt | 'graʊnd'ʃit/","n. 防潮布","One more thing, remind me to get some kind of groundsheet or we'll end up getting filthy."
"cet4","group","/ɡru:p | gruːp | ɡrup/","n. 小组，群; v. 聚集","A group of us are going to London."
"cet4","grow","/ɡrəu | grəʊ | ɡro/","v. 生长；变得；增长","You’ve really grown since I last saw you."
"cet4","growth","/ɡrəuθ | grəʊθ | ɡroθ/","n. 增长；增长量；生长","measures to stimulate economic growth"
"cet4","guarantee","/,ɡærən'ti: | ˌɡærən'ti: | ,ɡærən'ti/","n & v. 保证，担保","The bank will only lend me money if my parents guarantee the loan."
"cet4","guard","/ɡɑ:d | gɑːd | ɡɑrd/","v. 守卫；看守; n. 卫兵","The Sergeant told Swift to guard the entrance."
"cet4","guess","/ges | ɡɛs/","vt&vi&n. 猜测，推测","I’d say he’s around 50, but I’m only guessing."
"cet4","guest","/ɡest | gest | ɡɛst/","n. 客人，宾客；旅客","a banquet for 250 distinguished guests"
"cet4","guidance","/'ɡaidəns | 'gaɪd(ə)ns | 'gaɪdns/","n. 引导，指导，领导","a missile with a sophisticated electronic guidance system"
"cet4","guide","/ɡaid | gaɪd | ɡaɪd/","n. 导游者; v. 给…导游","a tour guide"
"cet4","guideline","/'ɡaidlain | 'gaɪdlaɪn | 'ɡaɪdlaɪn/","n. 指导原则","This chapter gives you some guidelines to help you in your work."
"cet4","guilt","/ɡilt | gɪlt | ɡɪlt/","n. 有罪，犯罪行为","He did not deny his guilt."
"cet4","guilty","/'ɡilti | 'gɪltɪ | 'ɡɪlti/","adj. 内疚的；有罪的","She looked self-conscious and guilty."
"cet4","guitar","/gɪ'tɑː | ɡɪ'tɑr/","n. 吉他， 六弦琴",""
"cet4","gulf","/ɡʌlf | gʌlf/","n. 海湾","the Gulf of Mexico"
"cet4","gum","/ɡʌm | gʌm/","n. 牙龈","The toothbrush gently removes plaque without damaging the gums or causing bleeding."
"cet4","gun","/gʌn | ɡʌn/","n. 枪，炮，手枪","I’ve never fired a gun in my life."
"cet4","gunpowder","/'ɡʌn,paudə | 'gʌnpaʊdə | 'ɡʌnpaʊdɚ/","n. 黑色火药；有烟火药",""
"cet4","guy","/gaɪ/","n. 家伙， 伙计","Dave’s a nice guy when you get to know him."
"cet4","gym","/dʒim | dʒɪm/","n. 体育馆，健身房","I go to the gym as often as I can."
"cet4","gymnasium","/dʒim'neiziəm | dʒɪm'neɪzɪəm | dʒɪm'nezɪəm/","n. 体育馆，健身房","I have found a new gymnasium."
"cet4","habit","/'hæbit | 'hæbɪt/","n. 习惯；习性","Regular exercise is a good habit."
"cet4","habitual","/hə'bitjuəl | hə'bɪtʃʊəl; -tjʊəl | hə'bɪtʃuəl/","adj. 习惯性的，惯常的","James took his habitual morning walk around the garden."
"cet4","hair","/hεə | heə | hɛr/","n. 头发，毛发；毛","Her hair was short and dark."
"cet4","haircut","/'hεəkʌt | 'heəkʌt | 'hɛrkʌt/","n. 理发","Do you like my new haircut?"
"cet4","half","/hɑ:f, hæf | hɑːf | hæf/","n. 半，一半; adj. 一半的","Only half the guests had arrived by seven o’clock."
"cet4","halfway","/ˌhɑːf'weɪ | ,hæf'we/","adv. 半路地； 在中途， 在半途; adj. 中途的；部分的；不彻底的","He was halfway up the ladder."
"cet4","hall","/hɔːl | hɔl/","n. 门厅；过道；会堂","a huge tiled entrance hall"
"cet4","halt","/hɔ:lt | hɔːlt | hɔlt/","v. 停止；立定; n. 停住","The government has failed to halt economic decline."
"cet4","hamburger","/ˈhæmbɜ:gə | hæmbɝ​ɡɚ/","n. 汉堡包，牛肉饼","The whole stadium stink of the hamburger."
"cet4","hammer","/'hæmə | 'hæmɚ/","n. 锤，榔头; v. 锤击","I had no hammer,so I had to pound the nail in with a stone."
"cet4","hand","/hænd/","n. 手；人手；指针","Steve gripped the steering wheel tightly with both hands."
"cet4","handbag","/'hændbæg | 'hænd'bæg/","n. 手提包","Rice: No, I only have a handbag."
"cet4","handful","/'hændful | 'hæn(d)fʊl; -f(ə)l | 'hænd,fʊl/","n. 一把；少数，一小撮","There were only a handful of people there."
"cet4","handkerchief","/'hæŋkətʃif, -tʃi:f | 'hæŋkətʃɪf | 'hæŋkɚtʃɪf/","n. 手帕","He flicked at spot with handkerchief."
"cet4","handle","/'hændl/","v. 控制，处理","I handled most of the paperwork."
"cet4","handsome","/'hænsəm | 'hæns(ə)m/","adj. 英俊的；相当大的","They won a handsome victory in the elections."
"cet4","handwriting","/'hænd,raitiŋ | 'hændraɪtɪŋ | 'hænd'raɪtɪŋ/","n. 笔迹，手迹，书法","I recognised her handwriting on the envelope."
"cet4","handy","/'hændi | 'hændɪ/","adj. 手边的；便于使用的","It’s quite a handy little tool."
"cet4","hang","/'hæŋ | hæŋ/","v. 挂，悬；吊死","If he is found guilty, he will almost certainly hang."
"cet4","happen","/'hæpən | 'hæp(ə)n/","v. 发生；碰巧，恰好","When did the accident happen?"
"cet4","happiness","/'hæpinis | ˈhæpinəs/","n. 幸福，幸运；快乐","Juliet’s eyes shone with happiness."
"cet4","happy","/'hæpi | 'hæpɪ/","adj. 快乐的；幸福的","It’s a lovely house and we’ve been very happy here."
"cet4","harbour","/'hɑ:bə | ˈhɑ:bə(r) | hɑrbɚ/","n. 海港，港口; v. 庇护","as they sailed into Portsmouth Harbour"
"cet4","hard","/hɑ:d | hɑːd | hɑrd/","adj. 硬的；困难的","a hard wooden chair"
"cet4","harden","/'hɑ:dən | 'hɑːd(ə)n | 'hɑrdn/","v. 使变硬; v. 变硬","It will take about 24 hours for the glue to harden."
"cet4","hardly","/'hɑ:dli | 'hɑːdlɪ | 'hɑrdli/","adv. 几乎不，简直不","My parents divorced when I was six, and I hardly knew my father."
"cet4","hardship","/'hɑ:dʃip | 'hɑːdʃɪp | 'hɑrdʃɪp/","n. 艰难，困苦","an economic policy that caused great hardship for many people"
"cet4","hardware","/'hɑ:dwεə | 'hɑːdweə | 'hɑrdwɛr/","n. 五金器具；硬件","...a shop from which an uncle had sold hardware and timber."
"cet4","hardworking","/'hɑ:d,wə:kiŋ | hɑ:d'wɜ:kɪŋ | 'hɑrd,wɝkɪŋ/","adj. 苦干的，不辞辛劳的",""
"cet4","hare","/hεə | heə | hɛr/","n. 野兔","Because it makes its home in an extreme environment, the desert hare is biologically designed to radiate excess heat through its lanky limbs and oversized ears."
"cet4","harm","/hɑ:m | hɑrm/","n & v. 有害","The scandal did his career a lot of harm."
"cet4","harmful","/'hɑ:mful | 'hɑːmfʊl | 'hɑrmfəl/","adj. 有害的","the harmful effects of smoking"
"cet4","harmony","/'hɑ:məni | 'hɑːmənɪ | 'hɑrməni/","n. 和谐","the gorgeous vocal harmonies on ‘Mexicali Rose’"
"cet4","harness","/'hɑːnɪs | 'hɑrnɪs/","v. 治理; n. 马具，挽具","We must harness the rivers which overflow annually."
"cet4","harsh","/hɑ:ʃ | hɑːʃ | hɑrʃ/","adj. 严酷的","The hostages are being held in harsh conditions."
"cet4","harvest","/'hɑ:vist | 'hɑːvɪst | 'hɑrvɪst/","n. 丰收，收获","There was about 300 million tons of grain in the fields at the start of the harvest."
"cet4","haste","/heist | heɪst | hest/","n. 急速，急忙；草率","I soon regretted my haste."
"cet4","hasten","/'heisən | 'heɪs(ə)n | 'hesn/","v. 催促; v. 赶紧","Their departure was hastened by an abnormally cold winter."
"cet4","hasty","/'heɪstɪ | 'hesti/","adj. 急速的；仓促的","He soon regretted his hasty decision."
"cet4","hat","/hæt/","n. 帽子(一般指有边的)","Maria was wearing a beautiful new hat."
"cet4","hatch","/hætʃ/","v. 孵出; v. (蛋)孵化","The eggs take three days to hatch."
"cet4","hate","/heit | heɪt | het/","v. 恨，憎恨；不喜欢","It’s the kind of movie you either love or hate."
"cet4","hateful","/'heitful | 'heɪtfʊl; -f(ə)l | 'hetfəl/","adj. 可恨的，可恶的","It was all the fault of that hateful man!"
"cet4","hatred","/'heitrid | 'heɪtrɪd | 'hetrɪd/","n. 憎恶，憎恨，仇恨","A look of pure hatred flashed across her face."
"cet4","have","/hæv, 弱həv, əv, v | hæv | hæv; (also, as before 'to') hæf/","v. aux已经; v. 有；吃","Our guests have arrived."
"cet4","hawk","/hɔ:k | hɔːk | hɔk/","n. 鹰，隼",""
"cet4","hay","/hei | heɪ/","n. 干草","...bales of hay."
"cet4","hazard","/'hæzəd | 'hæzɚd/","n. 危险","That pile of rubbish is a fire hazard (= something that is likely to cause a fire )."
"cet4","he","/hi:, 弱 hi, i:, i | hiː | hi/","pron. (主格)他","‘Where’s Paul?’ ‘He’s gone to the cinema.’"
"cet4","head","/hed | hɛd/","n. 头；上端; v. 率领","He kissed the top of her head."
"cet4","headache","/'hedeik | 'hedeɪk | ˈhɛdˌek/","n. 头痛；头痛的事","If you have a headache, you should take some aspirin."
"cet4","heading","/'hediŋ | 'hedɪŋ | 'hɛdɪŋ/","n. 标题，题词，题名","chapter headings"
"cet4","headline","/'hedlain | 'hedlaɪn | 'hɛdlaɪn/","n. 大字标题；新闻提要","a paper carrying the front-page headline: ‘Space Aliens meet with President’"
"cet4","headmaster","/'hed'mɑ:stə, -mæstə | hed'mɑːstə | ,hɛd'mæstɚ/","n. 校长","This headmaster is very modest."
"cet4","headquarter","/'hedkwɔːtə | 'hɛd'kwɔrtɚ/","v. 设立总部，在…设立总部",""
"cet4","headquarters","/,hed'kwɔ:təz | hed'kwɔːtəz | 'hɛdkwɔrtɚz/","n. 司令部；总部","the headquarters of the United Nations"
"cet4","heal","/hi:l | hiːl | hil/","v. 治愈；使和解","a preacher who claims that he can heal the sick"
"cet4","health","/helθ | hɛlθ/","n. 健康，健康状况","I’m worried about my husband’s health."
"cet4","healthy","/'helθi | 'helθɪ | 'hɛlθi/","adj. 健康的；有益健康的","a healthy baby boy"
"cet4","heap","/hi:p | hiːp | hip/","n. (一)堆；大量","a rubbish heap"
"cet4","hear","/hiə | hɪə | hɪr/","v. 听见；审讯；听说","Blanche heard a crash as the back door was flung open."
"cet4","hearing","/'hɪərɪŋ | 'hɪrɪŋ/","n. 听力， 听觉； 听力所及之距离； 意见听取会； 申辩的机会","a child with a hearing disability"
"cet4","heart","/hɑ:t | hɑːt | hɑrt/","n. 心，内心；勇气","Regular exercise is good for the heart."
"cet4","heat","/hi:t | hiːt | hit/","n. 热，炎热; v. 变热","Ice needs heat to melt."
"cet4","heating","/'hi:tiŋ | 'hiːtɪŋ | 'hitɪŋ/","n. 加热，供暖","We wanted to reduce the cost of heating and air-conditioning."
"cet4","heave","/hiːv | hiv/","vi. 起伏，隆起；呕吐，恶心; vt. 举起，提起，拉起，拖；扔；发出; n. 举起； 起伏， 升降","Michael’s shoulders heaved with silent laughter."
"cet4","heaven","/'hevən | 'hev(ə)n | 'hɛvn/","n. 天堂；天，天空","He looked up towards the heavens."
"cet4","heavily","/'hevili | 'hevɪlɪ | 'hɛvɪli/","adv. 重重地；大量地","I became heavily involved in politics."
"cet4","heavy","/'hevɪ | 'hɛvi/","adj. 重的；大的；充满的","The wardrobe was too heavy for me to move on my own."
"cet4","hedge","/hedʒ | hɛdʒ/","n. 篱笆，树篱；障碍物",""
"cet4","heel","/hi:l | hiːl | hil/","n. 脚后跟，踵，后跟","black boots with high heels"
"cet4","height","/hait | haɪt/","n. 高，高度；高处","Sam’s about the same height as his sister now."
"cet4","heir","/εə | eə | ɛr/","n. 后嗣，继承人","Jonson was his political heir as leader of the party."
"cet4","helicopter","/'helikɔptə | 'helɪkɒptə | 'hɛlɪkɑptɚ/","n. 直升机","You can helicopter to the island."
"cet4","hell","/hel | hɛl/","n. 地狱；极大的痛苦","War is hell."
"cet4","hello","/he'ləu, hə- | hə'ləʊ; he- | hɛˈlo, hə-/","int. 喂","Hello, John! How are you?"
"cet4","helmet","/'helmit | 'helmɪt | 'hɛlmɪt/","n. 头盔，钢盔","The Sword split the Knight's helmet and bit him fatally."
"cet4","help","/help | hɛlp/","v. 帮助；援助; n. 帮手","If there’s anything I can do to help, just give me a call."
"cet4","helpful","/'helpful | 'helpfʊl; -f(ə)l | 'hɛlpfl/","adj. 给予帮助的；有用的","Thank you for your advice; it’s been very helpful."
"cet4","helpless","/'helplis | 'helplɪs | 'hɛlpləs/","adj. 无助的；无能的","He began to feel depressed and helpless."
"cet4","hen","/hen | hɛn/","n. 母鸡，雌禽","The chickens gathered under the hen."
"cet4","hence","/hens | hɛns/","adv. 因此，所以；今后","The cost of transport is a major expense for an industry. Hence factory location is an important consideration."
"cet4","her","/hɜː | hɚ/","pron. (宾格)她；她的","Jane? I don’t really know her."
"cet4","herd","/hə:d | hɜːd | hɝd/","n. 兽群，牧群; v. 放牧","Chobe is also renowned for its large herds of elephant and buffalo."
"cet4","here","/hiə | hɪə | hɪr/","adv. 这里；向这里","What are you doing here?"
"cet4","hero","/'hiərəu | 'hɪərəʊ | 'hɪro/","n. 男主角；英雄；勇士","He had dared to speak out against injustice, and overnight he became a national hero ."
"cet4","heroic","/hi'rəuik | hɪ'rəʊɪk | hə'roɪk/","adj. 英雄的；英勇的","her heroic efforts to save her family"
"cet4","heroine","/'herəʊɪn | 'hɛroɪn/","n. 女主角；女英雄","The heroine is a senior TV executive."
"cet4","hers","/hɜːz | hɝz/","pron. 她的(所有物)","He bent and touched his mouth to hers."
"cet4","herself","/hɜː'self | hɝ'sɛlf/","pron. 她自己；她亲自","She cut herself on some broken glass."
"cet4","hesitant","/'hezɪtənt | 'hɛzɪtənt/","adj. 犹豫的； 吞吞吐吐的","Gail gave me a hesitant little smile."
"cet4","hesitate","/'heziteit | 'hezɪteɪt | 'hɛzɪtet/","v. 犹豫，踌躇；含糊","I hesitate."
"cet4","heterogeneity","/,hetərəudʒi'ni:əti | ˌhetərədʒə'niːəti/","n. 异种， 异质， 不同成分","Such political communities are characterized by heterogeneity and difference with no shared object of design."
"cet4","hi","/hai | haɪ/","int. 嗨(表示问候等)","Hi! How are you?"
"cet4","hide","/haid | haɪd/","v. 把…藏起来；隐瞒","She keeps a bottle of gin hidden behind a stack of books."
"cet4","high","/hai | haɪ/","adj. 高的；高级的; adv. 高","This is the highest mountain in Japan."
"cet4","highlight","/'hailait | 'haɪlaɪt/","v & n. 照亮；突出；强调","Your résumé should highlight your skills and achievements."
"cet4","highly","/'haili | 'haɪlɪ | 'haɪli/","adv. 高度地，很，非常","Tom’s mother was highly critical of the school’s approach."
"cet4","highway","/'haiwei | 'haɪweɪ | 'haɪwe/","n. 公路；大路","Interstate Highway 75"
"cet4","hill","/hil | hɪl/","n. 小山，山岗；丘陵","Their house is on a hill overlooking the sea."
"cet4","hillside","/'hilsaid | 'hɪlsaɪd | 'hɪl'saɪd/","n. (小山)山腰，山坡","The airplane crashed on a hillside."
"cet4","him","/hɪm/","pron. (宾格)他","Are you in love with him?"
"cet4","himself","/hɪm'self | hɪm'sɛlf/","pron. 他自己；他亲自","He repossessed himself of his farm."
"cet4","hinder","/'hində | 'hɪndə | 'hɪndɚ/","v. 阻碍","His career has been hindered by injury."
"cet4","hint","/hint | hɪnt/","n. 暗示，示意；建议","There have been hints that he may take up coaching."
"cet4","hip","/hɪp/","n. 臀部， 髋部","She stood there with her hands on her hips glaring at him."
"cet4","hire","/haiə | 'haɪə | 'haɪɚ/","v. 雇佣","Employers hire skilled people on fixed-term contracts."
"cet4","his","/hɪz/","pron. 他的，他的东西","He stated his views to me."
"cet4","historic","/hɪ'stɒrɪk | hɪ'stɔrɪk/","adj. 历史上著名的， 具有重大历史意义的","a historic meeting of world leaders"
"cet4","historical","/his'tɔrikəl | hɪ'stɒrɪk(ə)l | hɪ'stɔrɪkl/","adj. 历史的，有关历史的","places of historical interest"
"cet4","history","/'histəri | 'hɪst(ə)rɪ | ˈhɪstəri; ˈhɪstri/","n. 历史；个人经历","Throughout history the achievements of women have been largely ignored."
"cet4","hit","/hit | hɪt/","n. 成功, 打击","First a house took a direct hit and then the rocket exploded."
"cet4","hobby","/'hɔbi | 'hɒbɪ | 'hɑbi/","n. 业余爱好，癖好","What are your hobbies?"
"cet4","hold","/həʊld | hold/","v. 拿住；掌握；拥有","He holds shares in ICI."
"cet4","hole","/həul | həʊl | hol/","n. 洞；孔眼，裂开处","I began digging a hole for the plant."
"cet4","holiday","/'hɔlədi | 'hɒlɪdeɪ; -dɪ | 'hɑləde/","n. 假日，节日；假期","The school holidays start tomorrow."
"cet4","hollow","/'hɔləu | 'hɒləʊ | 'hɑlo/","adj. 空的；空洞的","a hollow tree"
"cet4","holy","/['həuli] | 'həʊlɪ | 'holi/","adj. 神圣的；圣洁的","the holy city of Varanasi"
"cet4","home","/həum | həʊm | hom/","n. 家；家乡; adj. 家庭的","They have a beautiful home in California."
"cet4","homemaker","/'həum,meikə | ˈhəʊmmeɪkə(r) | 'hommekɚ/","n. 主妇","Whether you are a carpenter or a therapist, a homemaker or a professor, it makes no difference."
"cet4","homogeneous","/ˌhɒmə'dʒiːniəs | ,homə'dʒinɪəs/","adj. 同种类的， 同性质的， 有相同特征的","The unemployed are not a homogeneous group."
"cet4","honest","/'ɔnist | 'ɒnɪst | 'ɑnɪst/","adj. 诚实的；可敬的","He was a hard-working, honest man."
"cet4","honesty","/'ɔnisti | 'ɒnɪstɪ | 'ɑnəsti/","n. 诚实","a politician of rare honesty and courage"
"cet4","honey","/'hʌni | 'hʌnɪ/","n. 蜜，蜂蜜；甜，甜蜜",""
"cet4","honeymoon","/'hʌnimu:n | 'hʌnɪmuːn | 'hʌnɪmun/","n. 蜜月","By 1987, the honeymoon was over ."
"cet4","honor","/'ɔnə | 'ɒnə(r) | ɑnɚ/","v. 纪念","...It is really an honor for me to be your sister and I will cherish the goodwill you showed to me wherever I go..."
"cet4","honour","/'ɔnə | 'ɒnə/","n. 光荣；尊敬，敬意","Over 100 players competed for the honour of representing the county in the National Finals."
"cet4","honourable","/'ɔnərəbl | 'ɒn(ə)rəb(ə)l/","adj. 诚实的；光荣的","My father didn’t think acting was an honorable profession."
"cet4","hook","/huk | hʊk/","n. 钩，挂钩; v. 钩住","Tom hung his coat on the hook behind the door."
"cet4","hope","/həup | həʊp | hop/","n&vt&vi. 希望","I do hope everything goes well."
"cet4","hopeful","/'həupful | 'həʊpfʊl; -f(ə)l | 'hopfl/","adj. 有希望的","The vote is a hopeful sign that attitudes in the church are changing."
"cet4","hopeless","/'həuplis | 'həʊpləs | ˈhoʊpləs/","adj. 没有希望的，绝望的","We tried to stop the flames from spreading, but we knew it was hopeless."
"cet4","horizon","/hə'raizən | hə'raɪz(ə)n | hə'raɪzn/","n. 地平线；眼界，见识","In the distance, the dot of a boat appeared on the horizon."
"cet4","horizontal","/'hɔri'zɔntəl | hɒrɪ'zɒnt(ə)l | 'hɔrə'zɑntl/","adj. 地平的；水平的","a horizontal surface"
"cet4","horn","/hɔ:n | hɔːn | hɔrn/","n. 号角；警报器；角","A mature cow has horns."
"cet4","horrible","/'hɒrəbl | ˈhɑːrəbl/","adj. 令人恐惧的， 可怕的； 骇人听闻的； 极讨厌的， 使人不愉快的； 糟透的","The weather has been really horrible all week."
"cet4","horror","/'hɔrə | 'hɒrə | 'hɔrɚ/","n. 恐怖；战栗；憎恶","Dense smoke surrounded them, adding to the horror of the situation."
"cet4","horse","/hɔ:s | hɔːs | hɔrs/","n. 马；马科动物","a horse and cart"
"cet4","horsepower","/'hɔ:s,pauə | 'hɔːspaʊə | 'hɔrs'paʊɚ/","n. 马力","a two-hundred horsepower engine"
"cet4","hospitable","/hɔ'spitəbl, 'hɔspitəbl | hɑ'spɪtəbl/","adj. 热情友好的","The local people were very kind and hospitable."
"cet4","hospital","/'hɔspitəl | 'hɒspɪt(ə)l | 'hɑspɪtl/","n. 医院","They are building a new hospital."
"cet4","hospitalize","/'hɔspitəlaiz | 'hɒspɪtəlaɪz | 'hɑspɪtə'laɪz/","v. 就医","When patients with SARS hospitalize massively, the department of nursing administration should take some measures to deploy timely, add and adjust nursing resource flexibly."
"cet4","host","/həust | həʊst | host/","n. 主人；东道主","Our host greeted us at the door."
"cet4","hostess","/'həustis | 'həʊstɪs; -es; həʊ'stes | 'hostəs/","n. 女主人；空姐","The hostess introduced them."
"cet4","hostile","/'hɔstail, -təl | 'hɒstaɪl | ˈhɑstəl/","adj. 敌方的；不友善的","Southampton fans gave their former coach a hostile reception ."
"cet4","hot","/hɔt | hɒt | hɑt/","adj. 热的；刺激的；辣的","a hot curry"
"cet4","hotel","/həu'tel | həʊ'tel; əʊ- | ho'tɛl/","n. 旅馆","I’ve booked the flights and the hotel."
"cet4","hour","/'auə | 'aʊə | 'aʊɚ/","n. 小时；时间，时刻","The interview will last about two hours."
"cet4","house","/haus, hauz | haʊs/","n. 房屋，住宅；商号","America’s oldest publishing house"
"cet4","household","/'haʊshəʊld | 'haʊshold/","n. 家庭，一家人","A growing number of households have at least one computer."
"cet4","housewife","/'hauswaif | 'haʊswaɪf | 'haʊs'waɪf/","n. 家庭主妇","Married at nineteen, she was a traditional housewife and mother of four children."
"cet4","housing","/'hauzɪŋ | 'haʊzɪŋ/","n. 房屋， 住宅； 住房建筑， 住房供给； 外壳， 外罩","health problems caused by bad housing"
"cet4","how","/haʊ/","adv. 怎么；怎样；多少","How do you spell your name?"
"cet4","however","/haʊ'evə | haʊ'ɛvɚ/","adv. 然而；不管怎样","This is a cheap and simple process. However, there are dangers."
"cet4","hub","/hʌb/","n. 中心","the commercial hub of the region"
"cet4","huge","/hju:dʒ | hjuːdʒ | hjudʒ/","adj. 巨大的，庞大的","a huge dog"
"cet4","human","/'hju:mən | 'hjuːmən | 'hjumən/","adj. 人的，人类的; n. 人","There are many different cell types in the human body ."
"cet4","humanity","/hju:'mænəti | hju:'mæniti | hjʊ'mænəti/","n. 人类，总称人(性)","We want a clean healthy environment for all humanity ."
"cet4","humble","/'hʌmbl/","adj. 谦逊的；地位低下的","a modest and humble man"
"cet4","humid","/'hju:mid | 'hjuːmɪd | 'hjumɪd/","adj. 湿的，湿气重的","Tokyo is extremely humid in mid-summer."
"cet4","humorous","/'hju:mərəs | 'hjuːm(ə)rəs | 'hjumərəs/","adj. 富于幽默的，诙谐的","humorous stories"
"cet4","humour","/'hju:mə | 'hjuːmə/","n. 幽默，诙谐，幽默感","his humour and charm"
"cet4","hundred","/'hʌndrəd/","num. 百，百个; n. 许多","I’m not a hundred percent sure where she lives."
"cet4","hunger","/'hʌŋɡə | 'hʌŋgə | 'hʌŋɡɚ/","n. 饿，饥饿；渴望","Try to satisfy your hunger by eating some fruit."
"cet4","hungry","/'hʌŋɡri | 'hʌŋgrɪ/","adj. 饥饿的；渴望的","I was cold, tired, and hungry."
"cet4","hunt","/hʌnt/","n. 打猎；搜寻; v. 追猎","The couple had helped in the hunt for the toddlers."
"cet4","hurry","/'hʌrɪ | 'hɝrɪ/","v. 赶紧; v. 催促","If we hurry, we’ll get there in time."
"cet4","hurt","/hə:t | hɜːt | hɝ​t/","v. 使受伤；使痛心","Was anyone hurt in the accident?"
"cet4","husband","/'hʌzbənd/","n. 丈夫","Have you met my husband Roy?"
"cet4","hut","/hʌt/","n. 小屋，棚屋","a wooden hut"
"cet4","hydrogen","/'haidrədʒən | 'haɪdrədʒ(ə)n | 'haɪdrədʒən/","n. 氢","Water contains hydrogen and oxygen."
"cet4","I","/ai | aɪ/","pron. (主格)我","I moved to this city six years ago."
"cet4","ice","/[ais] | aɪs/","n. 冰，冰块; v. 冰镇","Would you like some ice in your drink?"
"cet4","idea","/ai'diə, 'ai'diə | aɪ'dɪə | aɪ'diə/","n. 想法；思想；意见","You should talk to Ken – he's always full of good ideas."
"cet4","ideal","/ai'diəl | aɪ'dɪəl; aɪ'diːəl | aɪ'diəl/","adj. 理想的；观念的","advice on how to reach your ideal weight"
"cet4","identical","/ai'dentikəl | aɪˈdentɪkl | aɪ'dɛntɪkl/","adj. 相同的","four identical houses"
"cet4","identification","/ai,dentifi'keiʃən | aɪ,dentɪfɪ'keɪʃ(ə)n | aɪˌdentɪfɪ'keʃn/","n. 鉴定，识别；认同；身份证明","Do you have any identification?"
"cet4","identify","/aɪ'dentifai | aɪ'dɛntɪfaɪ/","v. 认出，识别；视为","He was too far away to be able to identify faces."
"cet4","identity","/ai'dentəti | aɪ'dentɪtɪ | aɪ'dɛntəti/","n. 身份","The identity of the killer is still unknown."
"cet4","idiom","/'idiəm | 'ɪdɪəm/","n. 习语，成语","the new musical idiom"
"cet4","idle","/'aidl | 'aɪd(ə)l | 'aɪdl/","adj. 空闲的；懒散的","I cannot afford to leave the land lying idle."
"cet4","if","/ɪf/","conj. 假如，如果","We’ll stay at home if it rains."
"cet4","ignorance","/'iɡnərəns | 'ɪɡnərəns/","n. 无知，愚昧","Excuse my ignorance, but how does it actually work?"
"cet4","ignorant","/'iɡnərənt | 'ɪgn(ə)r(ə)nt | 'ɪɡnərənt/","adj. 无知的","an ignorant and uneducated man"
"cet4","ignore","/iɡ'nɔ: | ɪɡ'nɔ:(r) | ɪɡ'nɔr/","v. 忽视，不顾","The phone rang, but she ignored it."
"cet4","ill","/il | ɪl/","adj. 有病的；坏的; adv. 坏","Bridget can’t come – she’s ill."
"cet4","illegal","/ɪ'li:ɡl | ɪ'ligl/","adj. 非法的","illegal drugs"
"cet4","illness","/'ilnis | ˈɪlnəs | 'ɪlnəs/","n. 病，疾病","She had all the normal childhood illnesses."
"cet4","illustrate","/'iləstreit | 'ɪləstreɪt | 'ɪləstret/","v. 说明,阐明","Let me give an example to illustrate the point."
"cet4","illustration","/,ilə'streiʃən | ɪlə'streɪʃ(ə)n | ,ɪlə'streʃən/","n. 说明，图解；例证","The book contains 62 pages of illustrations."
"cet4","image","/'imidʒ | 'ɪmɪdʒ/","n. 形象，声誉，印象","He had the clearest image in his mind of his mother and father."
"cet4","imaginary","/i'mædʒinəri | ɪ'mædʒɪn(ə)rɪ | ɪ'mædʒɪnɛri/","adj. 虚构的，想象的","As she listened, she played an imaginary piano on her knees."
"cet4","imagination","/i,mædʒi'neiʃən | ɪ,mædʒɪ'neɪʃ(ə)n | ɪ,mædʒɪ'neʃən/","n. 想象；想象力；空想","a storyteller with an incredible imagination"
"cet4","imagine","/i'mædʒin | ɪ'mædʒɪn/","v. 想象，设想；料想","Perhaps she’d never really been there at all – perhaps she’d just imagined it."
"cet4","imitate","/'imiteit | 'ɪmɪteɪt | 'ɪmɪtet/","v. 模仿","She was a splendid mimic and loved to imitate Winston Churchill."
"cet4","immeasurable","/i'meʒərəbl | ɪ'meʒ(ə)rəb(ə)l | ɪ'mɛʒərəbl/","adj. 无法估量的","The refugee problem has now reached immeasurable proportions."
"cet4","immediate","/i'mi:diət | ɪ'miːdɪət | ɪ'midɪət/","adj. 立即的；直接的","Our immediate response to the attack was sheer horror."
"cet4","immediately","/i'mi:diətli | ɪ'miːdɪətlɪ | ɪ'midɪətli/","adv. 立即；直接地","Those most immediately involved in the disaster will be given support."
"cet4","immense","/i'mens | ɪ'mens | ɪ'mɛns/","adj. 巨大的；极好的","People who travel by rail still read an immense amount."
"cet4","immigrant","/'imiɡrənt | 'ɪmɪgr(ə)nt | 'ɪmɪɡrənt/","n. 移民; adj. 移民的","an illegal immigrant"
"cet4","immobile","/i'məubail, -bi:l | ɪ'məʊbaɪl | ɪ'mobl/","adj. 稳定的，不变的","She could see a figure sitting immobile, facing the sea."
"cet4","impact","/'ɪmpækt | ɪm'pækt/","n. 影响","They say they expect the meeting to have a marked impact on the future of the country."
"cet4","impatient","","adj. 不耐烦的，急躁的","The impatient drivers were beeping their horns."
"cet4","impermanency","/im'pə:mənəns,-nənsi | im'pə:mənənsi/","n. 非永久性",""
"cet4","impermanent","/im'pə:mənənt | ɪm'pɝmənənt/","adj. 非永久（性）的；不持久的，暂时的","single-storey structures, built from cheap and impermanent materials"
"cet4","implement","/'implimənt, 'impliment | 'ɪmplɪmənt | 'ɪmplɪmɛnt/","v. 实施，执行","The government promised to implement a new system to control financial loan institutions."
"cet4","implementation","/,implimen'teiʃən | ɪmplɪmen'teɪʃ(ə)n/","n. 实现，履行","They do, however, greatly affect the implementation of those patterns."
"cet4","implication","/ˌɪmplɪˈkeɪʃn | 'ɪmplɪ'keʃən/","n. 含义，暗示","They are called ‘Supertrams’, the implication being that (= which is meant to suggest that ) they are more advanced than earlier models."
"cet4","imply","/im'plai | ɪm'plai/","v. 意味；暗示","an implied threat"
"cet4","import","/im'pɔ:t, 'impɔ:t | ɪm'pɔːt | 'ɪmpɔt/","n & v. 进口","...The most import advantage of the school meeting is that it shows the children that the school is really their’s..."
"cet4","importance","/im'pɔ:təns | ɪm'pɔːt(ə)ns | ɪm'pɔrtns/","n. 重要；重要性","He was full of his own importance (= he behaved in an annoying way which showed that he thought he was very important )."
"cet4","important","/im'pɔ:tənt | ɪm'pɔːt(ə)nt | ɪm'pɔrtnt/","adj. 重要的；有势力的","a very important meeting"
"cet4","impose","/im'pəuz | ɪm'pəʊz | ɪm'poz/","v. 强加","The court can impose a fine."
"cet4","impossible","/im'pɔsəbl | ɪm'pɒsɪb(ə)l | ɪm'pɑsəbl/","adj. 不可能的，办不到的","‘I want to speak to Mr Franks.’ ‘I’m afraid that’s impossible.’"
"cet4","impress","/im'pres, 'impres | ɪm'pres | ɪm'prɛs/","v. 给…深刻印象","Steve borrowed his dad’s sports car to impress his girlfriend."
"cet4","impression","/ɪm'preʃ(ə)n | ɪm'prɛʃən/","n. 印；印象；印记","When we looked around the school we got a very good impression."
"cet4","impressive","/im'presiv | ɪm'presɪv | ɪm'prɛsɪv/","adj. 给人印象深刻的","The figures certainly look impressive."
"cet4","imprison","/im'prizən | ɪm'prɪz(ə)n | ɪm'prɪzn/","v. 关押，监禁；限制","The government imprisoned all opposition leaders."
"cet4","improper","/im'prɔpə | ɪmˈprɒpə(r) | ɪm'prɑpɚ/","adj. 不合适的，不适当的","25 officers were investigated following allegations of improper conduct."
"cet4","improve","/im'pru:v | ɪm'pruːv | ɪm'pruv/","v. 使更好; v. 改善","a course for students wishing to improve their English"
"cet4","improvement","/ɪm'pruːvm(ə)nt | ɪm'prʊvmənt/","n. 改进，改善；改进处","Our results have shown some improvement this month."
"cet4","in","/in | ɪn/","prep. 在…里ad进，入","There’s some sugar in the cupboard."
"cet4","inadequacy","/in'ædikwəsi | ɪn'ædɪkwəsɪ | ɪn'ædɪkwəsi/","n. 不足","Unemployment can cause feelings of inadequacy and low self-esteem."
"cet4","inadequate","/in'ædikwit | ɪn'ædɪkwət/","adj. 不足的，不够的","inadequate resources"
"cet4","inappropriate","/,inə'prəupriət | ɪnə'prəʊprɪət | 'ɪnə'proprɪət/","adj. 不合适的","There is no suggestion that clients have been sold inappropriate policies."
"cet4","incentive","/in'sentiv | ɪn'sentɪv | ɪn'sɛntɪv/","n. 动机，刺激","As an added incentive, there’s a bottle of champagne for the best team."
"cet4","inch","/intʃ | ɪn(t)ʃ | ɪntʃ/","n. 英寸","The curtains were an inch too short."
"cet4","incidence","/'insidəns | 'ɪnsɪd(ə)ns | 'ɪnsɪdəns/","n. 几率，发生率","The incidence of breast cancer increases with age."
"cet4","incident","/'insidənt | 'ɪnsɪd(ə)nt | 'ɪnsɪdənt/","n. 发生的事；事件","Am I at risk because of some incident in my sexual past?"
"cet4","incline","/in'klain | ɪnˈklaɪn | ɪn'klaɪn/","v. 倾向于","...the factors that incline us toward particular beliefs."
"cet4","include","/in'klu:d | ɪn'kluːd | ɪn'klud/","v. 包含","Does the price include postage?"
"cet4","income","/'inkʌm | 'ɪnkʌm/","n. 收入；收益；进款","low-income families"
"cet4","incomparable","/in'kɔmpərəbl | ɪn'kɒmp(ə)rəb(ə)l | ɪn'kɑmprəbl/","adj. 无比的，无可匹敌的","an incomparable view of San Marco"
"cet4","incorrect","/,inkə'rekt | ɪnkə'rekt | ,ɪnkə'rɛkt/","adj. 不正确的，错误的","The information you gave us was incorrect."
"cet4","increase","/in'kri:s, 'inkri:s | ɪn'kriːs | 'ɪnkris/","vt&vi&n. 增加","The population increased dramatically in the first half of the century."
"cet4","increasingly","/in'kri:siŋli | ɪn'kriːsɪŋlɪ | ɪn'krisɪŋli/","adv. 日益，越来越多地","Marketing techniques are becoming increasingly sophisticated."
"cet4","incredible","/in'kredəbl | ɪn'krɛdəbl/","adj. 不可思议的","It’s incredible that he survived the fall."
"cet4","indeed","/in'di:d | ɪn'diːd | ɪn'did/","adv. 真正地；确实","The blood tests prove that Vince is indeed the father."
"cet4","indefinite","/in'definət | ɪn'defɪnɪt | ɪn'dɛfɪnət/","adj. 不明确的；不定的","Teachers find the report’s terminology so indefinite that it is confusing."
"cet4","independence","/,indi'pendəns | ɪndɪ'pend(ə)ns | ,ɪndɪ'pɛndəns/","n. 独立，自主，自立","The country has made great advances since independence."
"cet4","independent","/,indi'pendənt | ,ɪndɪ'pendənt | 'ɪndɪ'pɛndənt/","adj. 独立的；自主的","There are plans to split the corporation into a number of smaller independent companies."
"cet4","independently","/,indi'pendəntli | ˌɪndɪ'pendəntlɪ | ,ɪndɪ'pɛndəntli/","adv. 独立地","In each of these cases, one of the models evolved independently of the other."
"cet4","index","/'indeks | 'ɪndeks | 'ɪndɛks/","n. 索引；指数；指标","...the consumer price index."
"cet4","India","/'indiə | 'ɪndɪə/","n. 印度","Burma borders on India."
"cet4","Indian","/'indiən | 'ɪndɪən/","adj. 印度的; n. 印度人","...the Indian government."
"cet4","indicate","/'indikeit | 'ɪndɪkeɪt | 'ɪndɪket/","v. 表明","The study indicates a connection between poverty and crime."
"cet4","indication","/,indi'keiʃən | ɪndɪ'keɪʃ(ə)n | ,ɪndɪ'keʃən/","n. 指示；表示；表明","Could you give me some indication as to when I am likely to receive a reply?"
"cet4","indifferent","/in'difərənt | ɪn'dɪf(ə)r(ə)nt | ɪn'dɪfrənt/","adj. 冷漠的","People have become indifferent to the suffering of others."
"cet4","indignant","/in'diɡnənt | ɪn'dɪgnənt | ɪn'dɪɡnənt/","adj. 愤慨的，义愤的","an indignant reply"
"cet4","indirect","/,indi'rekt, -dai- | ɪndɪ'rekt; ɪndaɪ- | ,ɪndə'rɛkt/","adj. 间接的；不坦率的","Losing weight is an indirect result of smoking cigarettes."
"cet4","indispensable","/,indis'pensəbl | ,ɪndɪs'pɛnsəb! | 'ɪndɪ'spɛnsəbl/","adj. 必不可少的","Mobile phones have become an indispensable part of our lives."
"cet4","individual","/,indi'vidjuəl, -dʒəl | ˌɪndɪˈvɪdʒuəl | ,ɪndɪ'vɪdʒuəl/","n. 个人","the rights of the individual"
"cet4","indoor","/'ɪndɔː | 'ɪndɔr/","adv. 在室内， 在户内; adj. 室内的","an indoor swimming pool"
"cet4","indoors","/'indɔ:z | ɪn'dɔːz | ,ɪn'dɔrz/","adv. 在室内，在屋里","Let’s go indoors and have something to eat."
"cet4","induce","/in'dju:s, in'du:s | ɪn'djuːs | ɪn'dus/","v. 引诱","She had to be induced because the baby was four weeks late."
"cet4","industrial","/in'dʌstriəl | ɪn'dʌstrɪəl/","adj. 工业的；产业的","By 1900, Britain was a mainly industrial society."
"cet4","industrialize","/in'dʌtriəlaiz | ɪnˈdʌstrɪəlʌɪz | ɪn'dʌstrɪəlaɪz/","v. 使工业化","Energy consumption rises as countries industrialize."
"cet4","industry","/'indəstri | 'ɪndəstrɪ | 'ɪndəstri/","n. 工业，产业；勤劳","I work in the oil industry."
"cet4","inefficient","/,ini'fiʃənt | ɪnɪ'fɪʃ(ə)nt | ,ɪnɪ'fɪʃnt/","adj. 效率低的，无能的","an inefficient use of resources"
"cet4","inevitable","/in'evitəbl | ɪnˈevɪtəbl | ɪn'ɛvɪtəbl/","adj. 不可避免的","A further escalation of the crisis now seems inevitable."
"cet4","inexpensive","/,inik'spensiv | ɪnɪk'spensɪv; ɪnek- | ,ɪnɪk'spɛnsɪv/","adj. 花费不多的，廉价的","a good selection of inexpensive wines"
"cet4","infant","/'infənt | 'ɪnf(ə)nt | 'ɪnfənt/","n. 婴儿; adj. 婴儿的","An infant’s skin is very sensitive."
"cet4","infect","/in'fekt | ɪn'fekt | ɪn'fɛkt/","v. 传染；感染","People with the virus may feel perfectly well, but they can still infect others."
"cet4","infer","/in'fə: | ɪn'fɜː | ɪn'fɝ/","v. 推论，推断；猜想","I inferred from what she said that you have not been well."
"cet4","inference","/'ɪnfərəns/","n. 推断结果， 结论； 推论， 推理， 推断","There were two inferences to be drawn from her letter."
"cet4","inferior","/in'fiəriə | ɪn'fɪərɪə | ɪn'fɪrɪɚ/","adj. 下等的；劣等的","I felt very inferior among all those academics."
"cet4","infinite","/'infinət | 'ɪnfɪnət/","adj. 无限的","The universe is infinite."
"cet4","inflate","/in'fleit | ɪn'fleɪt | ɪn'flet/","v. 膨胀","It took us half an hour to inflate the dinghy."
"cet4","inflation","/in'fleiʃən | ɪn'fleʃən/","n. 通货膨胀","Inflation is now at over 16%."
"cet4","influence","/'influəns | 'ɪnflʊəns | 'ɪnfluəns/","v & n. 影响","As a scientist, his influence was immense."
"cet4","influential","/ˌɪnfluˈenʃl | ,ɪnflu'ɛnʃl/","adj. 有影响力的","He had influential friends."
"cet4","inform","/in'fɔ:m | ɪn'fɔːm | ɪn'fɔrm/","v. 通知，向…报告","They decided to inform the police."
"cet4","information","/,infə'meiʃən | ɪnfə'meɪʃ(ə)n | 'ɪnfɚ'meʃən/","n. 消息，信息；通知","I need more information."
"cet4","ingredient","/in'ɡri:diənt | ɪnˈgri:diənt | ɪn'ɡridɪənt/","n. 成分，原料","Combine all the ingredients in a large bowl."
"cet4","inhabit","/in'hæbit | ɪn'hæbɪt/","v. 居住于，栖息于","The woods are inhabited by many wild animals."
"cet4","inhabitant","/in'hæbitənt | ɪn'hæbɪt(ə)nt | ɪn'hæbɪtənt/","n. 居民，住户","a city of six million inhabitants"
"cet4","inherit","/in'herit | ɪn'herɪt | ɪn'hɛrɪt/","v. 继承","inherited wealth"
"cet4","initial","/i'niʃəl | ɪ'nɪʃəl/","adj. 最初的；词首的","an initial investment of £5,000"
"cet4","initially","/i'niʃəli | ɪ'nɪʃ(ə)lɪ | ɪ'nɪʃəli/","adv. 最初，起初","Stan initially wanted to go to medical school."
"cet4","initiate","/i'niʃieit, i'niʃiət, -eit | ɪ'nɪʃɪeɪt | ɪ'nɪʃɪet/","v. 开始，发起","They have decided to initiate legal proceedings against the newspaper."
"cet4","initiative","/i'niʃiətiv, -ʃətiv | i'niʃətiv | ɪ'nɪʃətɪv/","n. 主动权，自主权","I wish my son would show more initiative."
"cet4","injection","/in'dʒekʃən | ɪn'dʒekʃ(ə)n | ɪn'dʒɛkʃən/","n. 注射，注入；充满","The nurse gave me a tetanus injection."
"cet4","injure","/'indʒə | 'ɪndʒə(r) | 'ɪndʒɚ/","v. 使受伤","Angus injured his leg playing rugby."
"cet4","injury","","n. 损害，伤害；受伤处","She was taken to hospital with serious head injuries."
"cet4","ink","/iŋk | ɪŋk/","n. 墨水，油墨","Please write in black ink."
"cet4","inn","/in | ɪn/","n. 小旅店；小酒店","We’re staying at the Holiday Inn."
"cet4","inner","/'inə | ɪnə | 'ɪnɚ/","adj. 内部的；内心的","an inner room"
"cet4","innocent","/'inəsənt | 'ɪnəs(ə)nt | 'ɪnəsnt/","adj. 无辜的，天真的；","Nobody would believe that I was innocent."
"cet4","innovate","/'inəuveit | 'ɪnəveɪt | 'ɪnəvet/","v. 创新，革新","the need for large businesses to innovate"
"cet4","innovation","/,inəu'veiʃən | ˌɪnəˈveɪʃn | ,ɪnə'veʃən/","n. 改革，创新","We must encourage innovation if the company is to remain competitive."
"cet4","innovative","/'ɪnəveɪtɪv | 'ɪnəvetɪv/","adj. 创新的， 革新的","an innovative approach to language teaching"
"cet4","input","/'input | 'ɪnpʊt | 'ɪn'pʊt/","n. 输入；投入的资金","If the input data specified it, the file will close and the process terminates."
"cet4","inquire","/in'kwaiə | ɪn'kwaɪə | ɪn'kwaɪr/","v. 询问","‘Why are you doing that?’ the boy inquired."
"cet4","inquiry","/in'kwaiəri | ɪn'kwaɪərɪ | ɪn'kwaɪri; 'ɪn,kwaɪri; 'ɪnkwəri; 'ɪŋkwaɪri/","n. 询问","I don’t know who sent the gift, but I’ll make some inquiries."
"cet4","insect","/'insekt | 'ɪnsekt | 'ɪnsɛkt/","n. 昆虫，虫","an insect bite"
"cet4","insecure","/,insi'kujə | ,ɪnsɪ'kjʊə; | ,ɪnsɪ'kjʊr/","adj. 不安全的","Many of them work in low-paid insecure jobs."
"cet4","insert","/ɪn'sɜːt | 'ɪnsɝt/","v. 插入；嵌入；登载","He took a small key from his pocket and slowly inserted it into the lock."
"cet4","inside","/,in'said, 'in- | ɪn'saɪd | 'ɪn'saɪd/","prep. 在…里面; n. 内部","He concealed the key inside his tie."
"cet4","insight","/'insait | 'ɪnsaɪt | 'ɪn'saɪt/","n. 洞察力，洞悉","a woman of great insight"
"cet4","insist","/in'sist | ɪn'sɪst/","v. 主张，坚持","Stay for supper – I insist!"
"cet4","inspect","/in'spekt | ɪn'spekt | ɪn'spɛkt/","v. 检查，审查；检阅","I got out of the car to inspect the damage."
"cet4","inspection","/in'spekʃən | ɪn'spekʃn | ɪn'spɛkʃən/","n. 检查，审查；检阅","An inspection was carried out at the school."
"cet4","inspector","/in'spektə | ɪn'spektə | ɪn'spɛktɚ/","n. 检查员","ticket inspectors"
"cet4","inspiration","/,inspə'reiʃən | ˌɪnspə'reɪʃn | ˌɪnspəˈreʃən/","n. 灵感","The Malvern Hills have provided inspiration for many artists and musicians over the decades."
"cet4","inspire","/in'spaiə | in'spaɪə | ɪn'spaɪɚ/","v. 激发；鼓舞；使产生灵感","We need someone who can inspire the team."
"cet4","install","/in'stɔ:l | ɪnˈstɔ:l | ɪn'stɔl/","v. 安装","They’ve installed the new computer network at last."
"cet4","installation","/,instə'leiʃən | ,ɪnstə'leɪʃən | 'ɪnstə'leʃən/","n. 安装，就任","the installation and maintenance of alarm systems"
"cet4","installment","/in'stɔ:lmənt | ɪn'stɔ:lmənt | ɪn'stɔlmənt/","n. 安装，分期付款",""
"cet4","instance","/'instəns | ˈɪnstəns | 'ɪnstəns/","n. 情况，例子","We need to rethink the way we consume energy. Take, for instance, our approach to transport."
"cet4","instant","/'instənt | 'ɪnstənt/","adj. 立即的；紧急的；速溶的，方便的","an instant success"
"cet4","instantly","/'instəntli | 'ɪnst(ə)ntlɪ | 'ɪnstəntli/","adv. 立即，即刻","All four victims died instantly."
"cet4","instead","/ɪn'sted | ɪn'stɛd/","adv. 代替，顶替；反而","You probably picked up my keys instead of yours."
"cet4","instinct","/'instiŋkt | 'ɪnstɪŋ(k)t | 'ɪnstɪŋkt/","n. 本能；直觉；生性","Her instinct told her that something was wrong."
"cet4","institute","/'institjut, -tu:t | 'ɪnstɪtju:t | 'ɪnstɪtut/","n & v. 建立","We will institute a number of measures to better safeguard the public."
"cet4","institution","/,insti'tju:ʃən | ,ɪnstɪ'tuʃən/","n. 社会公共机构；制度，习俗；设立，制定","powerful institutions such as world banks"
"cet4","instruct","/in'strʌkt | ɪn'strʌkt/","v. 指导；通知；命令；教授","Eva went straight to the hotel, as instructed (= as she had been told )."
"cet4","instruction","/in'strʌkʃən | ɪn'strʌkʃən/","n. 命令，指示，用法说明","Press ‘Enter’ and follow the on-screen instructions."
"cet4","instrument","/'instrumənt, 'instrə-, -ment | 'ɪnstrumənt | 'ɪnstrəmənt/","n. 仪器，器械，工具","surgical instruments"
"cet4","insufficient","/ɪnsə'fɪʃ(ə)nt | ,ɪnsə'fɪʃnt/","adj. 不足的；不适当的","Insufficient resources have been devoted to the health service."
"cet4","insult","/in'sʌlt | ɪn'sʌlt/","v. 侮辱","Nobody insults my family and gets away with it!"
"cet4","insurance","/in'ʃuərəns | ɪn'ʃʊər(ə)ns | ɪn'ʃʊrəns/","n. 保险；保险费","Your father took out insurance to cover the mortgage."
"cet4","insure","/in'ʃuə | ɪn'ʃɔː; ɪn'ʃʊə | ɪn'ʃʊr/","v. 给…保险；确保","Have you insured the contents of your home?"
"cet4","intake","/'inteik | ˈɪnteɪk | 'ɪn'tek/","n. 摄入","Your intake of alcohol should not exceed two units per day."
"cet4","integrate","/'ɪntɪgreɪt | 'ɪntɪɡret/","v. 成为一体， 合并","He didn't integrate successfully into the Italian way of life."
"cet4","integration","/ˌɪntɪ'greɪʃn | 'ɪntə'greʃən/","n. 综合","problems of racial integration"
"cet4","integrity","/in'teɡrəti | ɪn'tegrɪtɪ | ɪn'tɛɡrəti/","n. 完整，综合","the territorial integrity of the country"
"cet4","intellectual","/,intə'lektjuəl, -tʃuəl | ,ɪntə'lektʃʊəl; -tjʊəl | ,ɪntə'lɛktʃuəl/","n. 知识分子; adj. 智力的","a leading British intellectual"
"cet4","intelligence","/in'telidʒəns | ɪn'tɛlɪdʒəns/","n. 智力，智慧，理解力","To be good at the game, you need a reasonable level of intelligence."
"cet4","intelligent","/in'telidʒent | ɪn'telɪdʒ(ə)nt | ɪn'tɛlɪdʒənt/","adj. 智能的","a group of highly intelligent (= very intelligent )students"
"cet4","intend","/in'tend | ɪn'tend | ɪn'tɛnd/","v. 打算","Oddly enough, that is precisely what I intend."
"cet4","intense","/in'tens | ɪn'tens | ɪn'tɛns/","adj. 强烈的","Young people today are under intense pressure to succeed."
"cet4","intensity","/in'tensəti | ɪn'tensɪtɪ | ɪn'tɛnsəti/","n. 强烈，剧烈；强度","The intensity of the hurricane was frightening."
"cet4","intensive","/in'tensiv | ɪn'tensɪv | ɪn'tɛnsɪv/","adj. 加强的；精耕细作的","a one-week intensive course in English"
"cet4","intention","/in'tenʃən | ɪnˈtenʃn | ɪn'tɛnʃən/","n. 打算，意图","They went into town with the intention of visiting the library."
"cet4","intentional","/in'tenʃənəl | ɪn'tenʃ(ə)n(ə)l | ɪn'tɛnʃənl/","adj. 故意的，有意识的","I did trip him, but it wasn’t intentional."
"cet4","interaction","/,intər'ækʃən | ɪntər'ækʃ(ə)n | ,ɪntə'rækʃən/","n. 相互作用；干扰","But you only get the maximum benefit if you implement all of them, because their power comes from their interaction."
"cet4","interconnect","/,intəkə'nekt | ɪntəkə'nekt | ,ɪntɚkə'nɛkt/","v. 相互联系","In Freud’s theory, the two areas of sexuality and violence are interconnected."
"cet4","interdependence","/,intədi'pendəns,-dənsi | ,ɪntədɪ'pendəns | ,ɪntɚdɪ'pɛndəns/","n. 相互依靠","...the interdependence of nations."
"cet4","interest","/'intrist, 'intər- | 'ɪnt(ə)rɪst | 'ɪntrəst/","n. 兴趣；利益；利息","I watched the first few episodes, but soon lost interest."
"cet4","interesting","/ˈɪntrɪstɪŋ，ˈɪntrəstɪŋ | 'ɪnt(ə)rɪstɪŋ | 'ɪntrəstɪŋ/","adj. 有趣的，引人入胜的","That’s an interesting question."
"cet4","interfere","/,intə'fiə | ɪntə'fɪə | ,ɪntɚ'fɪr/","v. 干涉，干预；妨碍","My daughter-in-law said that I was interfering, but I was only trying to help."
"cet4","interference","/,intə'fiərəns | ɪntə'fɪər(ə)ns | ,ɪntɚ'fɪrəns/","n. 干涉，干预；阻碍","Industrial relations should be free from state interference."
"cet4","interior","/in'tiəriə | ɪn'tɪɜːrɪə | ɪn'tɪrɪɚ/","adj. 内的；内地的n内部","The interior walls are all painted white."
"cet4","intermediate","/,intə'mi:djət, -dieit | ,ɪntə'miːdɪət | ,ɪntɚ'midɪət/","adj. 中间的；中级的","an intermediate stage during which the disease is dormant"
"cet4","internal","/in'tə:nəl | ɪn'tɜːn(ə)l | ɪn'tɝnl/","adj. 内的；国内的","We have no interest in interfering in the internal affairs of other countries."
"cet4","international","/ɪntə'næʃ(ə)n(ə)l | ,ɪntɚ'næʃnəl/","adj. 国际的，世界(性)的","the response of the international community"
"cet4","internship","/'ɪntɜːnʃɪp | 'ɪntɝnʃɪp/","n. 实习生身份； 实习医师期","...an internship in surgery in New York."
"cet4","interpret","/in'tə:prit | ɪn'tɜ:prɪt | ɪn'tɝprɪt/","v. 解释","Freud’s attempts to interpret the meaning of dreams"
"cet4","interpretation","/in,tə:pri'teiʃən | ɪn'tɜːprɪ'teʃən | ɪn'tɝprɪ'teʃən/","n. 阐释，说明","One possible interpretation is that they want you to resign."
"cet4","interpreter","/in'tə:pritə | ɪn'tɜːprɪtə | ɪn'tɝprɪtɚ/","n. 译员，口译者","Speaking through an interpreter (= using an interpreter ), Ahmed said, ‘I’m very worried about my wife and children.’"
"cet4","interracial","/,intə'reiʃiəl | ɪntə'reɪʃ(ə)l | ,ɪntə'reʃl/","adj. 种族间的","interracial marriage"
"cet4","interrupt","/,intə'rʌpt | ɪntə'rʌpt | 'ɪntə'rʌpt/","v. 打断，打扰；中止","Will you stop interrupting me!"
"cet4","interruption","/,intə'rʌpʃən | ˌɪntəˈrʌpʃn | ,ɪntə'rʌpʃən/","n. 打扰，中断","For tasks that execute code in a loop, it is common to check for interruption only once per loop iteration."
"cet4","interval","/'intəvəl | 'ɪntəv(ə)l | 'ɪntɚvl/","n. 间隔；休息；间距","He left the room, returning after a short interval with a message."
"cet4","intervene","/ˌɪntə'viːn | ,ɪntɚ'vin/","vi. 干涉， 调停， 干预； 插入， 介入； 干扰， 打扰","The army will have to intervene to prevent further fighting."
"cet4","intervention","/,intə'venʃən | ˌɪntə'venʃn | ,ɪntɚ'vɛnʃən/","n. 干涉","government intervention to regulate prices"
"cet4","interview","/'intəvju: | 'ɪntɚvju/","n. 会见；面谈（试）; v. 采访","a portfolio of work presented at interview"
"cet4","intimate","/英 ['ɪntɪmət] 美 [ˈɪntəmɪt] | 'ɪntɪmət | ˈɪntəmɪt/","adj. 亲密的；个人的","an intimate friend of Picasso’s"
"cet4","into","/'ɪntʊ; 'ɪntə | ˈɪntu/","prep. 进，入；进入到","Come into the office."
"cet4","introduce","/,intrə'dju:s | ɪntrə'djuːs | ˌɪntrə'dus/","v. 介绍；引进，传入","Have you two been introduced? Tom, this is Greg."
"cet4","introduction","/,intrə'dʌkʃən | ,ɪntrə'dʌkʃ(ə)n | ,ɪntrə'dʌkʃən/","n. 介绍；引进；引言","Pete, are you going to make the introductions?"
"cet4","invade","/in'veid | ɪn'veɪd | ɪn'ved/","v. 侵入，侵略","The Romans invaded Britain 2,000 years ago."
"cet4","invalid","/'invəli:d, -lid, ,invə'li:d, 'in- | ɪn'vælɪd | ˈɪnvəlɪd；ɪnˈvælɪd/","adj. 无效的","Without the right date stamped on it, your ticket will be invalid."
"cet4","invariably","/in'vɛəriəbli | ɪn'veərɪəblɪ | ɪn'vɛrɪəbli/","adv. 不变地，一直","It invariably rains when I go there."
"cet4","invasion","/in'veiʒən | ɪn'veɪʒ(ə)n | ɪn'veʒn/","n. 入侵，侵略；侵犯","the annual invasion of teenagers for the Glastonbury Festival"
"cet4","invent","/in'vent | ɪn'vent | ɪn'vɛnt/","v. 发明，创造；捏造","Alexander Graham Bell invented the telephone in 1876."
"cet4","invention","/in'venʃən | ɪn'venʃ(ə)n | ɪn'vɛnʃən/","n. 发明，创造；捏造","The dishwasher is a wonderful invention."
"cet4","inventor","/in'ventə | ɪn'ventə | ɪn'vɛntɚ/","n. 发明者；发明家","...Alexander Graham Bell, the inventor of the telephone."
"cet4","invest","/in'vest | ɪn'vest | ɪn'vɛst/","v. 投资","I’ve got a few thousand dollars I’m looking to invest."
"cet4","investigate","/in'vestiɡeit | ɪn'vestɪgeɪt | ɪn'vɛstɪɡet/","v. 调查","The state police are investigating the incident."
"cet4","investigation","/in,vesti'ɡeiʃən | ɪn,vestɪ'geɪʃ(ə)n | ɪn,vɛstɪ'ɡeʃən/","n. 调查，调查研究","The investigation continued for nearly three years."
"cet4","investment","/in'vestmənt | ɪn'ves(t)m(ə)nt | ɪn'vɛstmənt/","n. 投资，投资额，投入","We plan to buy some property as an investment."
"cet4","invincible","/ɪn'vɪnsəbl/","adj. 不能征服的， 无敌的","an invincible army"
"cet4","invisible","/in'vizəbl | ɪn'vɪzɪb(ə)l | ɪn'vɪzəbl/","adj. 看不见的，无形的","The house was surrounded by trees, and invisible from the road."
"cet4","invitation","/ɪnvɪ'teɪʃ(ə)n | ˌɪnvɪˈteɪʃn/","n. 邀请，招待；请柬","They were always dropping by, usually without invitation."
"cet4","invite","/in'vait, 'invait | ɪn'vaɪt/","v. 邀请，聘请；招待","I’m afraid I wasn’t invited."
"cet4","involve","/in'vɔlv | ɪn'vɒlv | ɪn'vɑlv/","v. 卷入，包含","What will the job involve?"
"cet4","involvement","/ɪn'vɒlvmənt | ɪn'vɔlvmənt/","n. 连累； 包含","School officials say they welcome parental involvement."
"cet4","inward","/'inwəd | 'ɪnwəd | 'ɪnwɚd/","adj. 里面的; adv. 向内","He pushed open the front door, which swung inward with a groan."
"cet4","iron","/'aiən | 'aɪən | 'aɪɚn/","n. 铁；烙铁; v. 烫(衣)","the iron and steel industry"
"cet4","irrationally","/i'ræʃənli | ɪ'ræʃnəlɪ/","adv. 不合理地，无理性地",""
"cet4","irregular","/i'reɡjulə | ɪ'regjʊlə | ɪ'rɛɡjəlɚ/","adj. 不规律的","a jagged, irregular coastline"
"cet4","irritate","/'iriteit | 'ɪrɪteɪt | 'ɪrɪtet/","v. 激怒","It really irritates me when he doesn’t help around the house."
"cet4","island","/'ailənd | 'aɪlənd/","n. 岛，岛屿","The Cayman Islands"
"cet4","isolate","/'aisəleit, -lit | 'aɪsəleɪt | aɪslˌet/","v. 使隔离，使孤立","The town was isolated by the floods."
"cet4","issue","/'iʃju:, 'isju: | 'ɪʃu: | 'ɪʃu/","v. 发行; n. 问题","Silva issued a statement denying all knowledge of the affair."
"cet4","it","/aɪ ti/","pron. 这，那，它","‘Where’s your office?’ ‘It’s on the third floor.’"
"cet4","Italian","/i'tæljən | ɪˈtælɪən | ɪˈtæljən/","adj. 意大利的n意大利人","...What does the man say about the Italian woman working in Manchester..."
"cet4","item","/'aɪtəm/","n. 条，条款","He opened the cardboard box and took out each item."
"cet4","its","/its | ɪts/","pron. 它的","He emphasized its importance to me."
"cet4","itself","/ɪt'self | ɪt'sɛlf/","pron. 它自己；自身","The cat lay on the sofa, washing itself."
"cet4","jacket","/'dʒækɪt/","n. 短上衣，茄克衫","Gene has to wear a jacket and tie to work."
"cet4","jail","/dʒeil | dʒeɪl | dʒel/","n. 监狱; v. 监禁","He’s been in jail for three months already."
"cet4","jam","/dʒæm/","n. 果酱","strawberry jam"
"cet4","January","/'dʒænjuəri | 'dʒænjʊ(ə)rɪ | 'dʒænjʊ'ɛri/","n. 一月","We always have snow in January."
"cet4","Japan","/dʒə'pæn/","n. 日本，日本国","...China overtook Japan to become the world's second largest economy..."
"cet4","Japanese","/,dʒæpə'ni:z | ˌdʒæpə'ni:z | ,dʒæpə'niz/","adj. 日本的; n. 日本人","a Japanese car"
"cet4","jar","/dʒɑ: | dʒɑː | dʒɑr/","n. 罐子，坛子，广口瓶","a jam jar"
"cet4","jaw","/dʒɔ: | dʒɔː | dʒɔ/","n. 颌，颚","a broken jaw"
"cet4","jazz","/dʒæz/","n. 爵士音乐，爵士舞曲","a jazz band"
"cet4","jealous","/'dʒeləs | 'dʒɛləs/","adj. 妒忌的；猜疑的","She got insanely jealous and there was a terrible fight."
"cet4","jeans","/dʒi:nz | dʒiːnz/","n. 工装裤， 牛仔裤","...a young man in jeans and a worn T-shirt."
"cet4","jet","/dʒet | jɛt | dʒɛt/","n. 喷气式飞机；喷嘴","He owns a private jet."
"cet4","jewel","/'dʒu:əl | 'dʒuːəl | 'dʒuəl/","n. 宝石；宝石饰物","She loved dressing up and wearing priceless jewels."
"cet4","jewish","/'dʒu:iʃ | 'dʒuːɪʃ | 'dʒʊɪʃ/","adj. 犹太人的","...the Jewish festival of Passover."
"cet4","job","/dʒɔb | dʒɒb/","n. 职业；工作；零活","Do you enjoy your job?"
"cet4","join","/dʒɔin | dʒɒɪn | dʒɔɪn/","v. 参加；连接","Many sacrificed their weekend to join the hunt for the missing girl."
"cet4","joint","/dʒɔint | dʒɒɪnt | dʒɔɪnt/","adj. 联合的","The two ministers have issued a joint statement."
"cet4","joke","/dʒəuk | dʒəʊk | dʒok/","n. 笑话; v. 说笑话","I couldn’t go out with someone for a joke, could you?"
"cet4","jolly","/'dʒɔli | 'dʒɒlɪ | 'dʒɑli/","adj. 快活的；令人高兴的","Everybody was in a very relaxed and jolly mood."
"cet4","journal","/'dʒə:nəl | 'dʒɜːn(ə)l | 'dʒɝnl/","n. 日报，杂志；日志","the British Medical Journal"
"cet4","journalist","/'dʒə:nəlist | 'dʒɜːn(ə)lɪst | 'dʒɝnəlɪst/","n. 记者，新闻工作者","a well-known journalist and broadcaster"
"cet4","journey","/'dʒə:ni | 'dʒɜːnɪ | 'dʒɝni/","n. 旅行，旅程; n. 旅行","the friends they made on the journey"
"cet4","joy","/dʒɔi | dʒɒɪ | dʒɔɪ/","n. 欢乐，喜悦；乐事","the look of joy on her face"
"cet4","joyful","/'dʒɔiful | 'dʒɒɪfʊl; -f(ə)l | 'dʒɔɪfl/","adj. 十分喜悦的，快乐的","A wedding is a joyful celebration of love."
"cet4","judge","/dʒʌdʒ/","n. 法官；裁判员","The trial judge specifies the number of years to be spent in prison."
"cet4","judgement","/'dʒʌdʒmənt | 'dʒʌdʒm(ə)nt/","n. 判断，决定","He trusted in his judgement."
"cet4","juice","/dʒu:s | dʒuːs | dʒus/","n. (水果等)汁，液","a carton of orange juice"
"cet4","July","/dʒʊˈlaɪ/","n. 七月","But from February through July, Joy sat around with nothing to do."
"cet4","jump","/dʒʌmp/","v. 跳；暴涨; v. 跳过","The cats jumped down and came to meet us."
"cet4","June","/dʒu:n | dʒun/","n. 六月","He spent two and a half weeks with us in June 1986."
"cet4","jungle","/'dʒʌŋɡl | 'dʒʌŋg(ə)l/","n. 丛林，密林，莽丛","the Amazon jungle"
"cet4","junior","/'dʒu:njə | 'dʒuːnɪə | 'dʒunɪɚ/","adj. 年少的; n. 晚辈","the junior football club"
"cet4","jury","/'dʒuəri | 'dʒʊərɪ | 'dʒʊri/","n. 陪审团；评奖团","the members of the jury"
"cet4","just","/dʒʌst/","adv. 刚才；只是；正好","A good strong cup of coffee is just what I need right now."
"cet4","justice","/'dʒʌstis | ˈdʒʌstɪs | 'dʒʌstɪs/","n. 公正","Children have a strong sense of justice."
"cet4","justify","/'dʒʌstifai | ˈdʒʌstɪfaɪ | 'dʒʌstə'fai/","v. 证明……正当","Ministers must appear before Parliament and justify their actions."
"cet4","keen","/ki:n | kiːn | kin/","adj. 热心的；激烈的","a keen photographer"
"cet4","keenly","/'ki:nli | ki:nlɪ/","adv. 敏锐地","He observes keenly but says very little."
"cet4","keep","/ki:p | kiːp | kip/","v. 保持；坚持","The noise kept him awake."
"cet4","keeper","/'ki:pə | 'kiːpə | 'kipɚ/","n. 看护人；饲养员","a beekeeper"
"cet4","kettle","/'ketl | 'ket(ə)l | 'kɛtl/","n. 水壶，水锅","She filled the kettle and switched it on."
"cet4","key","/ki: | kiː/","n. 钥匙；键；答案","A bunch of keys hung from his belt."
"cet4","keyboard","/'ki:bɔ:d | 'kiːbɔːd | 'ki'bɔrd/","n. 键盘","a computer keyboard"
"cet4","kick","/kik | kɪk/","vi&vt&n. 踢","He kicked the door hard."
"cet4","kid","/kid | kɪd/","n. 小孩，儿童，少年","She’d always loved animals since she was a little kid."
"cet4","kill","/kil | kɪl/","v. 杀死；扼杀；消磨","Why did she kill her husband?"
"cet4","kilogram","/'kiləuɡræm | ˈkɪləɡræm | 'kɪləɡræm/","n. 千克，公斤","By comparison, one kilogram of tomatoes requires 160 litres of water."
"cet4","kilometre","/'kiləmi:tə(r) | 'kɪlə,miːtə; kɪ'lɒmɪtə | kɪ'lɔmɪtɚ/","n. 千米，公里","He was a kilometre out from home when the storm struck."
"cet4","kind","/kaind | kaɪnd/","n. 种类","Get me a sandwich – any kind will do."
"cet4","kindergarten","/'kɪndəgɑːtn | 'kɪndɚɡɑrtn/","n. 幼儿园","I to the kindergarten at the age of three."
"cet4","kindness","/'kaindnis | 'kaɪn(d)nɪs | 'kaɪndnəs/","n. 仁慈，好意","I can’t thank you enough for your kindness."
"cet4","king","/英[kɪŋ] 美[kɪŋ] | kɪŋ/","n. 国王，君主","On 2 December Henry VI was crowned king (= made the king at an official ceremony )."
"cet4","kingdom","/'kiŋdəm | 'kɪŋdəm/","n. 王国；领域，界","the United Kingdom"
"cet4","kiss","/kis | kɪs/","v. 吻; v. 接吻; n. 吻","Maggie leaned forward and kissed her cheek."
"cet4","kitchen","/'kitʃin | 'kɪtʃɪn; -tʃ(ə)n | 'kɪtʃɪn/","n. 厨房，灶间","Sam went into the kitchen to make a pot of tea."
"cet4","kite","/kaɪt/","n. 风筝","She has a blue and green kite."
"cet4","knee","/ni: | niː | ni/","n. 膝，膝盖，膝关节","Lucy had a bandage round her knee."
"cet4","kneel","/ni:l | niːl | nil/","v. 跪，跪下，跪着","Tom knelt down and patted the dog."
"cet4","knife","/naif | naɪf/","n. 小刀，刀，餐刀","a knife and fork"
"cet4","knit","/nit | nɪt/","v. 把…编结; v. 编织","I had endless hours to knit and sew."
"cet4","knob","/nɔb | nɒb | nɑb/","n. 门把，拉手；旋纽","He thought the door was locked, but he turned the knob and the door opened."
"cet4","knock","/nɔk | nɒk | nɑk/","vi&vt&n. 敲，击，打","I knocked and knocked but nobody answered."
"cet4","knot","/nɔt | nɒt | nɑt/","n. (绳的)结，(树的)节","One lace had broken and been tied in a knot."
"cet4","know","/nəu | nəʊ | no/","v. 知道；认识；通晓","Who knows the answer?"
"cet4","knowledge","/'nɔlidʒ | 'nɒlɪdʒ | 'nɑlɪdʒ/","n. 知识，学识；知道","He did not have much knowledge of American history."
"cet4","lab","/læb/","n. 实验室，研究室","the school science lab"
"cet4","label","/'leibl | 'leɪb(ə)l | ˈlebəl/","n. 标签；标记，符号","a luggage label"
"cet4","laboratory","/lə'bɔrətəri | lə'bɒrə,t(ə)rɪ; 'læb(ə)rə,t(ə)rɪ | 'læbrə'tɔri/","n. 实验室，研究室","a research laboratory"
"cet4","laborious","/lə'bɔ:riəs | lə'bɔːrɪəs | lə'bɔrɪəs/","adj. 费力的","the laborious business of drying the crops"
"cet4","labour","/'leibə | 'leɪbə/","n. 劳动；工作；劳工","The garage charges £30 an hour for labour."
"cet4","lace","/leis | leɪs | les/","n. 鞋带，系带；花边","a handkerchief trimmed with lace"
"cet4","lack","/læk/","vi&vi&n. 缺乏，不足","Too many teachers are treated with a lack of respect."
"cet4","lad","/læd/","n. 男孩， 小伙子","a young lad"
"cet4","ladder","/'lædə | 'lædɚ/","n. 梯子，梯状物","She climbed up the ladder."
"cet4","lady","/'leidi | 'leɪdɪ | 'ledi/","n. 女士，夫人；贵妇人","Ladies and gentlemen, may I have your attention please?"
"cet4","lag","/læɡ | læg/","v. 走得慢; n. 落后","In this scenario, due to the lag time required to assimilate new resources, the relationship between required resources and estimated delivery timeframe may even turn negative."
"cet4","lake","/leik | leɪk | lek/","n. 湖","Lake Michigan"
"cet4","lamb","/læm/","n. 羔羊，小羊；羔羊肉","roast lamb"
"cet4","lame","/leɪm | lem/","adj. 跛的；瘸的，残废的","a lame dog"
"cet4","lamp","/læmp/","n. 灯","She switched on the bedside lamp."
"cet4","land","/lænd/","n. 陆地；土地; v. 上岸","They own a lot of land."
"cet4","landing","/'lændiŋ | 'lændɪŋ/","n. 上岸，登陆，着陆","take-off and landing procedures"
"cet4","landlady","/'lænd,leidi | 'læn(d)leɪdɪ | 'lændledi/","n. 女房东；女地主","There was a note under the door from my landlady."
"cet4","landlord","/'lændlɔ:d | 'læn(d)lɔːd | 'lændlɔrd/","n. 地主；房东，店主","His landlord doubled the rent."
"cet4","landscape","/'lændskeɪp | ˈlændskep/","n. 风景，景色；风景画；全景; vt. 美化…的景观","the beauty of the New England landscape"
"cet4","lane","/lein | leɪn | len/","n. (乡间)小路；跑道","a quiet country lane"
"cet4","language","/'læŋɡwidʒ | 'læŋgwɪdʒ | 'læŋɡwɪdʒ/","n. 语言，语言课程","How many languages do you speak?"
"cet4","lantern","/'læntən | 'læntɚn/","n. 提灯，灯笼","In the course of time, this kind of lantern has become an exclusive of the Shens."
"cet4","lap","/læp/","n. 膝盖",""
"cet4","large","/lɑ:dʒ | lɑːdʒ | lɑrdʒ/","adj. 大的；巨大的","Los Angeles is the second largest city in the US."
"cet4","largely","/'lɑ:dʒli | 'lɑːdʒlɪ | 'lɑrdʒli/","adv. 大部分；大量地","The state of Nevada is largely desert."
"cet4","laser","/'leizə | 'leɪzə | 'lezɚ/","n. 激光","laser surgery"
"cet4","last","/lɑ:st, læst | lɑːst | læst/","adj. 最后的; adv. 最后","Much has changed since my last visit."
"cet4","late","/leit | leɪt | let/","adj. 迟的; adv. 迟，晚","Sorry I’m late – I overslept."
"cet4","lately","","adv. 最近，不久前","What have you been doing lately?"
"cet4","later","/'leitə | 'leɪtə | 'letɚ/","adv. 后来；过一会儿","I’m going out for a bit – I’ll see you later."
"cet4","Latin","/'lætin | 'lætɪn | 'lætn/","adj. 拉丁的; n. 拉丁语","a Latin inscription"
"cet4","latter","/'lætə | 'lætɚ/","adj. (两者中)后者的","In the latter case, buyers pay a 15% commission."
"cet4","laugh","/lɑ:f, læf | lɑːf | læf/","v. 笑，发笑; n. 笑","Maria looked at him and laughed."
"cet4","laughter","/'lɑ:ftə, 'læf- | 'lɑːftə | 'læftɚ/","n. 笑，笑声","Foster joined in the laughter."
"cet4","launch","/lɔ:ntʃ, lɑ:ntʃ | lɔ:ntʃ | lɔntʃ/","v. 发射","The organization has launched a campaign to raise $150,000."
"cet4","laundry","/'lɔ:ndri, 'lɑ:n- | 'lɔ:ndrɪ | 'lɔndri/","n. 洗衣房；要洗的衣服","She did the laundry (= washed the clothes etc ) and hung it out to dry."
"cet4","lavatory","/'lævətəri, -,tɔ:ri | 'lævət(ə)rɪ | 'lævətɔri/","n. 盥洗室，厕所","...the ladies' lavatory."
"cet4","law","/lɔ: | lɔː | lɔ/","n. 法律，法令；法则","Elected officials ought to obey the law."
"cet4","lawn","/lɔ:n | lɔːn | lɔn/","n. 草地，草坪，草场","I spent all morning mowing the lawn (= cutting the grass )."
"cet4","lawyer","/'lɔ:jə | 'lɔːjə; 'lɒɪə | 'lɔjɚ/","n. 律师；法学家","Prosecution and defence lawyers are expected to deliver closing arguments next week."
"cet4","lay","/leɪ | le/","v. 置放；铺设；设置","He laid his hand on my shoulder."
"cet4","layer","/'leɪə | 'leɪr/","n. 层，层次；铺设者","He pulled off layer upon layer of clothing (= many layers of clothing )."
"cet4","layout","","n. 布局，安排，设计","All the flats in the building had the same layout."
"cet4","lazy","/'leizi | 'leɪzɪ | 'lezi/","adj. 懒惰的，懒散的","the laziest boy in the class"
"cet4","lead","/[li:d], [led] | liːd | lid/","n. 铅，铅制品","...creativity and knowledge in a way that a person working independently cannot; but teamwork may also lead to confusion..."
"cet4","leader","/'li:də | 'liːdə | 'lidɚ/","n. 领袖，领导人；首领","the largest ever gathering of world leaders"
"cet4","leadership","/'li:dəʃip | 'liːdəʃɪp | 'lidɚʃɪp/","n. 领导","The US must now take a firm leadership role."
"cet4","leading","/'li:diŋ | 'liːdɪŋ | 'lidɪŋ/","adj. 指导的；最主要的","The army played a leading role in organizing the attempted coup."
"cet4","leaf","/li:f | liːf | lif/","n. 叶，叶子","a flowering bush with large shiny leaves"
"cet4","league","/li:ɡ | liːg | lig/","n. 同盟，联盟；联合会","He makes his football league debut tomorrow."
"cet4","leak","/li:k | liːk | lik/","v. 漏；泄露; n. 漏洞","The roof is leaking."
"cet4","lean","/li:n | liːn | lin/","v. 倾斜，屈身；靠","trees leaning in the wind"
"cet4","leap","/li:p | liːp | lip/","v. 跳，跃; n. 跳跃","My heart leaped when I saw Paul at the airport."
"cet4","learn","/lə:n | lɜːn | lɝn/","vi&vt. 学，学习","What’s the best way to learn a language?"
"cet4","learned","/'lə:nid | 'lɜːnd; ˈlɜ:nɪd | 'lɝnd; lɝ​nɪd/","adj. 有学问的；学术上的","a learned professor"
"cet4","learning","/'lə:niŋ | 'lɜːnɪŋ | 'lɝnɪŋ/","n. 学习；学问，知识","a man of great learning"
"cet4","lease","/liːs | lis/","n. 租约，租契; vt. 出租； 租得， 租有","The landlord refused to renew his lease."
"cet4","least","/li:st | liːst | list/","adj. 最少的; adv. 最少","I try to offend the least amount of people possible."
"cet4","leather","/'leðə | 'lɛðɚ/","n. 皮革；皮革制品","The inside of the bag was lined with soft leather."
"cet4","leave","/li:v | liːv | liv/","v. 离去; v. 离开","My baby gets upset when I leave the room."
"cet4","lecture","/'lektʃə | 'lɛktʃɚ/","n&vi. 演讲，讲课","...a series of lectures by Professor Eric Robinson."
"cet4","left","/left | lɛft/","adj. 左边的; adv. 在左边","She held out her left hand."
"cet4","leg","/leɡ | leg | lɛɡ/","n. 腿，腿部","a young boy with skinny legs"
"cet4","legal","/'li:ɡl | 'ligl/","adj. 法律的","What the company has done is perfectly legal."
"cet4","legend","/'ledʒənd | 'ledʒ(ə)nd | 'lɛdʒənd/","n. 传奇","Local legend has it that (= says that ) the island was the original Garden of Eden."
"cet4","legislation","/ˌledʒɪs'leɪʃn | ,lɛdʒɪs'leʃən/","n. 法律， 法规； 立法， 法律的制定","This is a very important piece of legislation (= law )."
"cet4","leisure","/'lɛʒə | 'leʒə(r) | 'liʒɚ/","n. 悠闲，空闲","Most people now enjoy shorter working hours and more leisure time."
"cet4","lemon","/'lemən | 'lɛmən/","n. 柠檬，柠檬树","a slice of lemon"
"cet4","lend","/lend | lɛnd/","v. 把…借给，贷(款)","The bank is reassessing its criteria for lending money."
"cet4","length","/leŋθ, leŋkθ | leŋθ | [leŋθ]/","n. 长，长度；一段","We measured the length and width of the living room."
"cet4","lengthy","/'leŋθi | 'leŋθɪ | 'lɛŋθi/","adj. 长的，漫长的","A lengthy period of training is required."
"cet4","lens","/lenz | lɛnz/","n. 透镜，镜片；镜头","a standard 50mm lens"
"cet4","less","/les | lɛs/","adj. 更少的; adv. 更少地","Maybe he would worry less if he understood the situation."
"cet4","lessen","/'lesən | 'les(ə)n | 'lɛsn/","v. 减少","Gradually her anxiety lessened."
"cet4","lesson","/'lesən | 'les(ə)n | 'lɛsn/","n. 功课，课；课程","piano lessons"
"cet4","lest","/lest | lɛst/","conj. 惟恐，以免","She turned away from the window lest anyone see them."
"cet4","let","/let | lɛt/","v. 允许，让；使","I can’t come out tonight – my dad won’t let me."
"cet4","letter","/'letə | 'lɛtɚ/","n. 信；证书；字母","There are 26 letters in the English alphabet."
"cet4","level","/'levəl | 'lev(ə)l | 'lɛvl/","n. 水平面; adj. 水平的","Inflation fell to its lowest level in 30 years."
"cet4","lever","/'li:və, 'le- | 'liːvə | 'lɛvɚ/","n. 杆，杠杆；控制杆","Pull this lever to open the gate."
"cet4","liability","/ˌlaɪəˈbɪləti | 'laɪə'bɪləti/","n. 责任","But without the formal business entity, you have no hope of limiting your personal liability."
"cet4","liable","/'laiəbl | 'laɪəb(ə)l | 'laɪəbl/","adj. 易于…的；可能的","The car is liable to overheat on long trips."
"cet4","liar","/'laiə | 'laɪə | 'laɪɚ/","n. 说谎的人","Are you calling me a liar?"
"cet4","liberal","/'libərəl | 'lɪb(ə)r(ə)l | 'lɪbərəl/","adj. 心胸宽大的；慷慨的","a liberal supply of drinks"
"cet4","liberate","/'libəreit | 'lɪbəreɪt | 'lɪbə'ret/","v. 解放；释放","A few days later, our armies liberated the city."
"cet4","liberation","/,libə'reiʃən | lɪbə'reɪʃ(ə)n | ,lɪbə'reʃən/","n. 解放","They pant after liberation."
"cet4","liberty","/'libəti | 'lɪbətɪ | 'lɪbɚti/","n. 自由；释放；许可","the fight for liberty and equality"
"cet4","librarian","/lai'brεəriən | laɪ'breərɪən | laɪ'brɛrɪən/","n. 图书馆馆长","The new librarian is a friend of mine."
"cet4","library","/'laibrəri | ˈlaɪbrərɪ | laɪˌbrɛrɪ/","n. 图书馆；藏书","a public library"
"cet4","license","/'laisəns | 'laɪsns/","n. 许可；执照; v. 准许","No special license will be regranted to anyone from now on."
"cet4","lick","/lik | lɪk/","v. 舔；舔吃","The dog jumped up and licked her face."
"cet4","lid","/lid | lɪd/","n. 盖子，盖，囊盖","She lifted the lid of the box and displayed the contents."
"cet4","lie","/lai | laɪ/","v. 躺，平放；位于","The town lies in a small wooded valley."
"cet4","lieutenant","/lef'tenənt, lu:'t- | lef'tenənt | lu'tɛnənt/","n. 陆军中尉；副职官员","He was preferred to lieutenant."
"cet4","life","/laif | laɪf/","n. 生命；一生；寿命","Learning goes on throughout life."
"cet4","lifetime","/'laiftaim | 'laɪftaɪm/","n. 一生，终身","It’s the sort of opportunity you see only once in a lifetime."
"cet4","lift","/lift | lɪft/","v. 提起，提高; n. 电梯","Sophie lifted the phone before the second ring."
"cet4","light","/laɪt/","adj. 轻的，少量的","You can carry this bag – it’s fairly light."
"cet4","lighten","/'laitən | 'laɪt(ə)n | 'laɪtn/","v. 照亮，使明亮","As the sky lightened, we were able to see where we were."
"cet4","lightly","/'laitli | 'laɪtlɪ | 'laɪtli/","adv. 轻轻地，轻松地","I knocked lightly on the door."
"cet4","lightning","/'laitniŋ | 'laɪtnɪŋ/","n. 闪电，闪电放电","Two farmworkers were struck by lightning (= hit by lightning )."
"cet4","like","/laik | laɪk/","v. 喜欢；喜爱；希望","I like your jacket."
"cet4","likely","/'laikli | 'laɪklɪ | 'laɪkli/","adj. 可能的; adv. 很可能","Snow showers are likely tomorrow."
"cet4","likewise","/'laikwaiz | 'laɪkwaɪz/","adv. 同样地；也，又","Nanny put on a shawl and told the girls to do likewise."
"cet4","limb","/lim | lɪm/","n. 肢，臂，翼；树枝","She would be able to stretch out her cramped limbs and rest for a few hours."
"cet4","lime","/laim | laɪm/","n. 石灰","The lime has turned to powder."
"cet4","limit","/'limit | 'lɪmɪt/","n. 限度；限制；范围","a 55 mph speed limit"
"cet4","limitation","/lɪmɪ'teɪʃ(ə)n | ,lɪmɪ'teʃən/","n. 限制；限度，局限","a nuclear limitation treaty"
"cet4","limited","/'limitid | 'lɪmɪtɪd/","adj. 有限的","My knowledge of the business is limited."
"cet4","limp","/lɪmp/","adj. 软的；不强壮的; v. 〔因一腿受伤而〕跛行，一瘸一拐地走; n. 跛行","a limp handshake"
"cet4","line","/lain | laɪn/","n. 线；排；路线；线条","Draw a straight line across the top of the page."
"cet4","linen","/'linin | 'lɪnɪn/","n. 亚麻布；亚麻织物","a linen jacket"
"cet4","liner","/'lainə | 'laɪnə | 'laɪnɚ/","n. 班船，班机","Then he would take an air liner to another city for travel."
"cet4","link","/liŋk | lɪŋk/","v. 有环连接; n. 环","He walked with her, linking arms (= putting his arm around her arm )."
"cet4","lion","/'laiən | 'laɪən/","n. 狮子；勇猛的人","The wounded lion bellowed out."
"cet4","lip","/lip | lɪp/","n. 嘴唇","She had big eyes and full lips (= large and round lips )."
"cet4","liquid","/'likwid | 'lɪkwɪd/","n. 液体; adj. 液体的","Add a little more liquid to the sauce."
"cet4","liquor","/'likə | 'lɪkə | 'lɪkɚ/","n. 酒；溶液，液剂",""
"cet4","list","/list | lɪst/","n. 表，目录; n. 列举","High on the list of public demands is to end military control of broadcasting."
"cet4","listen","/'lisən | 'lɪs(ə)n | 'lɪsn/","v. 听，留神听；听从","Listen! There’s a strange noise in the engine."
"cet4","listener","/'lisənə | 'lɪs(ə)nə | 'lɪsənɚ/","n. 听者，听众之一","a new programme for younger listeners"
"cet4","liter","/'li:tə | ˈli:tə(r) | litɚ/","n. 升(容量单位)","So this is moles per liter per second, right? It's disappearance of some concentration for time."
"cet4","literary","/'litərəri | 'lɪt(ə)(rə)rɪ | lɪtərɛri/","adj. 文学(上)的","a literary prize"
"cet4","literature","/'litərətʃə | lɪtərəˌtʃʊr/","n. 文学，文学作品；文献","He has read many of the major works of literature."
"cet4","little","/'litl | 'lɪt(ə)l | 'lɪtl/","adj. 小的；少；幼小的","a little house"
"cet4","live","/lɪv,lʌɪv | laɪv；lɪv/","v. 居住；活; adj. 活的","He lives just across the street from me."
"cet4","lively","/'laivli | 'laɪvlɪ | 'laɪvli/","adj. 活泼的；逼真的","a lively child"
"cet4","liver","/'livə | 'lɪvə | 'lɪvɚ/","n. 肝；肝脏","Three weeks ago, it was discovered the cancer had spread to his liver."
"cet4","living","/'liviŋ | 'lɪvɪŋ/","adj. 活的; n. 生活，生计","He’s one of the greatest living composers."
"cet4","load","/ləud | ləʊd | lod/","v. 装；装满; n. 负载","Have you finished loading up?"
"cet4","loaf","/ləuf | ləʊf | lof/","n. 一条面包，一个面包","a loaf of bread"
"cet4","loan","/ləun | ləʊn | lon/","n. 贷款","We obtained a loan from the government."
"cet4","lobby","/'lɔbi | 'lɒbɪ | 'lɑbi/","n. 大堂; v. 游说","a hotel lobby"
"cet4","local","/'ləukəl | 'ləʊk(ə)l | ˈloʊkl/","adj. 地方的；局部的","local hospital"
"cet4","locate","/英 [ləuˈkeit] 美 [ˈloˌket,loˈket] | lə(ʊ)'keɪt | ˈloˌket; loˈket/","v. 位于，定位","The business is located right in the center of town."
"cet4","location","/ləu'keiʃən | lə(ʊ)'keɪʃ(ə)n | lo'keʃən/","n. 位置，场所","His apartment is in a really good location."
"cet4","lock","/lɔk | lɒk | lɑk/","n. 锁; v. 锁上，锁住","I’m sorry, there isn’t a lock on the bathroom door."
"cet4","locomotive","/'ləukə,məutiv, ,ləukə'm- | ləʊkə'məʊtɪv | ,lokə'motɪv/","n. 火车头，机车",""
"cet4","lodge","/lɔdʒ | lɒdʒ | lɑdʒ/","v. 住宿，暂住","a building used to lodge prisoners of war"
"cet4","log","/lɒg | lɔɡ/","n. 原木，木料","a roaring log fire"
"cet4","logic","/'lɔdʒik | 'lɒdʒɪk | 'lɑdʒɪk/","n. 逻辑","There isa certain logicin their choice of architect."
"cet4","logical","/'lɔdʒikəl | 'lɒdʒɪk(ə)l | 'lɑdʒɪkl/","adj. 逻辑的；符合逻辑的","The detective has to discover the murderer by logical deduction."
"cet4","logically","/'lɔdʒikli | 'lɑdʒɪkli/","adv. 合乎情理地，符合逻辑地",""
"cet4","lonely","/'ləunli | 'ləʊnlɪ | 'lonli/","adj. 孤独的；荒凉的","a lonely old man"
"cet4","long","/lɒŋ | lɔŋ/","v. 渴望","How long will it take to get there?"
"cet4","look","/luk | lʊk/","v. 看，显得; n. 看","We sneaked out while Jessie’s mom wasn’t looking."
"cet4","loop","/lu:p | luːp | lup/","n. 圈，环，环孔","Mrs. Morrell reached for a loop of garden hose."
"cet4","loose","/lu:s | luːs | lus/","adj. 松的；宽松的","a loose floorboard"
"cet4","loosen","/'lu:sən | 'luːs(ə)n | 'lusn/","v. 解开；使松驰","You’ll need a spanner to loosen that bolt."
"cet4","lord","/lɔ:d | lɔːd | lɔrd/","n. 贵族；上帝","Lord Salisbury"
"cet4","lorry","/'lɔ:ri, 'lɔ:- | 'lɒrɪ | 'lɔri/","n. 运货汽车，卡车","Now and then they heard the roar of a heavy lorry."
"cet4","lose","/lu:z | luːz | luz/","v. 失去；迷失；输掉","I’ve lost my appetite."
"cet4","loss","/lɔs, lɔ:s | lɒs | lɔs/","n. 遗失；损失；失败","The company is closing down two of its factories, leading to 430 job losses ."
"cet4","lot","/lɒt | lɑt/","n. 许多，大量；签，阄","We’ve spent a lot on the children’s education."
"cet4","loud","/laud | laʊd/","adj. 响亮的；吵闹的","The book fell to the floor with a loud bang."
"cet4","loudspeaker","/'laud'spi:kə | laʊd'spiːkə | ,laʊd'spikɚ/","n. 扬声器，喇叭","The loudspeaker announced the arrival of the train."
"cet4","love","/lʌv/","v. 爱，喜欢; n. 爱","I love you, Tracy."
"cet4","lovely","/'lʌvlɪ | 'lʌvli/","adj. 可爱的；令人愉快的","She had a lovely face."
"cet4","lover","/'lʌvə | 'lʌvɚ/","n. 爱好者；情人；情侣","He killed his wife’s lover."
"cet4","low","/ləu | ləʊ/","adj. 低的，矮的；低下的","Their safety standards seem to be pretty low."
"cet4","lower","/'ləuə | 'ləʊə | 'loɚ/","adj. 较低的; v. 放下","Temperatures will be lower over the weekend."
"cet4","loyal","/'lɔiəl | 'lɒɪəl | 'lɔɪəl/","adj. 忠诚的，忠心的","a loyal supporter of the team"
"cet4","loyalty","/'lɔɪəltɪ | 'lɔɪəlti/","n. 忠诚，忠实","the agony of divided loyalties (= loyalty to two different or opposing people ) for the children in a divorce"
"cet4","luck","/lʌk/","n. 运气；好运，幸运","You’re not having much luck today, are you?"
"cet4","lucky","/'lʌki | 'lʌkɪ/","adj. 幸运的；吉祥的","I didn’t really know your name – it was just a lucky guess ."
"cet4","luggage","/'lʌɡidʒ | 'lʌgɪdʒ | 'lʌɡɪdʒ/","n. 行李；皮箱，皮包","They searched his luggage for illegal drugs."
"cet4","lumber","/'lʌmbə | 'lʌmbɚ/","n. 木材；木料；制材","It was made of soft lumber, spruce by the look of it."
"cet4","lump","/lʌmp/","n. 团，块；肿块","Strain the custard to remove lumps."
"cet4","lunch","/lʌn(t)ʃ | lʌntʃ/","n. 午餐，(美)便餐","What’s for lunch?"
"cet4","lung","/lʌŋ/","n. 肺脏，肺","Smoking can cause lung cancer."
"cet4","luxury","/'lʌkʃəri, 'lʌɡʒəri | 'lʌkʃ(ə)rɪ | 'lʌɡʒəri/","n. 奢侈，奢华；奢侈品","He was leading a life of luxury in Australia."
"cet4","machine","/mə'ʃi:n | mə'ʃiːn | mə'ʃin/","n. 机器；机械","Could you get me a coffee from the drinks machine ?"
"cet4","machinery","/mə'ʃiːnəri | mə'ʃinəri/","n. 机器， 机械","...quality tools and machinery."
"cet4","mad","/mæd/","adj. 发疯的；恼火的","He can’t possibly get that finished in time. He must be mad !"
"cet4","madam","/'mædəm/","n. 夫人，女士，太太","Are you being served, Madam?"
"cet4","magazine","/mægə'ziːn | 'mæɡəzin/","n. 杂志，期刊","a magazine article"
"cet4","magic","/'mædʒik | 'mædʒɪk/","n. 魔法，巫术；戏法","Do you believe in magic?"
"cet4","magnet","/'mæɡnit | ˈmæɡnɪt | 'mægnɪt/","n. 磁铁，磁石，磁体","It's possible to hang a nail from a magnet and then use that nail to pick up another nail."
"cet4","magnetic","/mæɡ'netik | mæg'netɪk | mæg'nɛtɪk/","adj. 磁的，有吸引力的","magnetic forces"
"cet4","magnificent","/mæɡ'nifisənt | mæg'nɪfɪs(ə)nt | mæg'nɪfəsnt/","n. 壮丽的；华丽的","The magnificent beau is dancing to the light of chandeliers."
"cet4","maid","/meid | meɪd | med/","n. 女佣，女仆；少女","a kitchen maid"
"cet4","mail","/meil | meɪl | mel/","n. 邮件; v. 邮寄","You shouldn’t read other people’s mail."
"cet4","main","/mein | meɪn/","adj. 主要的，最重要的","The main reason for living in Spain is the weather."
"cet4","mainframe","/'meɪnfreɪm | 'menfrem/","n. 主机， 大型机","If a problem does occur, a signal is automatically sent to the mainframe."
"cet4","mainland","/'meinlənd | 'meɪnlənd; -lænd | 'menlænd/","n. 大陆","flights between a Greek island and the mainland"
"cet4","mainly","/'meinli | 'meɪnlɪ | 'menli/","adv. 主要地，大体上","Her illness was caused mainly by stress."
"cet4","mainstream","/'meinstri:m | 'meɪnstri:m | 'menstrim/","n. 主流","Genet started as a rebel, but soon became part of the literary mainstream."
"cet4","maintain","/mein'tein | meɪn'teɪn | men'ten/","v. 维持，主张","Careers Officers maintain contact with young people when they have left school."
"cet4","maintenance","/'meintənəns | 'meɪnt(ə)nəns; -tɪn- | 'mentənəns/","n. 维持，保持；维修","the cost of repairs and maintenance"
"cet4","major","/'meidʒə | 'meɪdʒə(r) | 'medʒɚ/","adj. 主要的; v. 主修","There are two major political parties in the US."
"cet4","majority","/mə'dʒɔriti | mə'dʒɒrətɪ | mə'dʒɔrəti/","n. 多数","The Labour Party won a huge majority at the last general election."
"cet4","make","/meik | meɪk | mek/","v. 使；做，制造","I’m going to show you how to make a box for your tools."
"cet4","makeup","/'meikʌp | 'meɪkʌp | 'mek,ʌp/","n. 化装","Normally she wore little makeup, but this evening was clearly an exception."
"cet4","male","/meil | meɪl | mel/","adj. 男的，雄的; n. 男子","a deep male voice"
"cet4","malfunction","/mæl'fʌŋkʃən | mæl'fʌŋ(k)ʃ(ə)n | ,mæl'fʌŋkʃən/","n. 失灵，故障","a malfunction in one of the engines"
"cet4","man","/mæn/","n. 男人；人；人类","There were two men and a woman in the car."
"cet4","manage","/'mænɪdʒ/","v. 管理；设法；对付","He was asked to manage a new department."
"cet4","management","/'mænidʒmənt | 'mænɪdʒm(ə)nt | 'mænɪdʒmənt/","n. 管理；经营，处理","a lack of management skills"
"cet4","manager","/'mænidʒə | 'mænɪdʒə | 'mænɪdʒɚ/","n. 经理，管理人","one of our regional managers"
"cet4","mankind","/,mæn'kaind | ,mæn'kaɪnd | mæn'kaɪnd/","n. 人类","Since earliest times, mankind has been fascinated by fire."
"cet4","manly","/'mænli | 'mænlɪ/","adj. 男子气概的，果断的","a deep manly voice"
"cet4","manner","/'mænə | 'mænɚ/","n. 方式；态度；礼貌","He felt some guilt over the manner of her death."
"cet4","manual","/'mænjuəl | 'mænjʊ(ə)l/","adj. 体力的; n. 手册","People in manual occupations have a lower life expectancy."
"cet4","manufacture","/,mænju'fæktʃə | ˌmænjʊ'fæktʃə(r) | 'mænjə'fæktʃɚ/","v. 制造，生产","the company that manufactured the drug"
"cet4","manufacturer","/,mænju'fæktʃərə | ,mænjʊ'fæktʃ(ə)rə(r) | ,mænju'fæktʃərɚ/","n. 制造商；制造厂","Read the manufacturer’s instructions before using your new dishwasher."
"cet4","many","/'meni | 'menɪ | 'mɛni/","adj. 许多的; pron. 许多人","Among his many hobbies was the breeding of fine horses."
"cet4","map","/mæp/","n. 地图；图；天体图","According to the map we should turn left."
"cet4","marble","/'mɑ:bl | 'mɑːb(ə)l | 'mɑrbl/","n. 大理石","The columns were of white marble."
"cet4","March","/ma:tʃ | mɑːtʃ | mɑrtʃ/","n. 三月","I flew to Milwaukee in early March."
"cet4","margin","/'mɑ:dʒin | 'mɑ:dʒɪn | 'mɑrdʒən/","n. 边缘，范围","the western margin of southern Africa"
"cet4","marginalize","/'mɑ:dʒinəlaiz | 'mɑːdʒɪn(ə)laɪz | 'mɑrdʒɪnəlaɪz/","v. 边缘化，排斥","Female employees complained of being marginalized by management."
"cet4","marine","/mə'ri:n | mə'riːn | mə'rin/","adj. 海的；海上的","the enormous variety of marine life"
"cet4","mark","/mɑːk/","n. 斑点；记号; v. 标明","The kitten is mainly white with black marks on her back."
"cet4","market","/'mɑ:kit | 'mɑːkɪt | 'mɑrkɪt/","n. 市场；集市；销路","Our main overseas market is Japan."
"cet4","marriage","/'mæridʒ | 'mærɪdʒ/","n. 结婚，婚姻；婚礼","She has three daughters from a previous marriage."
"cet4","married","/'mærid | 'mærɪd/","adj. 已婚的；婚姻的","Are you married or single?"
"cet4","marry","/'mæri | 'mærɪ/","v. 娶，嫁; v. 结婚","He married Bea in 1925."
"cet4","marvellous","/'mɑ:viləs | 'mɑːv(ə)ləs | 'mɑrvələs/","adj. 奇迹般的；了不起的","‘How was your holiday?’ ‘Marvellous!’"
"cet4","marvelous","/'mɑ:viləs | 'mɑ:vɪləs | 'mɑrvələs/","adj. 引起惊异的",""
"cet4","Marxism","/'ma:ksizəm/","n. 马克思主义","They openly revised Marxism."
"cet4","Marxist","/'ma:ksist | 'mɑrksɪst/","adj. 马克思主义的","a Marxist perspective"
"cet4","masculine","/'mæskjulin | 'mæskjʊlɪn | 'mæskjəlɪn/","adj. 男性的","They’re nice curtains, but I’d prefer something a little more masculine."
"cet4","mask","/mɑ:sk, mæsk | mɑːsk | mæsk/","v. 掩饰","Men often mask their true feelings with humour."
"cet4","mass","/mæs/","n. 众多；团；群众","The food had congealed into a sticky mass."
"cet4","massive","/'mæsiv | 'mæsɪv/","adj. 巨大的 大量的","The bell is massive, weighing over 40 tons."
"cet4","master","/'mɑ:stə, 'mæstə | 'mɑːstə | 'mæstɚ/","n. 主人；能手；硕士","a work of art by a true master"
"cet4","masterpiece","/'mɑ:stəpi:s, 'mæs- | 'mɑːstəpiːs | 'mæstəpis/","n. 杰作，名著","Mary Shelley was just 18 when she wrote the horror masterpiece ‘Frankenstein’."
"cet4","mat","/mæt/","n. 席子；草席；垫子","Wipe your feet on the mat."
"cet4","match","/mætʃ/","n. 比赛，竞赛；对手","It’s our last match of the season."
"cet4","mate","/meit | meɪt | met/","n. 伙伴，同事；配偶","He has found his ideal mate."
"cet4","material","/mə'tiəriəl | mə'tɪərɪəl | mə'tɪrɪəl/","n. 材料；素材a物质的","materials like wood or stone"
"cet4","materialism","/mə'tiəriəlizəm | mə'tɪərɪəlɪz(ə)m | mə'tɪrɪəlɪzəm/","n. 唯物主义","a reaction to a world full of shallow materialism"
"cet4","mathematical","/,mæθi'mætikəl | mæθ(ə)'mætɪk(ə)l | ,mæθə'mætɪkl/","adj. 数学的，数学上的","mathematical analysis"
"cet4","mathematics","/,mæθə'mætiks | mæθ(ə)'mætɪks | ,mæθə'mætɪks/","n. 数学","...a professor of mathematics at Boston College."
"cet4","maths","/mæθs/","n. (英)数学","the new maths teacher"
"cet4","matter","/'mætə(r) | 'mætɚ/","v. 要紧，重要","If I have to stay late at work tonight, it won’t matter because we can go out another night."
"cet4","mature","/mə'tjuə | məˈtʃʊə(r) | mə'tʃʊr/","adj. 成熟的","Laura is very mature for her age ."
"cet4","maximum","/'mæksiməm | 'mæksɪməm | ˈmæksəməm/","n & a. 最大值的，最大量的","We might have a third child, but that’s the absolute maximum ."
"cet4","may","/mei | meɪ | me/","v. aux可能；可以，祝","I may be late, so don’t wait for me."
"cet4","maybe","/'meibi | 'meɪbiː; -bɪ | 'mebi/","adv. 大概，或许；也许","Maybe it’s all just a big misunderstanding."
"cet4","mayor","/'mεə | ˈmeɪə | 'meɚ/","n. 市长","the election of the London mayor"
"cet4","me","/mi:, 弱mi | miː | mi/","pron. (宾格)我","Stop, you’re hurting me."
"cet4","meadow","/'medəu | 'medəʊ | 'mɛdo/","n. 草地，牧草地",""
"cet4","meal","/mi:l | miːl | mil/","n. 膳食，一餐","We must have a meal together some time."
"cet4","mean","/miːn | min/","v. 作…解释；意指","""Credible"" means ""believable."""
"cet4","meaning","/'mi:niŋ | 'miːnɪŋ | 'minɪŋ/","n. 意义，意思；意图","What’s the meaning of this? I asked you to be here an hour ago!"
"cet4","means","/mi:nz | minz/","n. 方法","The only means of communication was sign language."
"cet4","meantime","/'mi:n'taim | 'miːntaɪm | 'min'taɪm/","n. 其时，其间; adv. 当时","The doctor will be here soon. In the meantime, try and relax."
"cet4","meanwhile","/'mi:nwail | 'miːnwaɪl | 'minwaɪl/","adv. 同时，当时","Cook the sauce over a medium heat until it thickens. Meanwhile start boiling the water for the pasta."
"cet4","measurable","/'meʒərəbl | 'meʒ(ə)rəb(ə)l | 'mɛʒərəbl/","adj. 可测量的","measurable results"
"cet4","measure","/'meʒə | 'mɛʒɚ/","n. 分量，尺寸，量具，测量；; v. 测量","She soon got the measure of her opponent."
"cet4","measurement","/'meʒəmənt | 'meʒəm(ə)nt | 'mɛʒɚmənt/","n. 衡量，测量；尺寸","accurate measurement of body temperature"
"cet4","meat","/mi:t | miːt | mit/","n. 肉","I gave up eating meat a few months ago."
"cet4","mechanic","/mi'kænik | mə'kænɪk/","n. 机械师","a garage mechanic"
"cet4","mechanical","/mi'kænikəl | mɪ'kænɪk(ə)l | mɪ'kænɪkəl/","adj. 机械的；力学的","The flight has been cancelled due to mechanical failure ."
"cet4","mechanically","/mi'kænikəli | mɪ'kænɪkəlɪ | mɪ'kænɪkəli/","adv. 机械地","Never copy foreign things blindly or mechanically."
"cet4","mechanics","/mi'kæniks | mɪ'kænɪks | mə'kænɪks/","n. 力学；技术性细节","He has not studied mechanics or engineering."
"cet4","mechanism","/'mekənizəm | 'mekənɪzəm | 'mɛkənɪzəm/","n. 机制，机能","the brake mechanism"
"cet4","medal","/'medəl | 'med(ə)l | 'mɛdl/","n. 奖章，勋章，纪念章","She won a gold medal at the last Olympics."
"cet4","media","/'miːdiə/","n. 新闻媒介， 传播媒介","The scandal was widely reported in the national media ."
"cet4","medical","/'medikəl | 'medɪk(ə)l | 'mɛdɪkl/","adj. 医学的；内科的","medical research"
"cet4","medication","/ˌmedi'keɪʃn | 'mɛdɪ'keʃən/","n. 药物治疗； 药物","When somebody comes for treatment I always ask them if they are on any medication."
"cet4","medicine","/'medisin | 'meds(ə)n; 'medɪsɪn | 'mɛdsn/","n. 内服药；医学","She studied medicine at Johns Hopkins University."
"cet4","Mediterranean","/,meditə'reiniən | ,mɛdətə'renɪən/","n. 地中海; adj. 地中海的","You have the choice of night fishing in the Mediterranean, or windsurfing on a lake in Switzerland."
"cet4","medium","/'mi:diəm, -djəm | 'miːdɪəm | 'midɪəm/","n. 媒质；中间a中等的","Advertising is a powerful medium."
"cet4","meet","/mi:t | miːt | mit/","v. 遇见; v. 相遇","You’ll never guess who I met in town."
"cet4","meeting","/'mi:tiŋ | 'miːtɪŋ | 'mitɪŋ/","n. 聚集，会合，会见","We’re having a meeting next week to discuss the matter."
"cet4","melon","/'melən | 'mɛlən/","n. 瓜，甜瓜","...some juicy slices of melon."
"cet4","melt","/melt | mɛlt/","v. 融化","It was warmer now, and the snow was beginning to melt."
"cet4","member","/'membə | 'mɛmbɚ/","n. 成员，会员","The majority of union members voted in favour of a strike."
"cet4","membership","/'membəʃɪp | 'mɛmbɚʃɪp/","n. 会员身份， 会籍； 全体会员， 会员数","You should carry your membership card with you at all times."
"cet4","memorial","/英 [mə'mɔ:rɪəl] 美 [məˈmɔriəl, -ˈmor | mə'mɔːrɪəl | mə'morɪəl/","adj. 纪念的；记忆的","A memorial service is being held for her at St. Paul's Church."
"cet4","memorize","/'meməraiz | 'meməraɪz | 'mɛmə'raɪz/","v. 熟记，牢记","He studied his map, trying to memorize the way to Rose's street."
"cet4","memory","/'meməri | 'mem(ə)rɪ | 'mɛməri/","n. 记忆；回忆；存储","He has lots of happy memories of his stay in Japan."
"cet4","mend","/mend | mɛnd/","v. 修理，修补，缝补","My father used to mend our shoes."
"cet4","mental","/'mentəl | 'ment(ə)l | 'mɛntl/","adj. 智力的；精神的","The centre provides help for people suffering from mental illness ."
"cet4","mention","/'menʃən | 'menʃ(ə)n | 'mɛnʃən/","vt&n. 提及，说起","Was my name mentioned at all?"
"cet4","menu","/'menju:, mə'nju: | ˈmenju: | 'mɛnju/","n. 菜单","Could we have the menu, please?"
"cet4","merchant","/'mə:tʃənt | 'mɜːtʃ(ə)nt | 'mɝtʃənt/","n. 商人；零售商","the son of a wealthy merchant"
"cet4","mercury","","n. 水银，汞","Some thieves have eaten off their irons with mercury water."
"cet4","mercy","/'mə:si | 'mɜːsɪ | 'mɝsi/","n. 仁慈，慈悲，恩惠","He showed no mercy to his enemies."
"cet4","mere","/miə | mɪə | mɪr/","adj. 仅仅的；纯粹的","She lost the election by a mere 20 votes."
"cet4","merely","/'miəli | 'mɪəlɪ | 'mɪrli/","adv. 仅仅，只不过","He’s merely a boy – you can’t expect him to understand."
"cet4","merit","/'merit | 'mɛrɪt/","n. 优点，成绩; v. 值得","The merit of the report is its realistic assessment of the changes required."
"cet4","merry","/'meri | 'merɪ | 'mɛri/","adj. 欢乐的，愉快的","He marched off, whistling a merry tune."
"cet4","mess","/mes | mɛs/","n. 混乱，混杂，肮脏","What a mess!"
"cet4","message","/'mesidʒ | 'mesɪdʒ | 'mɛsɪdʒ/","n. 信息，消息；启示","He left a message saying he would probably be a little late."
"cet4","messenger","/'mesindʒə | 'mesɪn(d)ʒə | 'mɛsndʒɚ/","n. 送信者，信使","There will be a messenger at the airport to collect the photographs from our courier."
"cet4","metal","/'metəl | 'met(ə)l | 'mɛtl/","n. 金属，金属制品","The gate is made of metal."
"cet4","meter","/mi:tə | 'mitɚ | 'mitɚr/","n. 计量器，计，表","A man came to read the electricity meter ."
"cet4","method","/'meθəd | 'mɛθəd/","n. 方法，办法；教学法","traditional teaching methods"
"cet4","metre","/'mi:tə | 'mi:tə(r) | ˈmitɚ/","n. 米，公尺","She's running the 1,500 metres here."
"cet4","metric","/'metrik | 'metrɪk | 'mɛtrɪk/","adj. 公制的，米制的","a metric tonne"
"cet4","microcomputer","/,maikrəukəm'pju:tə | 'maɪkrə(ʊ)kɒm,pjuːtə | 'maɪkrokəm'pjʊtɚ/","n. 微型计算机，微机","The merchant sold electrical appliances, such as microcomputer, microphone, microprocessor and microwave ovens."
"cet4","microphone","/'maikrəfəun | 'maɪkrəfəʊn | 'maɪkrə'fon/","n. 话筒，麦克风","She spoke confidently into the microphone."
"cet4","microscope","/'maikrəskəup | 'maɪkrəskəʊp | 'maɪkrəskop/","n. 显微镜","The slightest movement will defocus the microscope."
"cet4","midday","/'middei | mɪd'deɪ | ,mɪd'de/","n. 正午，中午","We stopped off in Colchester for our midday meal ."
"cet4","middle","/'mɪd(ə)l | 'mɪdl/","n. 中部; adj. 中部的","There are plenty of small houses for sale, and quite a lot of very large ones, but very little in the middle."
"cet4","midnight","/'midnait | 'mɪdnaɪt/","n. 午夜，子夜，夜半","You can’t phone her now – it’s gone midnight (= after midnight ) !"
"cet4","midst","/midst | mɪdst/","n. 中部，中间，当中","I fear we have an enemy in our midst."
"cet4","might","/mait | maɪt/","v. aux可能，会，也许","If you need more information, you might try the Internet."
"cet4","migration","/mai'ɡreiʃən | maɪˈgreɪʃn | maɪ'ɡreʃən/","n. 迁移，移民","What does this migration not do?"
"cet4","mild","/maild | maɪld/","adj. 和缓的；温柔的","We had an exceptionally mild winter last year."
"cet4","mile","/mail | maɪl/","n. 英里","It’s 40 miles from here to the Polish border."
"cet4","military","/'militəri | 'mɪlətrɪ | 'mɪlətɛri/","adj. 军队的，军事的","a military helicopter"
"cet4","milk","/milk | mɪlk/","n. 乳，牛奶; v. 挤(奶)","a bottle of milk"
"cet4","mill","/mil | mɪl/","n. 工厂","...a steel mill."
"cet4","millimetre","/'mili,mi:tə/","n. 毫米","The creature is a tiny centipede, just 10 millimetres long."
"cet4","million","/'miljən | 'mɪljən/","num. 百万; n. 许多","The book sold more than a million copies."
"cet4","mind","/maind | maɪnd/","n. 头脑；理智；记忆","It is impossible to understand the complex nature of the human mind ."
"cet4","mine","/main | maɪn/","pron. 我的","It was Glen’s idea, not mine."
"cet4","miner","/'mainə | 'maɪnə | 'maɪnɚ/","n. 矿工","Therefore, we should be more like a miner to stand in reality, excavate off wastes, and get gold mines."
"cet4","mineral","/'minərəl | 'mɪnərəl/","adj. 矿物的，似矿物的","Or they could be trained to use weeds as indicators of the soil's mineral properties to help them manage nutrients."
"cet4","minimize","/'mɪnɪmaɪz/","vt. 将…减少； 最小化","Every effort is being made to minimize civilian casualties."
"cet4","minimum","/'miniməm | 'mɪnɪməm/","n. 最小量; adj. 最小的","This will take a minimum of one hour."
"cet4","minister","/'ministə | 'mɪnɪstə | 'mɪnɪstɚ/","n. 部长，大臣；公使","a senior Cabinet minister"
"cet4","ministry","/'ministri | 'mɪnɪstrɪ | 'mɪnɪstri/","n. (政府的)部","...the Ministry of Justice."
"cet4","minor","/'mainə | ˈmaɪnə(r) | 'maɪnɚ/","adj. 小的","We have made some minor changes to the program."
"cet4","minority","/mai'nɔrəti, mi- | maɪ'nɒrɪtɪ; mɪ- | maɪ'nɔrəti/","n. 少数；少数民族","Gaelic is still spoken in Ireland by a tiny minority."
"cet4","minus","/'mainəs | 'maɪnəs/","adj. 负的; prep. 减(去)","‘Any minus points ?’ ‘Well, the engine is rather noisy.’"
"cet4","minute","/'mɪnɪt/","n. 分，分钟；一会儿","It takes me ten minutes to walk to work."
"cet4","miracle","/'mirəkl | 'mɪrək(ə)l | 'mɪrəkl/","n. 奇迹，令人惊奇的人","It’s a miracle you weren’t killed!"
"cet4","mirror","/'mirə | 'mɪrə | 'mɪrɚ/","n. 镜子; v. 反映，反射","He spends hours in front of the mirror !"
"cet4","miscalculation","/'mis,kælkju'leiʃən | ˌmɪskælkjʊ'leɪʃn/","n. 算错，误算","KAPLAN: Well, there's always the risk of a miscalculation or an accident at sea."
"cet4","misconception","/ˌmɪskən'sepʃn | 'mɪskən'sɛpʃən/","n. 误解","It is a misconception that Peggy was fabulously wealthy."
"cet4","miserable","/'mizərəbl | ˈmɪzrəbl | 'mɪzrəbl/","adj. 痛苦的","I’ve been so miserable since Pat left me."
"cet4","misguide","/,mis'ɡaid | mɪs'gaɪd/","v. 误导","In addition, they will also misguide the innocent, which becomes a vicious circle."
"cet4","misguided","/,mis'ɡaidid | ˌmɪs'ɡaɪdɪd | ,mɪs'ɡaɪdɪd/","adj. 被误导的","His parents still clung to the misguided belief that his common sense would keep him out of serious trouble."
"cet4","mislead","/,mis'li:d | ˌmɪs'li:d | 'mɪs'lid/","v. 误导","Don’t be misled by appearances, he’s a good worker."
"cet4","miss","/mɪs/","n. 小姐","I’d like to make an appointment with Miss Taylor."
"cet4","missile","/'misail, -səl | 'mɪsaɪl | 'mɪsl/","n. 发射物；导弹","a nuclear missile"
"cet4","missing","/'misiŋ | 'mɪsɪŋ/","adj. 缺掉的，失去的","We found the missing piece of the jigsaw under the chair."
"cet4","mission","/'miʃən | 'mɪʃən/","n. 使命，任务；代表团","He was sent on over 200 missions before being killed in action."
"cet4","mist","/mist | mɪst/","n. 薄雾","We could just see the outline of the house through the mist."
"cet4","mistake","/mi'steik | mɪ'steɪk | mɪ'stek/","n. 错误; v. 误解，弄错","The most common mistake is to plant them too deep."
"cet4","Mister","/'mistə/","n. 先生","Look, Mister, we know our job, so don't try to tell us what to do."
"cet4","mistress","/'mistris | 'mɪstrɪs | 'mɪstrəs/","n. 女主人；夫人","The maid looked nervously at her mistress."
"cet4","misunderstand","/,misʌndə'stænd | ,mɪsʌndə'stænd | ,mɪsʌndɚ'stænd/","v. 误解","Rachel, you must have misunderstood her! Ellie would never say something like that."
"cet4","mix","/miks | mɪks/","v. 使混合，混淆","Oil and water don’t mix."
"cet4","mixture","/'mikstʃə | 'mɪkstʃə | 'mɪkstʃɚ/","n. 混合；混合物","Pour the mixture into four small dishes."
"cet4","moan","/məun | məʊn | mon/","n. 呻吟声; v. 呻吟","She gave a little moan of pleasure."
"cet4","mobile","/ˈməʊbaɪl | ˈmobəl; ˈmoˌbaɪl; ˈmoˌbil/","adj. 运动的；流动的","mobile air-conditioners"
"cet4","mode","/məud | məʊd | mod/","n. 方式，样式","Set the monitor to 256 colour mode."
"cet4","model","/'mɔdəl | 'mɒdl | 'mɑdl/","n. 模型；模式；模特儿","a working model (= one with parts which move ) of a steam engine"
"cet4","moderate","/'mɔdərət, 'mɔdəreit | 'mɒd(ə)rət | ˈmɑdərɪt; (for v.,) ˈmɑdərˌeɪt/","adj. 温和的；有节制的","the more moderate members of the party"
"cet4","modern","/'mɔdən | 'mɒd(ə)n | 'mɑdɚn/","adj. 现代的，近代的","Such companies must change if they are to compete in the modern world ."
"cet4","modernization","/ˌmɒdənaɪ'zeɪʃn | ,mɑdɚnə'zeʃən/","n. 现代化","We should all make contributions to the modernization of our country."
"cet4","modest","/'mɔdist | 'mɒdɪst | 'mɑdɪst/","adj. 有节制的；谦虚的","You’re too modest! You’ve been a huge help to us."
"cet4","modify","/'mɔdifai | 'mɒdɪfaɪ | 'mɑdɪfaɪ/","v. 更改，修改；修饰","The feedback will be used to modify the course for next year."
"cet4","moist","/mɔist | mɒɪst | mɔɪst/","adj. 湿润的；多雨的","Make sure the soil is moist before planting the seeds."
"cet4","moisture","/'mɔistʃə | 'mɒɪstʃə | 'mɔɪstʃɚ/","n. 潮湿，湿气；温度","When the soil is dry, more moisture is lost from the plant."
"cet4","mold","/məuld | mold/","n. 霉，霉菌；模型，铸模；性格; vt. 用模子制作， 塑造； 使形成， 影响…的形成",""
"cet4","molecule","/'mɔlikjul | 'mɒlɪkjuːl | 'mɑlɪkjul/","n. 分子，克分子","The molecules of oxygen gas contain just two atoms."
"cet4","moment","/'məʊm(ə)nt | 'momənt/","n. 片刻，瞬间，时刻","It was one of the most exciting moments in his life."
"cet4","Monday","/'mʌndi | ˈmʌndeɪ; ˈmʌndi | ˈmʌnde; ˈmʌndɪ/","n. 星期一","The president announced Monday that he would cancel the debt."
"cet4","money","/'mʌni | 'mʌnɪ/","n. 货币；金钱，财富","Don’t spend all your money on the first day of your holiday!"
"cet4","monitor","/'mɒnɪtə(r) | 'mɔnɪtɚ/","v. 监控，监听","Patients who are given the new drug will be asked to monitor their progress."
"cet4","monkey","/'mʌŋki | 'mʌŋkɪ/","n. 猴子，猿","The monkey is beating up and down."
"cet4","month","/mʌnθ/","n. 月，月份","I hope I’ll have finished the work by the end of the month ."
"cet4","monthly","/'mʌnθli | 'mʌnθlɪ/","adj. 每月的; adv. 每月","The mortgage is payable in monthly instalments."
"cet4","monument","/'mɔnjumənt | 'mɒnjʊm(ə)nt | 'mɑnjumənt/","n. 纪念碑；纪念馆","He erected a monument on the spot where his daughter was killed."
"cet4","mood","/mu:d | muːd | mud/","n. 心情","You’re in a good mood this morning!"
"cet4","moon","/mu:n | muːn | mun/","n. 月球，月亮；卫星","the craters on the surface of the moon"
"cet4","moral","/'mɔrəl, 'mɔ:- | 'mɒr(ə)l | 'mɔrəl/","adj. 精神上的, 道德的","It is easy to have an opinion on a moral issue like the death penalty for murder."
"cet4","more","/mɔ: | mɔː | mɔr/","adj. 更多的; adv. 更","The accident taught him to be more careful."
"cet4","moreover","/mɔ:'rəuvə | mɔːr'əʊvə | mɔr'ovɚ/","adv. 再者，加之，此外","The rent is reasonable and, moreover, the location is perfect."
"cet4","morning","/'mɔ:niŋ | 'mɔːnɪŋ | 'mɔrnɪŋ/","n. 早晨，上午","I hated those cold winter mornings."
"cet4","mortal","/'mɔ:təl | 'mɔːt(ə)l | 'mɔrtl/","adj. 终有一死的；致死的","Her father’s death reminded her that she was mortal."
"cet4","mosquito","/mə'ski:təu | mɒ'skiːtəʊ | məˈskiːtoʊ/","n. 蚊子","The male mosquito never stings."
"cet4","most","/məust | məʊst | most/","adj. 最多的; adv. 最，很","The president himself won the most votes."
"cet4","mostly","/'məustli | 'məʊs(t)lɪ | 'mostli/","adv. 主要的，大部分","Green teas are mostly from China or Japan."
"cet4","mother","/'mʌðə | 'mʌðɚ/","n. 母亲，妈妈","His mother and father are both doctors."
"cet4","motion","/'məʊʃ(ə)n | 'moʃən/","n. 运动；手势；提议","Newton’s first law of motion"
"cet4","motivate","/'məutiveit | 'məʊtɪveɪt | 'motə'vet/","v. 促动，激发，诱导","A good teacher has to be able to motivate her students."
"cet4","motivation","/,məuti'veiʃən | ˌməʊtɪ'veɪʃn | ,motə'veʃən/","n. 激励，刺激",""
"cet4","motive","/'məutiv | 'məʊtɪv | 'motɪv/","n. 动机，目的","What do you suppose the killer’s motive was?"
"cet4","motor","/'məutə | 'məʊtə | 'motɚ/","n. 发动机；机动车","an electric motor"
"cet4","mould","/məuld | məʊld/","n. 模子，模型; v. 浇铸","Another method, used especially for figures, was to pour the clay into a mould."
"cet4","mount","/maʊnt/","v. 登上，爬上; n. …山","He mounted his horse and rode on."
"cet4","mountain","/ˈmauntin，ˈmaʊntən | ˈmaʊntən | ˈmaʊntn/","n. 山，山岳；山脉","the highest mountain in Austria"
"cet4","mourn","/mɔ:n, məun | mɔːn | mɔrn/","v. 哀痛，哀悼","Hundreds of people gathered to mourn the slain president."
"cet4","mouse","/maus, mauz | maʊs/","n. 鼠，耗子","The cat laid a dead mouse at my feet."
"cet4","mouth","/mauθ | maʊθ/","n. 嘴，口，口腔","He lifted his glass to his mouth."
"cet4","mouthful","/'mauθful | 'maʊθfʊl; -f(ə)l | 'maʊθ'fʊl/","n. 满口，一口，少量","Michael told his story between mouthfuls."
"cet4","move","/muːv | muv/","v. 移动；感动; n. 动","Please keep the doors closed while the train is moving."
"cet4","movement","/'mu:vmənt | 'muːvm(ə)nt | 'muvmənt/","n. 动作，活动；移动","It's part of a broader nationalist movement that's gaining strength throughout the country."
"cet4","movie","/'mu:vi | 'muːvɪ | 'muvi/","n. 电影；电影院","It was like one of those old John Wayne movies."
"cet4","much","/mʌtʃ/","adv. 非常，很; adj. 许多的","The day ended much as it began."
"cet4","mud","/mʌd/","n. 软泥，泥浆","By the end of the game, all the kids were covered in mud."
"cet4","muddy","/'mʌdi | 'mʌdɪ/","adj. 多泥的，泥泞的","Take your boots off outside if they’re muddy."
"cet4","mug","/mʌg | mʌɡ/","n. 大杯","a coffee mug"
"cet4","multicultural","/ˌmʌlti'kʌltʃərəl | 'mʌltɪ'kʌltʃərəl/","adj. 融合多种文化的","a multicultural society"
"cet4","multiple","/'mʌltipl | 'mʌltɪpl | 'mʌltəpl/","adj. 复合的；并联的","Baxter was rushed to the hospital with multiple stab wounds."
"cet4","multiply","/'mʌltiplai | 'mʌltɪplaɪ/","v. 使增加；乘","Children will learn to multiply in the second grade."
"cet4","murder","/'mə:də | 'mɜːdə | 'mɝdɚ/","n&vi. 谋杀，凶杀","On the night the murder was committed , he was out of the country."
"cet4","murderer","/'mə:dərə | 'mɜːd(ə)rə(r) | 'mɝdərɚ/","n. 杀人犯，凶手","a convicted murderer"
"cet4","muscle","/'mʌsl | 'mʌs(ə)l/","n. 肌肉，肌；体力","Relax your stomach muscles , then stretch again."
"cet4","museum","/mju:'ziəm | mjuː'zɪəm | mju'ziəm/","n. 博物馆；展览馆","the Museum of Modern Art"
"cet4","mushroom","/'mʌʃru:m, -rum | 'mʌʃruːm; -rʊm | 'mʌʃrʊm/","n. 蘑菇，菌类植物","mushroom soup"
"cet4","music","/'mju:zik | 'mjuːzɪk | 'mjuzɪk/","n. 音乐，乐曲，乐谱","I often listen to classic music when I’m in the car."
"cet4","musical","/'mju:zikəl | 'mjuːzɪk(ə)l | 'mjuzɪkl/","adj. 音乐的；和谐的","a musical version of the fairy tale ‘Cinderella’"
"cet4","musician","/mju:'ziʃən | mjuː'zɪʃ(ə)n | mjʊ'zɪʃən/","n. 音乐家；作曲家","a talented young musician"
"cet4","must","/mʌst, 弱məst, məs, mst, ms | mʌst/","v. aux必须；必然要","All passengers must wear seat belts."
"cet4","mute","/mju:t | mjuːt | mjut/","adj. 缄默的; n. 哑巴","Billy continued to stand there, mute and defiant."
"cet4","mutter","/'mʌtə | 'mʌtɚ/","v. 轻声低语；抱怨","Elsie muttered something I couldn’t catch and walked off."
"cet4","mutton","/'mʌt(ə)n | 'mʌtn/","n. 羊肉","...a leg of mutton."
"cet4","mutual","/'mju:tʃuəl, -tjuəl | 'mjuːtʃʊəl | 'mjutʃuəl/","adj. 相互的","I didn’t like Dev, and the feeling seemed to be mutual."
"cet4","mutually","/'mju:tʃuəli, -tjuəli | ˈmjuːtʃuəli | 'mjutʃuəli/","adv. 互相地","Note that different users of the system have different goals, and that these goals are often mutually exclusive."
"cet4","my","/maɪ/","pron. 我的","All my friends do not smoke."
"cet4","myself","/maɪ'self | maɪ'sɛlf/","pron. 我自己；我亲自","I blame myself for what has happened."
"cet4","mysterious","/mi'stiəriəs | mɪ'stɪərɪəs | mɪ'stɪrɪəs/","adj. 神秘的；难以理解的","The police are investigating the mysterious deaths of children at the hospital."
"cet4","mystery","/英 [ˈmɪstri] 美 [ˈmɪstəri] | ˈmɪstri/","n. 迷，神秘的事物","Twenty years after the event, his death remains a mystery ."
"cet4","myth","/miθ | mɪθ/","n. 神话","a book of Greek myths"
"cet4","nail","/neil | neɪl | nel/","n. 钉；指甲; v. 钉","The key was hanging on a nail by the door."
"cet4","naked","/'neikid | 'neɪkɪd | 'nekɪd/","adj. 裸体的；无遮敝的","The children ran naked through the yard."
"cet4","name","/neɪm | nem/","n. 名字；名誉; v. 说出","Her name is Mandy Wilson."
"cet4","namely","/'neimli | ˈneɪmli | 'nemli/","adv. 即，也就是","Three students were mentioned, namely John, Sarah and Sylvia."
"cet4","nap","/næp/","n. 小睡，打盹，瞌睡","an afternoon nap"
"cet4","narrow","/'nærəu | 'nærəʊ | 'næro/","v. 限制","...I just think you need to narrow the topic down..."
"cet4","nasty","/['nɑ:sti, 'næs-] | 'nɑːstɪ | 'næsti/","adj. 龌龊的；淫猥的","a nasty temper"
"cet4","nation","/'neiʃən | 'neɪʃ(ə)n | 'neʃən/","n. 民族；国家","the President’s radio broadcast to the nation"
"cet4","national","/'næʃənəl | 'næʃ(ə)n(ə)l | 'næʃnəl/","adj. 民族的；国家的","Religion matters very much at a national level."
"cet4","nationality","/,næʃən'æliti | næʃə'nælɪtɪ | ,næʃə'næləti/","n. 国籍；民族，族","people of the same nationality"
"cet4","native","/'neitiv | 'neɪtɪv | 'netɪv/","adj. 本土的; n. 本地人","Singapore has many native species of palm."
"cet4","natural","/'nætʃərəl | 'nætʃ(ə)r(ə)l | 'nætʃrəl/","adj. 自然界的；天然的","the study of the natural world"
"cet4","naturally","/'nætʃərəli | 'nætʃ(ə)rəlɪ | 'nætʃrəli/","adv. 自然地；天然地","Naturally, you’ll want to discuss this with your wife."
"cet4","nature","/'neitʃə | 'neɪtʃə | 'netʃɚ/","n. 大自然；本性；性质","We grew up in the countryside, surrounded by the beauties of nature."
"cet4","naughty","/'nɔ:ti | 'nɔːtɪ | 'nɔti/","adj. 顽皮的，淘气的","You’re a very naughty boy! Look what you’ve done!"
"cet4","naval","/'neivəl | 'neɪv(ə)l | 'nevl/","adj. 海军的，军舰的","The harbour is an important naval base."
"cet4","navigation","/,nævi'ɡeiʃən | nævɪ'geɪʃ(ə)n | 'nævə'geʃən/","n. 航行；航海术；导航","compasses and other instruments of navigation"
"cet4","navy","/'neivi | 'neɪvɪ | 'nevi/","n. 海军","the British Navy"
"cet4","near","/niə | nɪə | nɪr/","adv. 近，接近; adj. 近的","They live near London."
"cet4","nearby","/'niə'bai | 'nɪəbaɪ | ,nɪr'baɪ/","adj. 附近的; adv. 在附近","Lucy was staying in the nearby town of Hamilton."
"cet4","nearly","/'niəli | 'nɪəlɪ | 'nɪrli/","adv. 差不多；密切地","It took nearly two hours to get here."
"cet4","neat","/ni:t | niːt | nit/","adj. 整洁的；熟练的","neat handwriting"
"cet4","necessarily","/'nesəsərəli, ,nesə'serəli | 'nesəs(ə)rɪlɪ; ,nesə'serɪlɪ | ,nɛsə'sɛrəli/","adv. 必然，必定","The care of old people necessarily involves quite a lot of heavy lifting."
"cet4","necessary","/'nesisəri | ˈnɛsɪsərɪ | ˈnɛsəˌsɛri/","adj. 必要的；必然的","The booklet provides all the necessary information about the college."
"cet4","necessity","/ni'sesəti, nə- | nɪ'sesɪtɪ | nə'sɛsəti/","n. 必要性；必然性","I’m afraid it’s become a matter of economic necessity."
"cet4","neck","/nek | nɛk/","n. 颈，脖子","Mike rubbed the back of his neck."
"cet4","necklace","/'neklis | 'neklɪs | 'nɛkləs/","n. 项链，项圈","...a diamond necklace and matching earrings."
"cet4","need","/ni:d | niːd | nid/","v. 需要; v. aux需要","You don’t really need a car."
"cet4","needle","/'ni:dl | 'niːd(ə)l | 'nidl/","n. 针，缝补，编织针","She carried hypodermic needles and syringes in her bag."
"cet4","needless","","adj. 不需要的","The report caused needless anxiety to women who have attended the clinic."
"cet4","needy","/'ni:di | 'ni:dɪ | 'nidi/","adj. 贫穷的","a needy family"
"cet4","negative","/'neɡətiv | 'negətiv | 'nɛɡətɪv/","adj. 否定的；消积的","students with a negative attitude to school"
"cet4","neglect","/ni'ɡlekt | nɪˈglekt | nɪ'glɛkt/","v. 忽视","She smoked and drank, neglected the children, and left the clothes unmended."
"cet4","negotiate","/ni'ɡəuʃieit, -si- | nɪ'ɡəʊʃɪeɪt | nɪ'ɡoʃɪet/","v. 谈判，协商，交涉","His first aim is to get the warring parties back to the negotiating table (= discussing something )."
"cet4","Negro","/'ni:grəu | 'niːgrəʊ | 'nigro/","n. 黑人","""I do not accept the Negro as my equal, "" Douglas said. ""And I deny that he is my brother."
"cet4","neighborhood","/'neɪbəhʊd | 'nebɚ,hʊd/","n. 地区","Iterates may be categorized into stable and unstable sets depending on whether a neighborhood under iteration converges or diverges. Some move toward stability, others away."
"cet4","neighbour","/['neɪbə] | 'neɪbə | 'neɪbə(r); 'neɪbɚ/","n. 邻居，邻国，邻人","One of the neighbors complained about the noise from the party."
"cet4","neighbourhood","/'neibəhud | ˈneɪbəhʊd | nebɚˌhʊd/","n. 邻居关系；邻近","...a suburban Boston neighbourhood close to where I live."
"cet4","neither","/ˈnaɪðə; ˈniːðə | ˈniðɚ; ˈnaɪðɚ/","adj. (两者)都不的","She lives in retirement, neither making nor receiving visits."
"cet4","nephew","/'nefju: | 'nefjuː; 'nevjuː | 'nɛfju/","n. 侄子，外甥","I am planning a 25th birthday party for my nephew."
"cet4","nerve","/nə:v | nɜːv | nɝv/","n. 神经；勇敢，胆量","a condition which affects the nerves in the back"
"cet4","nervous","/'nə:vəs | 'nɜːvəs | 'nɝvəs/","adj. 神经的；易激动的","I wish you’d stop looking at me like that. You’re making me nervous."
"cet4","nest","/nest | nɛst/","n. 巢，窝，穴","a bird’s nest"
"cet4","net","/net | nɛt/","n. 网，网状物；通信网","Bruce spends most evenings surfing the Net (= looking at information in different places on the Internet )."
"cet4","network","/'netwə:k | 'netwɜːk | 'nɛtwɝk/","n. 网状物；网络","Hungary’s telephone network"
"cet4","neutral","/'nju:trəl | 'njuːtr(ə)l | 'nʊtrəl/","adj. 中立的","I always tried to remain neutral when they started arguing."
"cet4","never","/'nevə | 'nɛvɚ/","adv. 永不，决不；不","He’s never been to Australia."
"cet4","nevertheless","/,nevəðə'les | nevəðə'les | ,nɛvɚðə'lɛs/","conj. 然而; adv. 仍然","The news may be unexpected; nevertheless, it is true."
"cet4","new","/nju:, nu: | njuː | nu/","adj. 新的；新近出现的","the city’s new hospital"
"cet4","newly","/'nju:li | 'njuːlɪ | 'nuli/","adv. 新近，最近","She was young at the time, and newly married."
"cet4","news","/nju:z, nu:z | njuːz | nuz/","n. 新闻，消息","I hope to have some good news for you soon."
"cet4","newspaper","/'nju:s,peipə, 'nju:z- | 'njuːzpeɪpə; 'njuːs- | 'nuzpepɚ/","n. 报纸，报","She had read about it in the newspapers."
"cet4","newsstand","/'njuːzstænd | 'njʊz,stænd/","n. 报摊， 杂志摊","Eight new national newspapers have appeared on the newsstands since 1981."
"cet4","next","/nekst | nɛkst/","adj. 紧接的；贴近的","Grace sighed so heavily that Trish could hear it in the next room."
"cet4","nice","/nais | naɪs/","adj. 美好的，令人愉快的","They’ve got a very nice house."
"cet4","niece","/ni:s | niːs | nis/","n. 侄女，外甥女","...his niece, the daughter of his eldest sister."
"cet4","night","/nait | naɪt/","n. 夜，夜间","It was a cold moonlit night."
"cet4","nightmare","/'naɪtmeə | 'naɪt'mɛr/","n. 噩梦； 可怕的事物， 无法摆脱的恐惧","a recurring nightmare"
"cet4","nine","/nain | naɪn/","num. 九，九个","He’s only been in this job for nine months."
"cet4","nineteen","/,nain'ti:n | naɪn'tiːn; 'naɪntiːn | ,naɪn'tin/","num. 十九，十九个","It was nineteen minutes past seven."
"cet4","ninety","/'nainti | 'naɪntɪ | 'naɪnti/","num. 九十，九十个","America was far richer in the nineties."
"cet4","ninth","/nainθ | 'naɪnθ | naɪnθ/","num. 第九；九分之一","In that region, Chile went from ninth to first, overall, as Chilean mobile web use increased by 3200% over the past year."
"cet4","nitrogen","/'naitrədʒən | 'naɪtrədʒ(ə)n | 'naɪtrədʒən/","n. 氮","Well, we know nitrogen has what?"
"cet4","no","/nəu | nəʊ | no/","adv. 不；并不; adj. 没有","‘Are you Italian?’ ‘No, I’m Spanish.’"
"cet4","noble","/'nəubl | 'nəʊb(ə)l | 'nobl/","adj. 贵族的；高尚的","It’s very noble of you to spend all your weekends helping the old folk."
"cet4","nobody","/'nəubədi, -bɔdi | 'nəʊbədɪ/","pron. 谁也不；无人","I knocked on the door but nobody answered."
"cet4","nod","/nɔd | nɒd | nɑd/","v. 点(头)；点头表示","I asked her if she was ready to go, and she nodded."
"cet4","noise","/nɔiz | nɒɪz | nɔɪz/","n. 喧闹声；响声；噪声","What’s that noise?"
"cet4","noisy","/'nɒɪzɪ | 'nɔɪzi/","adj. 嘈杂的；喧闹的","The kids have been really noisy today."
"cet4","none","/nʌn/","pron. 没有人; adv. 毫不","I wish I could offer you some cake but there’s none left."
"cet4","nonsense","","n. 胡说，废话","‘I’m a prisoner in my own home.’ ‘Nonsense!’"
"cet4","noon","/nu:n | nuːn | nun/","n. 正午，中午","We met at 12 noon."
"cet4","nor","/nɔː; nə | nɔr/","conj. 也不；不","He can neither read nor write (= he cannot read or write )."
"cet4","normal","/'nɔ:məl | 'nɔːm(ə)l | 'nɔrml/","adj. 正常的，普通的","A normal working week is 40 hours."
"cet4","normally","/'nɔ:məli | 'nɔːm(ə)lɪ | 'nɔrmli/","adv. 通常，正常地","The journey normally takes about two hours."
"cet4","north","/nɔ:θ | nɔːθ | nɔrθ/","n. 北，北方; adj. 北方的","Which way is north?"
"cet4","northeast","/,nɔ:θ'i:st | 'nɔrθ'ist/","n. 东北; adj. 位于东北的","...the warm waters of Salt Springs Island to the northeast."
"cet4","northern","/'nɔ:ðən | 'nɔːð(ə)n | 'nɔrðɚn/","adj. 北方的，北部的","a man with a northern accent"
"cet4","northwest","/,nɔ:θ'west | 'nɔrθ'wɛst/","n. 西北; adj. 位于西北的","...four miles to the northwest."
"cet4","nose","/nəuz | nəʊz | noz/","n. 鼻子；突出部分","Someone punched him on the nose."
"cet4","not","/nɒt | nɑt/","adv. 不，没有","Most of the stores do not open until 10 am."
"cet4","note","/nəut | nəʊt | not/","n. 笔记；便条；注释","Can I borrow your lecture notes?"
"cet4","notebook","/'nəutbuk | 'nəʊtbʊk | 'notbʊk/","n. 笔记本，期票簿","He brought out a notebook and pen from his pocket."
"cet4","nothing","/'nʌθiŋ | 'nʌθɪŋ/","n. 没有东西; adv. 毫不","Nothing ever happens in this town."
"cet4","notice","/'nəutis | 'nəʊtɪs | 'notɪs/","v. 注意; n. 通知；注意","He noticed a woman in a black dress sitting across from him."
"cet4","noticeable","/'nəutisəbl | 'nəʊtɪsəb(ə)l | 'notɪsəbl/","adj. 显而易见的；重要的","Alcohol has a noticeable effect on the body."
"cet4","notify","/'nəutɪfaɪ | 'notə'fai/","vt. 通知， 告知， 报告","The skipper notified the coastguard of the tragedy."
"cet4","notion","/'nəuʃn | 'noʃən/","n. 概念， 观念； 意图， 想法， 念头","She had no notion what he meant."
"cet4","noun","/naun | naʊn/","n. 名词","An adjective must agree with  its noun in mumber and case."
"cet4","nourish","/'nʌrɪʃ | 'nɜrɪʃ/","vt. 提供养分， 养育","The food she eats nourishes both her and the baby."
"cet4","novel","/'nɔvəl | 'nɒv(ə)l | ˈnɑːvl/","n. 小说; adj. 新的","a novel by Jane Austen"
"cet4","November","/nəu'vembə | nə(ʊ)'vembə | no'vɛmbɚ/","n. 十一月","And again in November."
"cet4","now","/nau | naʊ/","adv. 现在；立刻；于是","She's a widow now."
"cet4","nowadays","/'nauədeiz | 'naʊədeɪz | 'naʊədez/","adv. 现今，现在","Nowadays people are rarely shocked by the sex they see on television."
"cet4","nowhere","/'nəuhwεə | 'nəʊhweə | 'no'wɛr/","adv. 任何地方都不","Nowhere is drug abuse more of a problem than in the US."
"cet4","nuclear","/'nju:kliə, 'nu:- | 'njuːklɪə | 'nuklɪɚ/","adj. 原子核的；核心的","France’s reliance on nuclear energy"
"cet4","nucleus","/'nju:kliəs | 'njuːklɪəs | 'nuklɪəs/","n. 核，核心；(原子)核","Neutrons and protons are bound together in the nucleus of an atom."
"cet4","nuisance","/'nju:səns | 'njuːs(ə)ns | 'nusns/","n. 讨厌的东西","He could be a bit of a nuisance when he was drunk."
"cet4","number","/'nʌmbə | 'nʌmbɚ/","n. 数，数字；号码","They wrote various numbers on a large sheet of paper."
"cet4","numerous","/'nju:mərəs | 'njuːm(ə)rəs | 'numərəs/","adj. 为数众多的；许多","Numerous attempts have been made to hide the truth."
"cet4","nurse","/nə:s | nɜːs | nɝs/","n. 保姆；护士; v. 看护","The nurse is coming to give you an injection."
"cet4","nursery","/'nə:səri | 'nɜːs(ə)rɪ | 'nɝsəri/","n. 托儿所；苗圃","She puts her baby in this nursery and then goes back to work."
"cet4","nut","/nʌt/","n. 坚果，干果；螺母","a pine nut"
"cet4","nutritious","/nju:'triʃəs | njʊ'trɪʃəs | nʊ'trɪʃəs/","adj. 营养的","Wholemeal bread is more nutritious than white bread."
"cet4","nylon","/'nailɔn | 'naɪlɒn | 'naɪlɑn/","n. 尼龙，耐纶","nylon fabric"
"cet4","oak","/əuk | əʊk | ok/","n. 栎属植物；栎木","an oak door"
"cet4","oar","/ɔ:, əu | ɔː | ɔr/","n. 浆，橹",""
"cet4","obey","/əu'bei | ə(ʊ)'beɪ | ə'be/","v. 顺从; v. 服从","The little boy made no effort to obey."
"cet4","object","/'ɔbdʒikt, -dʒekt, əb'dʒekt | 'ɒbdʒɪkt; -dʒekt | 'ɑbdʒɛkt/","n. 物，物体；目的","an everyday object such as a spoon"
"cet4","objection","/əb'dʒekʃən, ɔb- | əb'dʒekʃ(ə)n | əb'dʒɛkʃən/","n. 反对","Her objection was that he was too young."
"cet4","objective","/əb'dʒektiv, ɔb- | əb'dʒektɪv | əb'dʒɛktɪv/","adj. 客观的；无偏见的","Scientists need to be objective when doing research."
"cet4","obligation","/ˌɒblɪ'geɪʃn | ,ɑblɪ'ɡeʃən/","n. 义务， 责任","Employers have an obligation to treat all employees equally."
"cet4","oblige","/ə'blaɪdʒ/","v. 迫使；施恩惠于","The storm got worse and worse. Finally, I was obliged to abandon the car and continue on foot."
"cet4","observation","/,ɔbzə:'veiʃən | ɒbzə'veɪʃ(ə)n | ,ɑbzɚ'veʃən/","n. 注意；观察；观察力","He spent two nights under close observation in hospital."
"cet4","observe","/əbˈzɜ:v | əb'zɝv/","v. 遵守","So far the ceasefire has been observed by both sides."
"cet4","observer","/əb'zə:və, ɔb- | əb'zɜːvə | əb'zɝvɚ/","n. 观察员，观测者","political observers"
"cet4","obstacle","/'ɔbstəkl | ˈɒbstəkl | 'ɑbstəkl/","n. 阻碍","The tax puts obstacles in the way of companies trying to develop trade overseas."
"cet4","obtain","/əb'tein, ɔb- | əb'teɪn | əb'ten/","v. 获得","Evans was trying to obtain a false passport and other documents."
"cet4","obvious","/'ɔbviəs | 'ɒbvɪəs | 'ɑbvɪəs/","adj. 明显的，显而易见的","The obvious way of reducing pollution is to use cars less."
"cet4","obviously","/'ɔbviəsli | 'ɒbvɪəslɪ | 'ɑbvɪəsli/","adv. 明显地，显然地","We’re obviously going to need more help."
"cet4","occasion","/ə'keiʒən, əu- | əˈkeɪʒn | ə'keʒn/","n. 场合","I often think fondly of an occasion some years ago in New Orleans."
"cet4","occasional","/ə'keiʒənəl, əu- | ə'keɪʒ(ə)n(ə)l | ə'keʒənl/","adj. 偶然的；临时的","He made occasional visits to London."
"cet4","occasionally","","adv. 偶然；非经常地","...Very special books are still occasionally produced on vellum..."
"cet4","occupation","/,ɔkju'peiʃən | ˌɒkjuˈpeɪʃn | ,ɑkju'peʃən/","n. 职业，工作","Please state your name, address and occupation."
"cet4","occupy","/'ɔkjupai | 'ɒkjʊpaɪ | 'ɑkjupaɪ/","v. 占领；占，占有","Football occupies most of my leisure time."
"cet4","occur","/ə'kə: | ə'kɜː | ə'kɝ/","v. 发生；出现，存在","A third of accidental deaths occur in the home."
"cet4","occurrence","/ə'kə:rəns, -'kʌ- | ə'kʌr(ə)ns | ə'kʌrəns/","n. 发生，出现；事件","Complaints seemed to be an everyday occurrence."
"cet4","ocean","","n. 海洋；洋","The cape extends far into the ocean."
"cet4","Oceania","/,əuʃi'einiə; -'ɑ:n-; -'æn- | ,əʊsɪ'ɑːnɪə; -ʃɪ- | ,oʃɪ'ænɪə/","n. 大洋洲","The Mummies Of The World exhibition brings together a collection of mummies and related artefacts from South America, Europe, Asia, Oceania and Egypt."
"cet4","October","/ɔk'təubə | ɒk'təʊbə | ɑk'tobɚ/","n. 十月","Most seasonal hiring is done in early October."
"cet4","odd","/ɔd | ɒd | ɑd/","adj. 奇数的；单只的","It was an odd thing to say."
"cet4","odour","/'əudə | 'əʊdə/","n. 气味，香气；味道","...the lingering odour of car exhaust."
"cet4","of","/ɒv; (ə)v | ʌv; əv/","prep. …的；由于","the back of the house"
"cet4","off","/ɔ:f, ɔf | ɒf | ɔf/","adv. (离)开；(停)止","How are you off for sports equipment? (= do you have enough? )"
"cet4","offend","/ə'fend | ə'fɛnd/","v. 冒犯; v. 犯过错","His remarks deeply offended many Scottish people."
"cet4","offense","/ə'fens | ə'fɛns/","n. 过错，犯罪","These efforts have led to a growing confidence among the public that corruption is a serious punishable offense in Albania."
"cet4","offensive","/ə'fensɪv | ə'fɛnsɪv/","adj. 冒犯的，无礼的；进攻的，攻击性的; n. 进攻， 攻势","I found her remarks deeply offensive."
"cet4","offer","/ˈɒfə | 'ɒfə | 'ɔfɚ/","v. 提供；提出; n. 提供","A number of groups offer their services free of charge."
"cet4","office","/'ɔfis, 'ɔ:- | 'ɒfɪs | 'ɔfɪs/","n. 办公室；处，局，社","The department occupies an office just a mile from the White House."
"cet4","officer","/'ɔfisə, 'ɔ:- | 'ɒfɪsə | 'ɔfɪsɚ/","n. 官员；干事；军官","a commanding officer of the SAS"
"cet4","official","","adj. 官员的；官方的","...Kodak's decision not to pursue the role of official film for the 1984Los Angeles Olympics was a major miscalculation..."
"cet4","often","/'ɔfən, 'ɔftən, 'ɔ:- | 'ɒf(tə)n | 'ɔf(tə)n; 'ɑf(tə)n/","adv. 经常，常常","She often works at the weekend."
"cet4","oh","/əu | əʊ | o/","int. 嗬，哦，唉呀","Oh, look, I think that’s Harry over there."
"cet4","oil","/ɔil | ɒɪl | ɔɪl/","n. 油；石油; v. 加油于","a rise in the price of oil"
"cet4","okay","/'əu'kei, ,əu'kei, 'əukei | 'əʊ'keɪ | ,o'kɛi/","(缩作OK)a&ad. 对，好",""
"cet4","old","/əuld | əʊld | old/","adj. 老的；…岁的","How old are you?"
"cet4","omit","/əu'mit | ə(ʊ)'mɪt | ə'mɪt/","v. 省略，省去；遗漏","Please don’t omit any details, no matter how trivial they may seem."
"cet4","on","/ɔn, ɔ:n, ən, n | ɒn | ɑn/","prep. 在…上；在…旁","I wanted to punch him on the nose."
"cet4","once","/wʌns/","adv. 一次；曾经; n. 一次","I’ve only met her once."
"cet4","one","/wʌn/","num. 一; pron. 一个人","They had one daughter."
"cet4","oneself","/wʌn'self | wʌn'sɛlf/","pron. 自己；亲自","It is only through study that one really begins to know oneself."
"cet4","onion","/'ʌnjən/","n. 洋葱，洋葱头","Chop the onions finely."
"cet4","only","/'əunli | 'əʊnlɪ | 'onli/","adv. 只，仅仅; adj. 唯一的","Naomi was only 17 when she got married."
"cet4","onto","/'ɒntuː | ˈɑnˌtu, -tə, ˈɔn-/","prep. 到…上","She watched him walk onto the platform."
"cet4","open","/'əupən | 'əʊp(ə)n | 'opən/","adj. 开的；开放的; v. 开","He threw the door open and ran down the stairs."
"cet4","opening","/'əupəniŋ | 'əʊp(ə)nɪŋ | 'opənɪŋ/","adj. 开始的; n. 开始","the opening match of the season"
"cet4","opera","/'ɔpərə | 'ɒp(ə)rə | 'ɑprə/","n. 歌剧","We go to the opera (= go to a performance of opera ) regularly."
"cet4","operate","/'ɒpəreɪt | 'ɑpə'ret/","v. 操作；施行手术","The Lewis family operated a number of boats on the canal."
"cet4","operation","/,ɔpə'reiʃən | ˌɒpəˈreɪʃn | ,ɑpə'reʃən/","n. 手术；行动","The UN rescue operation started shortly after dawn."
"cet4","operational","/,ɔpə'reiʃənəl | ɒpə'reɪʃ(ə)n(ə)l | 'ɑpə'reʃənl/","adj. 操作上的；可使用的","The boat should be operational by this afternoon."
"cet4","operator","/'ɔpəreitə | 'ɒpəreɪtə | 'ɑpəretɚ/","n. 操作人员，接线员","Hello, operator? Could you put me through to Room 31?"
"cet4","opinion","/ə'pinjən | ə'pɪnjən/","n. 意见，看法，主张","When choosing an insurance policy it’s best to get an independent opinion."
"cet4","opponent","/ə'pəunənt | ə'pəʊnənt | ə'ponənt/","n. 对手","Graf’s opponent in today’s final will be Sukova."
"cet4","opportunity","/,ɔpə'tju:niti | ɒpə'tjuːnɪtɪ | ˌɑpɚˈtunɪti, -ˈtju-/","n. 机会，良机","There are fewer opportunities for new graduates this year."
"cet4","oppose","/ə'pəuz | ə'pəʊz | ə'poz/","v. 反对；反抗","Congress is continuing to oppose the President’s health care budget."
"cet4","opposite","/'ɔpəzit, -sit | ˈɔpəzɪt | ˈɑpəzɪt; ˈɑpəsɪt/","adj. 相反的","I thought the medicine would make him sleep, but it had the opposite effect."
"cet4","oppress","/ə'pres | ə'prɛs/","v. 压迫，压制；压抑","native tribes oppressed by the authorities"
"cet4","optical","/'ɔptikəl | 'ɒptɪk(ə)l | 'ɑptɪkl/","adj. 眼的；光学的","microscopes and other optical instruments"
"cet4","optimistic","/,ɔpti'mistik | ˌɒptɪˈmɪstɪk | ,ɑptɪ'mɪstɪk/","adj. 乐观的","Andrew took a more optimistic view."
"cet4","option","/'ɔpʃən | 'ɒpʃ(ə)n | 'ɑpʃən/","n. 选择","There are a number of options available."
"cet4","optional","/'ɔpʃənəl | 'ɒpʃ(ə)n(ə)l | 'ɑpʃənl/","adj. 可以任意选择的","three optional courses"
"cet4","or","/ɔ:, ə | ɔː | ɔr/","conj. 或，或者；即","Shall we go out to the cinema or stay at home?"
"cet4","oral","/'ɔ:rəl, 'ɔ- | 'ɔːr(ə)l | 'ɔrəl/","adj. 口头的；口的","oral history"
"cet4","orange","/'ɔrindʒ, 'ɔ:- | 'ɒrɪn(d)ʒ | 'ɔrɪndʒ/","n. 橙(树)；柑(树)","orange juice"
"cet4","orbit","/'ɔ:bit | 'ɔːbɪt | 'ɔrbɪt/","n. 运行轨道; v. 环绕","Mars and Earth have orbits which change with time."
"cet4","orchestra","","n. 管弦乐队","He directed an orchestra."
"cet4","order","/'ɔ:də | 'ɔːdə | 'ɔrdɚ/","n. 次序；整齐; v. 命令","There seemed to be no logical order to the sections."
"cet4","orderly","/'ɔ:dəli | 'ɔːd(ə)lɪ | 'ɔrdɚli/","adj. 整洁的；有秩序的","She needs to organize her ideas in a more orderly way."
"cet4","ordinary","/'ɔ:dinəri, -neri- | 'ɔːdɪn(ə)rɪ; -d(ə)n- | 'ɔrdnɛri/","adj. 平常的；平凡的","It’s just an ordinary camera."
"cet4","ore","/ɔ: | ɔː | ɔr/","n. 矿，矿石，矿砂","iron ore"
"cet4","organ","/'ɔ:ɡən | 'ɔrɡən/","n. 器官","the liver, heart, and other internal organs"
"cet4","organic","/ɔ:'ɡænik | ɔː'gænɪk | ɔr'gænɪk/","adj. 有机体的；器官的","Organic farming is better for the environment."
"cet4","organism","/'ɔ:ɡənizəm | 'ɔːg(ə)nɪz(ə)m | 'ɔrɡənɪzəm/","n. 生物体；有机体","All living organisms have to adapt to changes in environmental conditions."
"cet4","organization","/,ɔ:ɡənai'zeiʃən, -ni'z- | ˌɔːɡənaɪ'zeɪʃn | ,ɔrɡənə'zeʃən/","n. 组织；团体，机构","The public expect high standards from any large organization."
"cet4","organize","/'ɔ:ɡənaiz | ˈɔ:gənaɪz | ɔrɡənˌaɪz/","v. 组织，编组","The course was organized by a training company."
"cet4","oriental","/,ɔ:ri'entəl, ,əu- | ɔːrɪ'ent(ə)l; ɒr- | ,orɪ'ɛntəl/","adj. 东方的；东方国家的","a beautiful oriental rug"
"cet4","origin","/'ɔridʒin, 'ɔ:- | 'ɒrɪdʒɪn | 'ɔrɪdʒɪn/","n. 起源","The tradition has its origins in the Middle Ages."
"cet4","original","/ə'ridʒənəl | ə'ridʒənl | ə'rɪdʒənl/","adj. 原始的，最初的","The land was returned to its original owner."
"cet4","originate","/ə'ridʒəneit | ə'rɪdʒɪneɪt | əˈrɪdʒəˌnet/","v. 开始","How did the plan originate?"
"cet4","ornament","/'ɔ:nəmənt, 'ɔ:nəment | 'ɔːnəm(ə)nt | 'ɔrnəmənt/","n. 装饰物；装饰","a shelf covered with books and ornaments"
"cet4","orphan","/'ɔ:fən | 'ɔːf(ə)n | 'ɔrfn/","n. 孤儿","The war has left thousands of children as orphans."
"cet4","other","/'ʌðə | 'ʌðɚ/","adj. 另外的；其余的","They were just like any other young couple."
"cet4","otherwise","/'ʌðəwaɪz | 'ʌðɚwaɪz/","adv. 另外；要不然","You’ll have to go now, otherwise you’ll miss your bus."
"cet4","ought","/ɔːt | ɔt/","v. aux应当，应该","...You ought to try to reserve the “Super Saver” seats..."
"cet4","ounce","/auns | aʊns/","n. 盎司，英两","One ounce of almonds contains nearly half the recommended daily amount."
"cet4","our","/aʊə | aʊr/","pron. 我们的","They partook of our triumph."
"cet4","ours","/aʊəz | ɑrz/","pron. 我们的","I’ll show you to your room. Ours is next door."
"cet4","ourselves","/aʊə'selvz | ɑr'sɛlvz/","pron. 我们自己","We prepared ourselves for the long journey ahead."
"cet4","out","/aut | aʊt/","adv. 出，在外；现出来","She opened her suitcase and took out a pair of shoes."
"cet4","outcome","/'autkʌm | 'aʊtkʌm | 'aʊt'kʌm/","n. 结果","People who had heard the evidence at the trial were surprised at the outcome."
"cet4","outdoor","/'əutdɔ: | 'aʊtdɔː | 'aʊt'dɔr/","adj. 户外的，室外的","a huge outdoor market"
"cet4","outdoors","/'aut'dɔ:z | aʊt'dɔːz | 'aʊt'dɔrz/","adv. 在户外，在野外","It’s warm enough to eat outdoors tonight."
"cet4","outer","/'autə | 'aʊtə | 'aʊtɚ/","adj. 外部的，外面的","Remove the tough outer leaves before cooking."
"cet4","outgoing","/'aʊtgəʊɪŋ | 'aʊt'goɪŋ/","adj. 开朗的；外出的","We’re looking for someone with an outgoing personality."
"cet4","outlet","/'autlet, -lit | 'aʊtlet | 'aʊtlɛt/","n. 出口，出路；排遣","a waste water outlet"
"cet4","outline","/'autlain | 'aʊtlaɪn/","n. 梗概，提纲，草稿，要点","a research proposal outline"
"cet4","outlook","/'autluk, ,aut'luk | 'aʊtlʊk/","n. 观点，看法；展望","Exercise will improve your looks and your outlook."
"cet4","output","/'autput, ,aut'put | 'aʊtpʊt/","n. 产量；输出量；输出","Output is up 30% on last year."
"cet4","outset","/'autset | 'aʊtset | 'aʊtsɛt/","n. 开始，开端","It was clear from the outset that there were going to be problems."
"cet4","outside","/,aut'said, 'aut'said | aʊt'saɪd; 'aʊtsaɪd | ,aʊt'saɪd/","n. 外部；外表a外部的","...the outside of the building."
"cet4","outskirt","/'autskə:t | 'aʊtskɜːt | 'aʊt,skɝt/","n. 外边，郊区","Mianyang Nanjiao Airport is seated in southern outskirt of Minayang city proper, operating flights to Beijing, Shanghai and Guangzhou."
"cet4","outstanding","/,aut'stændiŋ | aʊt'stændɪŋ | 'aʊt'stændɪŋ/","adj. 突出的，杰出的","an outstanding example of a 13th-century castle"
"cet4","outward","/'autwəd | 'aʊtwəd | 'aʊtwɚd/","adj. 外面的；向外的","The economy and outward appearance of the area have changed considerably."
"cet4","outwards","/'autwədz | 'aʊtwədz | 'aʊtwɚdz/","adv. 向外，往海外","The door opens outwards."
"cet4","oval","/'əuvl | 'ovl/","adj. 椭圆形的; n. 椭圆形","...the small oval framed picture of a little boy."
"cet4","oven","/'ʌvən | 'ʌv(ə)n | 'ʌvn/","n. 炉，灶；烘箱","Preheat the oven to 200 degrees C."
"cet4","over","/'əuvə | 'əʊvə | 'ovɚ/","prep. 在…上方；超过","A lamp hung over the table."
"cet4","overall","/'əuvərɔ:l, ,əuvə'rɔ:l | 'əʊvərɔːl | ,ovə'rɔl/","n. 工装裤; adj. 全面的","The overall cost of the exhibition was £400,000."
"cet4","overcharge","/,əuvə'tʃɑ:dʒ, 'əuvətʃɑ:dʒ | ˌəʊvəˈtʃɑ:dʒ | ,ovɚ'tʃɑrdʒ/","v. 向……多收费","Rural medics get an average stipend of $65 a year, leading some to overcharge their patients."
"cet4","overcoat","/'əuvəkəut | 'əʊvəkəʊt | 'ovɚkot/","n. 外衣，大衣","I sprang 400 pounds for  her overcoat."
"cet4","overcome","/,əuvə'kʌm | ˌəʊvə'kʌm | ,ovɚ'kʌm/","v. 战胜，克服","He struggled to overcome his shyness."
"cet4","overestimate","/,əuvər'estimeit, -'estimət | ˌəʊvər'estɪmeɪt | ,ovər'ɛstɪmət/","v. 对（数量）估计过高","He tends to overestimate his own abilities."
"cet4","overflow","/,əuvə'fləu, 'əuvəfləu | ˌəʊvə'fləʊ | ,ovɚ'flo/","v. 溢出，淹没","The drains flooded and water overflowed down the main street."
"cet4","overhead","","adj. 在头顶上的；架空的","The fireworks cracked overhead."
"cet4","overload","/,əuvə'ləud, 'əuvələud | ˌəʊvə'ləʊd | ,ovɚ'lod/","n. 使负担太重","57 percent complained of work overload."
"cet4","overlook","/,əuvə'luk, 'əuvəluk | əʊvə'lʊk | ,ovɚ'lʊk/","v. 眺望；看漏；放任",""
"cet4","overnight","/,əuvə'nait, 'əuvənait | əʊvə'naɪt | 'ovənaɪt/","adv. 一夜；突然","He became a millionaire overnight."
"cet4","overseas","/'əuvə'si:z | əʊvə'siːz | ,ovɚ'siz/","adv. 海外; adj. 在海外的","Chris is going to work overseas."
"cet4","overstate","/,əuvə'steit | əʊvə'steɪt | ,ovɚ'stet/","v. 夸张，夸大","To say that all motorists speed in residential areas is overstating the case."
"cet4","overtake","/,əuvə'teik | ˌəʊvə'teɪk | ,ovɚ'tek/","v. 超车","He pulled out to overtake the van."
"cet4","overtime","/'əuvətaim, ,əuvə'taim | 'əʊvətaɪm | ,ovə'taɪm/","adj. 超时的，加班的","The firm wanted to chisel him out of his overtime pay."
"cet4","overweight","/'əuvəweit, 'əuvə'weit, ,əuvə'weit | ˌəʊvə'weɪt | 'ovə'wet/","v. 超重的","I wonder if this letter is overweight."
"cet4","overwhelm","/əʊvə'welm | ,ovɚ'wɛlm/","v. 压倒，战胜","But the various pros and cons should not blindly overwhelm one another."
"cet4","overwhelming","/,əuvə'hwelmiŋ | ˌəʊvəˈwelmɪŋ | ,ovɚ'wɛlmɪŋ/","adj. 压倒性的","There is overwhelming evidence that smoking damages your health."
"cet4","owe","/əu | əʊ | o/","v. 欠；应把…归功于","How much do I owe you (= often used to show that you want to pay for something )?"
"cet4","owing","/'əuɪŋ | 'oɪŋ/","adj. 应付的， 未付的","You need to pay the amount owing, plus the interest."
"cet4","owl","/aul | aʊl/","n. 猫头鹰，枭","Some of the more extreme contacts give you ""cat eyes"" or how about ""owl eyes""?"
"cet4","own","/əun | əʊn | on/","adj. 自己的; v. 有，拥有","Bring your own equipment."
"cet4","owner","/'əunə | 'əʊnə | 'onɚ/","n. 物主，所有人","He was now the proud owner of a bright red sports car."
"cet4","ownership","/'əunəʃip | 'əʊnəʃɪp | 'onɚʃɪp/","n. 所有(权)，所有制","The price of home ownership is increasing."
"cet4","ox","/ɔks | ɒks | ɑks/","n. 牛；公牛，阉牛",""
"cet4","oxygen","/'ɒksɪdʒən | 'ɑksɪdʒən/","n. 氧， 氧气","The human brain needs to be without oxygen for only four minutes before permanent damage occurs."
"cet4","pace","/peɪs | pes/","n. 步，步速; v. 踱步","He quickened his pace , longing to be home."
"cet4","pacific","/pə'sɪfɪk/","adj. 和平的; n. 太平洋","a normally pacific community"
"cet4","pack","/pæk/","v. 捆扎；挤满; n. 包","Hundreds of people packed into the mosque."
"cet4","package","/'pækidʒ | 'pækɪdʒ/","n. 包裹，包，捆","There’s a package here for a Miami Lakes address."
"cet4","packet","/'pækit | 'pækɪt/","n. 小包(裹)，小捆","Paul tore open the packet as soon as it arrived."
"cet4","pad","/[pæd] | pæd/","n. 垫；本子; v. 填塞","Use an abrasive pad for stubborn stains."
"cet4","page","/peidʒ | peɪdʒ/","n. 页","The full address is given on page 15."
"cet4","pain","/pein | peɪn | pen/","n. 痛，疼痛；辛苦","The pain is getting worse."
"cet4","painful","/'peinfl | 'penfl/","adj. 痛苦的，疼痛的，令人不快的","stiff painful joints"
"cet4","paint","/peɪnt/","v. 画；油漆; v. 绘画","The ceiling needs painting."
"cet4","painter","/'peintə | 'peɪntə | 'pentɚ/","n. 漆工，画家，绘画者","Gerry’s ambition was to become a portrait painter."
"cet4","painting","/'peintiŋ | 'peɪntɪŋ | 'pentɪŋ/","n. 油画；绘画；着色","a collection of valuable paintings"
"cet4","pair","/pεə | peə | pɛr/","n. 一对; v. 成对，配对","earrings, £5 a pair"
"cet4","palace","/'pælis | 'pælɪs/","n. 宫，宫殿","Buckingham Palace"
"cet4","pale","","adj. 苍白的；浅的","Why do your face look like so pale?What wrong with you?"
"cet4","palm","/pɑ:m | pɑːm | pɑm/","n. 手掌，手心；掌状物","He held the pebble in the palm of his hand ."
"cet4","pan","/pæn/","n. 平底锅，盘子","a frying pan"
"cet4","panel","/'pænl | 'pæn(ə)l/","n. 专门小组；面，板","He assembled a panel of scholars to advise him."
"cet4","panic","/'pænik | 'pænɪk/","adj. 恐慌的","Her face distorted in panic."
"cet4","pants","/pænts/","n. 长裤， 便裤； 内裤","She was wearing dark blue pants and a white sweater."
"cet4","paper","/'peipə | 'peɪpə | 'pepɚ/","n. 纸；官方文件；文章","I’ll get you a piece of paper so you can write the number down."
"cet4","parade","/pə'reid | pə'reɪd | pə'red/","n. 游行；检阅; v. 游行","a victory parade"
"cet4","paradox","/'pærədɔks | ˈpærədɒks | 'pærədɑks/","n. 悖论，自相矛盾","It’s a paradox that in such a rich country there can be so much poverty."
"cet4","paragraph","/'pærəɡrɑ:f, -ɡræf | 'pærəgrɑːf | 'pærəɡræf/","n. (文章的)段，节","the opening paragraphs of the novel"
"cet4","parallel","/'pærəlel | 'pærəlɛl/","adj. 平行的；相同的","Lines AB and CD are parallel. AB"
"cet4","parcel","/'pɑ:sl | 'pɑːs(ə)l | 'pɑrsl/","n. 包裹，小包，邮包","The parcel was delivered last week."
"cet4","pardon","/'pɑ:dn | ˈpɑːdn | 'pɑrdn/","n. 原谅；赦免; v. 原谅","Walter begged her pardon for all the pain he had caused her."
"cet4","parent","/'pεərənt | 'peər(ə)nt | 'pɛrənt/","n. 父亲，母亲，双亲","Children under 14 should be accompanied by a parent."
"cet4","park","/pɑ:k | pɑːk | pɑrk/","n. 公园；停车场","Let’s go for a walk in the park."
"cet4","parliament","/'pɑ:ləmənt | 'pɑːləm(ə)nt | 'pɑrləmənt/","n. 议会，国会","They demanded a free parliament and press."
"cet4","part","/pɑːt | pɑrt/","n. 一部分；零件；本份","For part of the day, you will be outside doing practical work."
"cet4","partial","/'pɑ:ʃəl | 'pɑːʃ(ə)l | 'pɑrʃəl/","adj. 部分的；不公平的","The exhibition was only a partial success."
"cet4","participate","/pɑ:'tɪsɪpeɪt | pɑr'tɪsə'pet/","v. 参与，参加","Some members refused to participate."
"cet4","particle","/'pɑ:tikl | 'pɑːtɪk(ə)l | 'pɑrtɪkl/","n. 微粒","dust particles"
"cet4","particular","/pə'tikjulə | pəˈtɪkjələ(r) | pɚ'tɪkjəlɚ/","adj. 特别的，挑剔的","In this particular case, no one else was involved."
"cet4","particularly","/pə'tikjuləli | pə'tɪkjʊləlɪ | pɚ'tɪkjəlɚli/","adv. 特别，尤其，格外","Steve was in a particularly bad mood when he got back."
"cet4","partly","/'pɑ:tli | 'pɑːtlɪ | 'pɑrtli/","adv. 部分地，不完全地","The poor weather was partly responsible for the crash."
"cet4","partner","/'pɑ:tnə | 'pɑːtnə | 'pɑrtnɚ/","n. 伙伴；搭挡；配偶","Discuss your worries with your partner."
"cet4","party","/'pɑːtɪ | 'pɑrti/","n. 党，党派；聚会","We’re having a small party this evening to celebrate our wedding anniversary."
"cet4","pass","/pɑ:s, pæs | pɑːs | pæs/","v. 经过；通过；度过","The crowd parted to let the truck pass."
"cet4","passage","/ˈpæsɪdʒ | 'pæsɪdʒ/","n. 通过；通路，通道","My office is just along the passage."
"cet4","passenger","/'pæsindʒə | 'pæsɪndʒə | 'pæsɪndʒɚ/","n. 乘客，旅客，过路人","Neither the driver nor the passengers were hurt."
"cet4","passion","/'pæʃən | 'pæʃ(ə)n/","n. 热情，激情","The issue arouses strong passions ."
"cet4","passionate","/'pæʃənit | ˈpæʃənət | 'pæʃənət/","adj. 热情的","He had a brief but passionate love affair with an older woman."
"cet4","passive","/'pæsiv | ˈpæsɪv | 'pæsɪv/","adj. 被动的","Kathy seems to take a very passive role in the relationship."
"cet4","passively","/'pæsivli/","adv. 消极地",""
"cet4","passport","/'pɑ:spɔ:t, 'pæs- | 'pɑːspɔːt | 'pæspɔrt/","n. 护照","I have an Irish passport."
"cet4","past","/pɑ:st, pæst | pɑːst | pæst/","adj. 过去的; n. 过去","Judging by her past performance, Jane should do very well."
"cet4","paste","/peist | peɪst | pest/","n. 糊，酱；浆湖","Mix the powder with enough water to make a smooth paste."
"cet4","pat","/pæt/","n&vt&n. 轻拍","He patted the dog affectionately."
"cet4","patch","/pætʃ/","n. 补钉；碎片; v. 补缀","a jacket with leather patches at the elbows"
"cet4","path","/pɑ:θ, pæθ | pɑːθ | pæθ/","n. 路，小道；道路","I walked nervously up the garden path towards the front door."
"cet4","patience","/'peiʃəns | 'peɪʃ(ə)ns | 'peʃns/","n. 忍耐，容忍，耐心","He doesn't have the patience to wait."
"cet4","patient","/'peɪʃ(ə)nt | 'peʃnt/","adj. 忍耐的; n. 病人","You’ll just have to be patient and wait till I’m off the phone."
"cet4","patiently","/'peiʃəntli | 'peɪʃntlɪ | 'peʃəntli/","adv. 耐心地","The teacher told him to weigh this matter patiently."
"cet4","pattern","/'pætən | 'pætn | 'pætɚn/","n. 模式","Weather patterns have changed in recent years."
"cet4","pause","/pɔ:z | pɔːz | pɔz/","n&vi. 中止，暂停","There was a pause while Alice changed the tape."
"cet4","paw","","n. 脚爪，爪子","This month alone, my wife and I spent $600 on one Labrador retriever with a bladder infection who needed some kidney tests and $300 on the other one for an injured paw."
"cet4","pay","/peɪ | pe/","v. 支付；付给；给予","How would you like to pay?"
"cet4","payment","/'peimənt | 'peɪm(ə)nt | 'pemənt/","n. 支付，支付的款项","You can make a payment in any bank."
"cet4","pea","/pi: | piː | pi/","n. 豌豆；豌豆属植物","roast chicken with peas and carrots"
"cet4","peace","/pi:s | piːs | pis/","n. 和平；和睦；平静","The country is at peace with its neighbours for the first time in years."
"cet4","peaceful","/'pi:sful | ˈpi:sfl | 'pisfəl/","adj. 平静的，和平的","We had a peaceful afternoon without the children."
"cet4","peach","/pi:tʃ | piːtʃ | pitʃ/","n. 桃子，桃树","Those boys rifled the peach trees in our garden."
"cet4","peak","/pi:k | piːk | pik/","n. 山顶，巅; adj. 最高的","snow-capped mountain peaks"
"cet4","pear","/pεə | peə | pɛr/","n. 梨子，梨树","I took this apple for a pear until I tasted it."
"cet4","peasant","/'pezənt | 'pez(ə)nt | 'pɛznt/","n. 农民","Most villagers are peasant farmers."
"cet4","peculiar","/pi'kju:ljə | pɪ'kjuːlɪə | pɪ'kjulɪɚ/","adj. 特有的；特别的","He’s been a little peculiar lately."
"cet4","peer","/pɪə | pɪr/","n. 同龄人","American children did less well in math than their peers in Japan."
"cet4","pen","/pen | pɛn/","n. 钢笔，自来水笔","a ballpoint pen"
"cet4","penalty","/'penəlti | 'pen(ə)ltɪ | 'pɛnəlti/","n. 惩罚","No littering. Penalty $500."
"cet4","pencil","/'pensəl | 'pens(ə)l; -sɪl | 'pɛnsl/","n. 铅笔","a sharp pencil"
"cet4","penetrate","","vt. 穿过; vi. 穿入","bullets that penetrate thick armour plating"
"cet4","penny","/'peni | 'penɪ | 'pɛni/","n. (英)便士；(美)分","Unleaded petrol rose more than a penny a gallon."
"cet4","pension","/'penʃən | 'penʃ(ə)n | 'pɛnʃən/","n. 养老金","At what age can you start drawing your pension ?"
"cet4","people","/'pi:pl | 'piːp(ə)l | 'pipl/","n. 人民，民族；人","How many people were at the meeting?"
"cet4","pepper","/'pepə | 'pɛpɚ/","n. 胡椒，胡椒粉; vt. 在…上撒； 使布满","salt and pepper"
"cet4","per","/pɜː | pɚ/","prep. 每","The park attracts four million visitors per year."
"cet4","perceive","/pə'si:v | pɚ'siv/","v. 察觉","That morning, he perceived a change in Franca’s mood."
"cet4","percent","/pə'sent | pɚ'sɛnt/","n. 百分之…","At the end of the day, add up the percent DVs."
"cet4","percentage","/pə'sentidʒ | pə'sentɪdʒ | pɚ'sɛntɪdʒ/","n. 百分比，百分率","Interest rates fell by six percentage points (= 6% ) ."
"cet4","perception","/pə'sepʃən | pəˈsepʃn | pɚ'sɛpʃən/","n. 感知","And when they do, what do you think their perception will be?"
"cet4","perfect","/'pə:fikt, pə'fekt | ˈpəːfɪkt; (for v.) pəˈfekt | ˈpɝfɪkt; (for v.) pɝˈfɛkt/","adj. 完美的；完全的","His English was perfect."
"cet4","perform","/pə'fɔ:m | pə'fɔːm | pɚ'fɔrm/","v. 履行，执行；演出","Chenier and the band are performing at the Silver Palace tomorrow."
"cet4","performance","/pə'fɔ:məns | pɚ'fɔrməns/","n. 演出，履行，表现","This evening’s performance will begin at 8.00 pm."
"cet4","perhaps","/pə'hæps | pɚ'hæps/","adv. 也许，可能，多半","Perhaps she’s next door."
"cet4","period","/'pɪərɪəd | 'pɪrɪəd/","n. 时期；学时；句号","Tomorrow’s weather will be dry with sunny periods."
"cet4","permanent","/'pɜːm(ə)nənt | 'pɝmənənt/","adj. 永久的","He gave up a permanent job in order to freelance."
"cet4","permission","/pə'miʃən | pə'mɪʃ(ə)n | pɚ'mɪʃən/","n. 允许，许可，同意","He asked permission to leave the room."
"cet4","permit","/pə'mit | pə'mɪt | pɚ'mɪt/","v. 允许; n. 执照","Smoking is only permitted in the public lounge."
"cet4","persist","/pə'sist, -'zist | pə'sɪst | pɚ'sɪst/","v. 坚持，固执；持续","‘I don’t think it’s right,’ John persisted."
"cet4","persistence","/pə'sɪstəns | pɚ'sɪstəns/","n. 坚持不懈","Her persistence paid off when she was offered the job of manager."
"cet4","persistent","/pə'sistənt, -'zis- | pəˈsɪstənt | pə'zɪstənt/","adj. 持续的，坚持的","persistent rumours"
"cet4","person","/'pə:sən | 'pɜːs(ə)n | 'pɝsn/","n. 人；人身；本人","He was a very nice person, always pleasant and friendly."
"cet4","personal","/'pə:sənl | 'pɜːs(ə)n(ə)l | 'pɝsənl/","adj. 个人的；本人的","My personal view is that we shouldn’t offer him the job."
"cet4","personality","/,pə:sə'næləti | ˌpɜ:səˈnæləti | ,pɝsə'næləti/","n. 个性，性格","Despite their different personalities, they became the best of friends."
"cet4","personnel","/,pə:sə'nel | pɜːsə'nel | ,pɝsə'nɛl/","n. 全体人员，全体职员","All personnel are to receive security badges."
"cet4","perspective","/pə'spektiv | pɚ'spɛktɪv/","n. 视角，观点；远景","the artist’s use of perspective"
"cet4","persuade","/pə'sweid | pə'sweɪd | pɚ'swed/","v. 说服","He was fairly easily persuaded ."
"cet4","persuasion","/pə'sweiʒən | pə'sweɪʒn | pɚ'sweʒn/","n. 劝说","After a little gentle persuasion , Debbie agreed to let us in."
"cet4","persuasive","/pə'sweɪsɪv | pɚ'swesɪv/","adj. 劝诱的； 有说服力的","Trevor can be very persuasive."
"cet4","pessimistic","/,pesi'mistik | ,pesɪ'mɪstɪk | ,pɛsɪ'mɪstɪk/","adj. 悲观的；厌世的","a pessimistic view of life"
"cet4","pet","/pet | pɛt/","n. 爱畜；宠儿a宠爱的","They have two pets – a cat and a dog."
"cet4","petrol","/'petrəl | 'petr(ə)l | 'pɛtrəl/","n. (英)汽油","unleaded petrol"
"cet4","petroleum","/pi'trəuliəm, pə- | pə'trəʊlɪəm | pə'trolɪəm/","n. 石油","petroleum-based products"
"cet4","phase","/feɪz | fez/","n. 阶段；方面；相位","a new drug that is in the experimental phase"
"cet4","phenomenon","/fi'nɔminən, fə- | fəˈnɒmɪnən | fə'nɑmɪnən/","n. 现象","Homelessness is not a new phenomenon ."
"cet4","philosopher","/fi'lɔsəfə, fə- | fɪ'lɒsəfə | fə'lɑsəfɚ/","n. 哲学家","Plato, Aristotle, and other Greek philosophers"
"cet4","philosophy","/fi'lɔsəfi, fə- | fɪ'lɒsəfɪ | fə'lɑsəfi/","n. 哲学；哲理；人生观","Emma studies philosophy at university."
"cet4","phone","/fəun | fəʊn | fon/","n. 电话，电话机；耳机","Much of his work is done by phone ."
"cet4","photo","/'fəutəu | 'fəʊtəʊ | 'foto/","n. 照片，相片","Can you take a photo of me and Rachel?"
"cet4","photograph","/'fəutəɡrɑ:f, -ɡræf | 'fəʊtəgrɑːf | 'fotəɡræf/","n. 照片，相片","a colour photograph"
"cet4","phrase","/freiz | freɪz | frez/","n. 短语；习惯用语","Who first used the phrase ‘survival of the fittest’?"
"cet4","physical","/ˈfɪzɪkl | 'fɪzɪkl/","adj. 身体上的","She was in constant physical pain."
"cet4","physician","/fi'ziʃən | fɪ'zɪʃ(ə)n | fɪ'zɪʃən/","n. 医生，内科医生","...your family physician."
"cet4","physicist","/'fizisist | 'fɪzɪsɪst/","n. 物理学家","...a nuclear physicist."
"cet4","physics","/'fiziks | 'fɪzɪks/","n. 物理，物理学","...the laws of physics."
"cet4","piano","/pi'ænəu, pi'ɑ:- | pɪ'ænəʊ | pɪ'æno/","n. 钢琴","Jean accompanied her on the piano ."
"cet4","pick","/pik | pɪk/","n. 镐，鹤嘴锄","...You can pick up your suit after five o'clock..."
"cet4","picky","/'piki | ˈpɪki | 'pɪki/","adj. 挑剔的","He’s a very picky eater ."
"cet4","picnic","/'piknik | 'pɪknɪk/","n. 郊游，野餐; v. 野餐","We decided to have a picnic down by the lake."
"cet4","picture","/'piktʃə | 'pɪktʃə | 'pɪktʃɚ/","n. 画，图片; v. 画","The room had several pictures on the walls."
"cet4","pie","/pai | paɪ/","n. (西点)馅饼","I had a steak and kidney pie with chips."
"cet4","piece","/pi:s | piːs | pis/","n. 碎片，块; v. 拼合","Cut off a piece of wood 5 cm in length."
"cet4","pierce","/piəs | pɪəs | pɪrs/","v. 剌穿; v. 穿入","Steam the corn until it can easily be pierced with a fork."
"cet4","pig","/pɪg | pɪɡ/","n. 猪，小猪，野猪","He kept pigs and poultry."
"cet4","pigeon","/'pidʒin | 'pɪdʒɪn; 'pɪdʒ(ə)n | 'pɪdʒɪn/","n. 鸽子","Many journalists here choose to pigeon all but the most innocuous of stories."
"cet4","pile","/pail | paɪl/","n. 堆; v. 堆叠，累积","He balanced the plate on the top of a pile of books."
"cet4","pill","/pil | pɪl/","n. 药丸，丸剂","He has to take pills to control his blood pressure."
"cet4","pillar","/'pilə | 'pɪlə | 'pɪlɚ/","n. 柱，柱子；栋梁","Mr Fitzwilliam had been seen as a pillar of the community."
"cet4","pillow","/'piləu | 'pɪləʊ | 'pɪlo/","n. 枕头","I’ll be asleep as soon as my head hits the pillow."
"cet4","pilot","/'pailət | 'paɪlət/","n. 领航员；飞行员","an airline pilot"
"cet4","pin","/pɪn/","n. 针，饰针; n. 别住","...necklaces, bracelets, and pins."
"cet4","pinch","/pintʃ | pɪn(t)ʃ | pɪntʃ/","v. 捏，拧，掐掉","We have to stop her pinching her baby brother."
"cet4","pine","/pain | paɪn/","n. 松树，松木","an ancient pine forest"
"cet4","pink","/piŋk | pɪŋk/","n. 粉红色; adj. 粉红色的","Her room was decorated in bright pinks and purples."
"cet4","pint","/paint | paɪnt/","n. 品脱","He’s gone down the pub for a quick pint."
"cet4","pioneer","/,paiə'niə | ˌpaɪə'nɪə(r) | ,paɪə'nɪr/","v. 开拓，开发","The new cancer treatment was pioneered in the early eighties by Dr Sylvia Bannerjee."
"cet4","pipe","/paip | paɪp/","n. 管子，导管；烟斗","a water pipe"
"cet4","pit","/pit | pɪt/","n. 坑，地坑；煤矿","Dad first went down the pit (= worked in a coal mine ) when he was 15 years old."
"cet4","pitch","/pɪtʃ/","n. 沥青","The night was as black as pitch (= very dark ) ."
"cet4","pity","/'piti | 'pɪtɪ | 'pɪti/","n. 怜悯；遗憾; v. 同情","It’s a great pity Joyce wasn’t invited."
"cet4","place","/pleis | pleɪs | ples/","n. 地方，地点；住所","Make sure you keep the key in a safe place."
"cet4","plague","/pleiɡ | pleɪg | pleɡ/","v. 使困扰","Financial problems continued to plague the company."
"cet4","plain","/plein | pleɪn | plen/","n. 平原; adj. 清楚的","The grassy plain gave way to an extensive swamp."
"cet4","plan","/plæn/","n&vt. 计划，打算","His plan is to get a degree in economics and then work abroad for a year."
"cet4","plane","/plein | pleɪn | plen/","n. 平面；飞机","It is a big airline with a large fleet of planes."
"cet4","planet","/'plænit | 'plænɪt/","n. 行星","The picture shows six of the nine planets in the solar system."
"cet4","plant","/plɑ:nt, plænt | plɑːnt | plænt/","n. 工厂","a huge chemical plant"
"cet4","plantation","/plæn'teiʃən | plæn'teɪʃ(ə)n; plɑːn- | plæn'teʃən/","n. 种植园；栽植","a rubber plantation"
"cet4","plastic","/'plæstik,'plɑ:s- | 'plæstɪk/","adj. 塑料的","a plastic spoon"
"cet4","plate","/pleit | pleɪt/","n. 板，片，盘; v. 电镀","Anita pushed her plate away; she had eaten virtually nothing."
"cet4","platform","/'plætfɔ:m | 'plætfɔːm | 'plæt'fɔrm/","n. 平台；站台；讲台","The Edinburgh train will depart from platform six."
"cet4","play","/plei | pleɪ | ple/","v. 玩，游戏；演奏","Kids were playing and chasing each other."
"cet4","player","/'pleɪə | 'pleɚ/","n. 游戏的人；比赛者","a guitar player"
"cet4","playground","/'pleɪgraʊnd | 'ple'graʊnd/","n. 操场，运动场","children shouting and running in the playground"
"cet4","pleasant","/'plezənt | 'plez(ə)nt | 'plɛznt/","adj. 令人愉快的，舒适的","It had been a pleasant evening."
"cet4","please","/pli:z | pliːz | pliz/","v. 使高兴，请vi满意","a business that wants to please its customers"
"cet4","pleasure","/'pleʒə, 'plei- | 'pleʒə | ˈplɛʒɚ/","n. 愉快，快乐；乐事","the simple pleasures of life"
"cet4","pledge","/pledʒ | plɛdʒ/","n. 保证，誓言","The meeting ended with a pledge to step up cooperation between the six states of the region."
"cet4","plentiful","/'plentɪfʊl; -f(ə)l | 'plɛntɪfəl/","adj. 丰富的，富裕的","a plentiful supply of food"
"cet4","plenty","/'plenti | 'plentɪ | 'plɛnti/","n. 丰富，充足，大量","a land of plenty"
"cet4","plot","/plɔt | plɒt | plɑt/","n. 小块土地; v. 密谋","a two-acre plot of land"
"cet4","plough","/plau | plaʊ/","n. 犁; vt&vi. 犁，耕","There are new tractors and new ploughs in the machinery lot."
"cet4","plug","/plʌɡ | plʌg/","n. 塞子；插头; v. 塞","the bath plug"
"cet4","plunge","/plʌn(d)ʒ | plʌndʒ/","v. 使投入；使陷入","The government's political and economic reforms threaten to plunge the country into chaos."
"cet4","plural","/'pluərəl | 'plʊər(ə)l | 'plʊrəl/","adj. 复数的; n. 复数","""Data"" is the Latin plural form of ""datum."""
"cet4","pluralism","/'pluərəlɪzəm | 'plʊər(ə)lɪz(ə)m/","n. 多重性； 兼职， 兼任","a nation characterized by cultural pluralism"
"cet4","plus","/plʌs/","prep. 加，加上; adj. 正的","Three plus six equals nine (3+6=9)."
"cet4","pocket","/'pɔkit | 'pɒkɪt | 'pɑkɪt/","n. 衣袋; n. 袖珍的","Luke came in with his hands in his pockets."
"cet4","poem","/'pəuim | 'pəʊɪm | 'poəm/","n. 诗，韵文，诗体文","...a book of love poems."
"cet4","poet","/'pəuit | 'pəʊɪt | 'poət/","n. 诗人","He was a painter and poet."
"cet4","poetry","/'pəuitri | 'pəʊɪtrɪ | 'poətri/","n. 诗，诗歌，诗作","He reads a lot of poetry."
"cet4","point","/pɔint | pɒɪnt | pɔɪnt/","n. 点；要点；细目；分","That’s a very interesting point."
"cet4","pointless","/'pɔintlis | 'pɒɪntlɪs | 'pɔɪntləs/","adj. 无意义的","Life just seemed pointless to me."
"cet4","poison","/'pɔizən | 'pɔɪzn/","v. 使中毒","The rumours that she had poisoned him could never be proved."
"cet4","poisonous","/'pɔizənəs | 'pɒɪzənəs | 'pɔɪzənəs/","adj. 有毒的，有害的","Some mushrooms are extremely poisonous."
"cet4","pole","/pəul | pəʊl | pol/","n. 杆，柱","a telephone pole"
"cet4","police","/pə'li:s | pə'liːs | pə'lis/","n. 警察；警察当局","Police surrounded the courthouse."
"cet4","policeman","/pə'li:smən | pə'liːsmən | pə'lismən/","n. 警察","He tried to corrupt the policeman with money."
"cet4","policy","/'pɔlisi | 'pɒləsɪ | 'pɑləsi/","n. 政策，方针","...plans that include changes in foreign policy and economic reforms."
"cet4","polish","/'pɒlɪʃ | 'pɑlɪʃ/","v. 磨光；使优美","They just need to polish their technique."
"cet4","polite","/pə'lait | pə'laɪt/","adj. 有礼貌的；有教养的","She’s always very polite."
"cet4","political","/pə'litikəl | pə'lɪtɪk(ə)l | pə'lɪtɪkl/","adj. 政治的，政治上的","All other political parties there have been completely banned."
"cet4","politician","/,pɔli'tiʃən | pɒlɪ'tɪʃ(ə)n | ,pɑlə'tɪʃən/","n. 政治家；政客","politicians who are trying to get the minority vote"
"cet4","politics","/'pɔlitiks | 'pɒlɪtɪks | 'pɑlətɪks/","n. 政治，政治学；政纲","a good understanding of politics in China"
"cet4","poll","/pəul | pəʊl | pol/","n. 民意调查","A recent poll found that 80% of Californians support the governor."
"cet4","pollute","/pə'lut | pə'luːt/","v. 弄脏，污染，沾污","beaches polluted by raw sewage"
"cet4","pollution","/pə:'lju:ʃən | pə'luːʃ(ə)n | pə'luʃən/","n. 污染","California’s tough anti-pollution laws"
"cet4","pond","/pɔnd | pɒnd | pɑnd/","n. 池塘","The path descends to  the pond."
"cet4","pool","/pu:l | puːl | pul/","n. 水塘，游泳池，水池","They have a nice pool in their backyard."
"cet4","poor","/puə, pɔ: | pɔː; pʊə | pʊr/","adj. 贫穷的；贫乏的","Her family were so poor they couldn’t afford to buy her new clothes."
"cet4","pop","/pɒp | pɑp/","v. 突然出现，跳出","The lid popped open and juice spilled all over the floor."
"cet4","popular","/'pɔpjulə | 'pɒpjʊlə | 'pɑpjəlɚ/","adj. 民众的；流行的","Hilary was popular at school."
"cet4","popularity","/ˌpɒpju'lærəti | ,pɑpju'lærəti/","n. 普及， 流行； 声望","The president’s popularity has declined considerably."
"cet4","popularize","/'pɒpjələraɪz | 'pɑpjələraɪz/","vt. 普及","Skinner was the psychologist who popularized behavior modification."
"cet4","population","/,pɔpju'leiʃən | pɒpjʊ'leɪʃ(ə)n | ,pɑpju'leʃən/","n. 人口；全体居民","Nearly 70 percent of the population still live in the countryside."
"cet4","pork","/pɔ:k | pɔːk | pɔrk/","n. 猪肉","pork chops"
"cet4","port","/pɔ:t, pəut | pɔːt | pɔrt/","n. 港，港口","Britain’s largest port"
"cet4","portable","/'pɔ:təbl, 'pəu- | 'pɔːtəb(ə)l | 'pɔrtəbl/","adj. 轻便的；手提的","a portable radio"
"cet4","porter","/'pɔ:tə, 'pəu- | 'pɔ:tə(r) | 'pɔrtɚ/","n. 搬运工","Our taxi pulled up at Old Delhi station and a porter sprinted to the door."
"cet4","portion","/'pɔ:ʃən, 'pəu- | 'pɔːʃ(ə)n | 'pɔrʃən/","n. 一部分；一分","Do you have any children’s portions?"
"cet4","portrait","/'pɔ:trit, -treit, 'pəu- | 'pɔːtrɪt | 'pɔrtrɪt/","n. 消像，画像","a family portrait"
"cet4","pose","/pəuz | poz/","v. 摆姿势，装腔作势; n. 姿势","Ann struck a pose (= stood or sat in a particular position ) and smiled for the camera."
"cet4","position","/pə'ziʃən | pəˈzɪʃn | pə'zɪʃən/","n. 职位","Our hotel was in a superb central position near St Mark’s Square."
"cet4","positive","/'pɔzətiv, -zi- | 'pɒzɪtɪv | 'pɑzətɪv/","adj. 确定的；积极的","the power of positive thinking"
"cet4","possess","/pə'zes | pə'zɛs/","v. 占用，拥有(财产)","Different workers possess different skills."
"cet4","possession","/pə'zeʃən | pə'zeʃ(ə)n | pə'zɛʃən/","n. 有，所有；占有物","That information is not in our possession."
"cet4","possibility","/,pɔsə'biləti | ,pɒsɪ'bɪlɪtɪ | ,pɑsə'bɪləti/","n. 可能；可能的事","There’s always a possibility that he might go back to Seattle."
"cet4","possible","/'pɔsəbl | 'pɒsɪb(ə)l | 'pɑsəbl/","adj. 可能的；可能存在的","Is it possible toget tickets for the game?"
"cet4","possibly","/'pɔsəbli | 'pɒsɪblɪ | 'pɑsəbli/","adv. 可能地；也许","This last task is possibly the most difficult."
"cet4","post","/pəust | pəʊst | post/","n. 柱，桩，杆; v. 贴出","a fence post"
"cet4","postage","/'pəustidʒ | 'pəʊstɪdʒ | 'postɪdʒ/","n. 邮费，邮资","How much is the postage for a postcard?"
"cet4","postgraduate","/pəust'ɡrædjuəit, -eit | ˌpəʊstˈgrædʒuət | post'ɡrædjet/","n. 研究生","""Given the level of competition in law, I definitely think that my postgraduate degree helped to distinguish me from the crowd, "" he says."
"cet4","postman","/'pəustmən | 'pəʊs(t)mən | 'postmən/","n. 邮递员","That postman is in charge of this route."
"cet4","postpone","/pəust'pəun, pə'sp- | pəʊs(t)'pəʊn; pə'spəʊn | po'spon/","v. 延迟，推迟，延缓","The match had to be postponed until next week."
"cet4","pot","/pɔt | pɒt | pɑt/","n. 锅，壶，罐，盆","herbs growing in pots"
"cet4","potato","/pə'teitəu | pə'teɪtəʊ | pə'teto/","n. 马铃薯，土豆","Marie stood at the sink, peeling potatoes (= cutting off the skin ) ."
"cet4","potential","/pəu'tenʃəl | pə'tenʃəl | pə'tɛnʃl/","n. 潜力; adj. 有可能的；潜在的","The boy has great potential."
"cet4","pound","/paund | paʊnd/","n. 磅；英磅","Moira weighs about 130 pounds ."
"cet4","pour","/pɔ: | pɔː | pɔr/","v. 灌，倒; v. 倾泻","She poured coffee for everyone."
"cet4","poverty","/'pɔvəti | 'pɒvətɪ | 'pɑvɚti/","n. 贫穷，贫困","Millions of elderly people live in poverty ."
"cet4","powder","/'paudə | 'paʊdə | 'paʊdɚ/","n. 粉末；药粉；火药","curry powder"
"cet4","power","/'paʊə | 'paʊɚ/","n. 能力；力；权；幂","They seized power in a military coup."
"cet4","powerful","/'pauəful | 'paʊəfʊl; -f(ə)l | 'paʊɚfl/","adj. 强有力的；有权威的","He was one of the most powerful men in Bohemia."
"cet4","practical","/'præktikəl | 'præktɪk(ə)l | 'præktɪkl/","adj. 实践的；实用的","Candidates should have training and practical experience in basic electronics."
"cet4","practically","/'præktikəli | 'præktɪk(ə)lɪ | 'præktɪkli/","adv. 实际上；几乎","I’ve read practically all of his books."
"cet4","practice","/'præktis | 'præktɪs/","n. 实践；练习；业务","It takes hours of practice to learn to play the guitar."
"cet4","practise","/'præktis | 'præktɪs/","v. 练习，实习，训练","They moved the furniture back to practise their dance routine."
"cet4","praise","/preiz | preɪz | prez/","v. 赞扬，赞美","Jane was praised by her teacher."
"cet4","pray","/prei | preɪ | pre/","vt&vi. 请求；祈祷","They went to the mosque to pray."
"cet4","prayer","/preə | prɛr/","n. 祷告， 祈祷； 祷文； 祈求， 祈望","Our thoughts and prayers are with you at this difficult time."
"cet4","precaution","/pri'kɔ:ʃən | prɪ'kɔːʃ(ə)n | prɪ'kɔʃən/","n. 预防；警惕","Fire precautions were neglected."
"cet4","preceding","/pri'si:diŋ, 'pri:- | prɪ'siːdɪŋ | 'prisidɪŋ/","adj. 在前的；在先的","As we saw in the preceding chapter, groups can be powerful agents of socialization."
"cet4","precious","/'preʃəs | 'prɛʃəs/","adj. 珍贵的，宝贵的","planes delivering precious supplies of medicine and food"
"cet4","precise","/pri'sais | prɪ'saɪs/","adj. 精确的，准确的","precise sales figures"
"cet4","precision","/pri'siʒən | prɪ'sɪʒ(ə)n | prɪ'sɪʒn/","n. 精确，精密，精密度",""
"cet4","predict","/pri'dikt | prɪ'dɪkt/","v. 预言，预测，预告","Sales were five percent lower than predicted."
"cet4","predictable","/prɪ'dɪktəbl/","adj. 可预料的","The snow had a predictable effect on traffic."
"cet4","preface","/'prefis | 'prefəs | 'prɛfəs/","n. 序言，前言，引语","...the preface to Kelman's novel."
"cet4","prefer","/pri'fə: | prɪ'fɜː | prɪ'fɝ/","v. 宁可，宁愿","...Different students may prefer different types of exams..."
"cet4","preferable","/'prefərəbl | 'pref(ə)rəb(ə)l | 'prɛfrəbl/","adj. 更可取的，更好的","For this dish, fresh herbs and garlic are preferable."
"cet4","preference","/'prefərəns | 'pref(ə)r(ə)ns | 'prɛfrəns/","n. 偏爱","Do you have a colour preference ?"
"cet4","preferentially","/,prefə'renʃəli/","adv. 优先地","Heterosexuals should not be treated preferentially when the state carries out that role."
"cet4","pregnant","/'preɡnənt | ˈpregnənt | 'prɛɡnənt/","adj. 怀孕的","care for pregnant women"
"cet4","prejudice","/'predʒudis | 'predʒʊdɪs | 'prɛdʒədɪs/","n &v. 偏见","Women still face prejudice in the workplace."
"cet4","preliminary","/pri'liminəri | prɪ'lɪmɪn(ə)rɪ | prɪ'lɪmɪnɛri/","adj. 预备的，初步的","the preliminary stages of the competition"
"cet4","preparation","/,prepə'reiʃən | ,prepə'reɪʃ(ə)n | ,prɛpə'reʃən/","n. 准备，预备；制备","This dish is good for dinner parties because much of the preparation can be done ahead of time."
"cet4","prepare","/pri'pεə | prɪˈpeə(r) | prɪ'pɛr/","v. 做准备","The prosecution wanted more time to prepare their case."
"cet4","preposition","/,prepə'ziʃən | ,prepə'zɪʃ(ə)n | ,prɛpə'zɪʃən/","n. 前置词，介词","There is nothing in the rules of grammar to suggest that ending a sentence with a preposition is wrong."
"cet4","prescribe","/pris'kraib | prɪ'skraɪb/","v. 命令；处(方)","The physician examines the patient then diagnoses the disease and prescribes medication."
"cet4","prescription","/pris'kripʃən | prɪˈskrɪpʃn | prɪ'skrɪpʃən/","n. 处方","We are trying to cut the price of prescription drugs ."
"cet4","presence","/'prezəns | 'prez(ə)ns | 'prɛzns/","n. 出席，到场；在","Your presence is requested at the club meeting on Friday."
"cet4","present","/'prezənt, pri'zent | 'prez(ə)nt | 'prɛznt/","adj. 现在的; n. 目前","the present situation of the millions of people who are suffering poverty and disease"
"cet4","presentation","/ˌprezn'teɪʃn | ,prizɛn'teʃən/","n. 提供， 显示； 外观， 图像； 授予， 赠送； 报告， 介绍； 表演","the presentation ceremony"
"cet4","presently","/'prezəntli | 'prez(ə)ntlɪ | 'prɛzntli/","adv. 一会儿；目前","The doctor will be here presently."
"cet4","preservation","/,prezə'veiʃən | ˌprezəˈveɪʃn | ,prɛzɚ'veʃən/","n. 保存，保留","methods of food preservation"
"cet4","preserve","/pri'zə:v | prɪˈzɜ:v | prɪ'zɝv/","v. 保护","We must encourage the planting of new trees and preserve our existing woodlands."
"cet4","president","/'prezɪd(ə)nt | 'prɛzɪdənt/","n. 总统；校长；会长","President Bush"
"cet4","press","/pres | prɛs/","v. 压，按，揿；催促","Manville kept his back pressed flat against the wall."
"cet4","pressure","/'preʃə | 'prɛʃɚ/","n. 压力；压力；压，按","They are putting pressure on people to vote yes."
"cet4","presumably","/prɪ'zjuːməbli | prɪ'zuməbli/","adv. 大概， 可能， 据推测","It’s raining, which presumably means that your football match will be cancelled."
"cet4","pretend","/pri'tend | prɪ'tend | prɪ'tɛnd/","v. 假托，借口vi假装","Let’s pretend we’re on the moon."
"cet4","pretty","/'prɪtɪ | 'prɪti/","adj. 漂亮的，标致的","a pretty little girl"
"cet4","prevail","/pri'veil, pri:- | prɪ'veɪl | pri'vel/","v. 流行，盛行","A similar situation prevails in Canada."
"cet4","prevent","/pri'vent, pri:- | prɪ'vent | pri'vɛnt/","v. 预防","The rules are intended to prevent accidents."
"cet4","preventable","/pri'ventəbl, pri:- | prɪ'ventəbl | pri'vɛntəbl/","adj. 可预防的","Forty thousand children a day die from preventable diseases."
"cet4","preventive","/prɪ'ventɪv | pri'vɛntɪv/","adj. 预防性的","preventive health programs"
"cet4","previous","/'pri:vjəs | ˈpri:viəs | 'privɪəs/","adj. 之前的; adv. 先前地","She has a teenage daughter from a previous marriage."
"cet4","previously","/'pri:vju:sli | 'pri:vɪəslɪ | 'priviəsli/","adv. 事先","Guyana's railways were previously owned by private companies."
"cet4","price","/prais | praɪs/","n. 价格，价钱；代价","They may pay a high price for their few years of glory."
"cet4","pride","/praid | praɪd/","n. 骄傲；自豪; v. 自夸","He wore his medals with pride."
"cet4","priest","/priːst | prist/","n. 神父， 牧师","He had trained to be a Catholic priest."
"cet4","primarily","/'praimərəli, prai'me- | prai'mərili | praɪ'mɛrəli/","adv. 主要地，首先","The advertisement is aimed primarily at children."
"cet4","primary","/'praiməri | ˈpraɪməri | 'praɪmɛri/","adj. 主要的，基本的","Our primary concern is to provide the refugees with food and health care."
"cet4","prime","/praim | praɪm/","adj. 首要的; n. 春，青春","Smoking is the prime cause of lung disease."
"cet4","primitive","/'primitiv | 'prɪmətɪv/","adj. 原始的；简单的","a primitive society"
"cet4","prince","/prins | prɪns/","n. 王子，亲王","Prince William"
"cet4","princess","/prin'ses, 'prinsis | prɪn'ses | prɪnˌsɛs/","n. 公主，王妃","Princess Anne"
"cet4","principal","/'prinsəpəl | 'prɪnsəp(ə)l | 'prɪnsəpl/","adj. 主要的; n. 负责人","His principal reason for making the journey was to visit his family."
"cet4","principle","/'prinsəpl | ˈprɪnsəpl | 'prɪnsəpl/","n. 原则，原理","Schools try to teach children a set of principles."
"cet4","print","/print | prɪnt/","v. 印刷; n. 印刷；正片","Over five million copies of the paper are printed every day."
"cet4","prior","/'praiə | 'praɪə | 'praɪɚ/","adj. 在先的；优先的","You do not need any prior knowledge of the subject."
"cet4","priority","/prai'ɔrəti | praɪ'ɒrətɪ | praɪ'ɔrəti/","n. 优先，优先权","The club’s priority is to win the League."
"cet4","prison","/'prizən | 'prɪz(ə)n | 'prɪzn/","n. 监狱，监禁","He visits his dad in prison every week."
"cet4","prisoner","/'prizənə | 'prɪz(ə)nə | 'prɪznɚ/","n. 囚犯","Relationships between the staff and the prisoners are good."
"cet4","privacy","/'praivəsi, 'pri-, 'prai- | 'prɪvəsɪ | 'praɪvəsi/","n. 隐私","each individual’s right to privacy"
"cet4","private","/'praivit | 'praɪvət/","adj. 私人的","Morris has a private jet."
"cet4","privilege","/ˈprɪvəlɪdʒ/","n. 特权，优惠","He had no special privileges and was treated just like every other prisoner."
"cet4","prize","/praiz | praɪz/","n. 奖赏，奖金; v. 珍视","In this month’s competition you could win a prize worth £3,000."
"cet4","probability","/,prɔbə'biləti | prɒbə'bɪlɪtɪ | 'prɑbə'bɪləti/","n. 可能性；概率","You must decide whether, on the balance of probabilities , he committed the crime."
"cet4","probable","/'prɔbəbl | 'prɒbəb(ə)l | 'prɑbəbl/","adj. 或有的；大概的","The probable cause of the fire was faulty wiring."
"cet4","probably","","adv. 或许，大概","...you probably go through that process after a big event like your wedding day..."
"cet4","problem","/'prɔbləm | 'prɒbləm | 'prɑbləm/","n. 问题；习题，问题","She was older than me, but that wasn’t really a problem."
"cet4","procedure","/prə'si:dʒə | prəˈsi:dʒə(r) | prə'sidʒɚ/","n. 程序","On board, we were given the usual talk on safety procedures (= what to do if an accident happens, or to prevent an accident ) ."
"cet4","proceed","/prə'siːd | pro'sid/","v. 进行；继续进行","Before proceeding further, we must define our terms."
"cet4","process","/'prəuses, 'prɔ- | 'prəuses | 'prɑsɛs/","n. 过程，进程；工序；(法律)程序; v. 处理","the Israeli-Egyptian peace process"
"cet4","procession","/prəu'seʃən | prə'seʃ(ə)n | prə'sɛʃən/","n. 队伍，行列","They marched in procession to the Capitol building."
"cet4","produce","/prə'djuːs | prə'dus/","v. 生产；产生；展现","New drugs are producing remarkable results ."
"cet4","product","/'prɔdəkt, -ʌkt | 'prɒdʌkt | 'prɑdʌkt/","n. 产品，产物；(乘)积","The London factory assembles the finished product ."
"cet4","production","/prəu'dʌkʃən | prə'dʌkʃ(ə)n | prə'dʌkʃən/","n. 生产；产品；总产量","That model won't go into production before late 2007."
"cet4","productive","/prəu'dʌktiv | prəˈdʌktɪv | prə'dʌktɪv/","adj. 富有成效的","Most of us are more productive in the morning."
"cet4","profession","/prəu'feʃən | prə'feʃ(ə)n | prə'fɛʃən/","n. 职业","people who work in the professions"
"cet4","professional","/prə'feʃənəl | prəˈfeʃənl | prə'fɛʃənl/","adj. 专业的","This business plan looks very professional."
"cet4","professor","","n. 教授","The professor improvised a poem in the class."
"cet4","profile","/'prəufaɪl | 'profaɪl/","n. 侧面；人物简介；轮廓，形象；姿态，引人注目的状态; vt. 为…描绘； 写…的传略","Dani has a lovely profile."
"cet4","profit","/'prɔfit | 'prɒfɪt | 'prɑfɪt/","n. 益处；利润; v. 得益","The shop’s daily profit is usually around $500."
"cet4","profitable","/'prɔfitəbl | ˈprɒfɪtəbl | 'prɑfɪtəbl/","adj. 有利可图的，有益的","The advertising campaign proved very profitable."
"cet4","profound","/prəˈfaʊnd | prə'faʊnd/","adj. 深厚的","a profound sense of guilt"
"cet4","program","/'prəuɡræm, -ɡrəm | 'prəʊɡræm | 'proɡræm/","n. 节目单；大纲；程序","a word processing program"
"cet4","programmer","/'prəuɡræmə | 'prəʊgræmə | 'progræmɚ/","n. 程序设计员","The computer programmer botched (up) the job and had to start over."
"cet4","programming","/'prəuɡræmiŋ, -ɡrə- | 'prəugræmiŋ | 'proɡræmɪŋ/","n. 计划，节目(单)，程序；; vt. 编程","a course in computer programming"
"cet4","progress","/'prəuɡres, 'prɔ-, prəu'ɡres | 'prəʊgres | 'prɑɡrɛs/","n. 前进，进展；进步","We made good progress despite the snow."
"cet4","progressive","/prəu'ɡresiv | prə'gresɪv | prə'ɡrɛsɪv/","adj. 进步的；向前进的","a progressive administration"
"cet4","prohibit","/prəu'hibit | prə'hɪbɪt/","v. 禁止，阻止，防止","Smoking is strictly prohibited inside the factory."
"cet4","prohibitively","/prəu'hibitivli | prəʊˈhɪbɪtɪvlɪ/","adv. 过分地，非常地","...in many states ZEHs can be prohibitively expensive..."
"cet4","project","/英 [prəˈdʒekt] 美 [prəˈdʒɛkt | prəˈdʒekt | prəˈdʒɛkt; prɑdʒɛkt/","n. 工程，作业","The project aims to provide an analysis of children’s emotions."
"cet4","prolong","/prə'lɒŋ | prəˈlɑːŋ/","vt. 拉长， 延长","I was trying to think of some way to prolong the conversation."
"cet4","prominent","/'prɔminənt | 'prɑmɪnənt/","adj. 杰出的，突起的，凸出的","a prominent Russian scientist"
"cet4","promise","/'prɔmis | 'prɒmɪs | 'prɑmɪs/","n. 诺言；指望; v. 允诺","If you make a promise, you should keep it."
"cet4","promising","/'prɔmisiŋ | 'prɒmɪsɪŋ | 'prɑmɪsɪŋ/","adj. 有希望的，有前途的","a promising career in law"
"cet4","promote","/prəu'məut | prə'məut | prə'mot/","v. 促进，提升，推销","You don't have to sacrifice environmental protection to promote economic growth."
"cet4","promotional","/prəu'məuʃənəl | prə'məʊʃənl | prə'moʃənl/","adj. 促销的","""Jeans,"" according to one company's promotional material, ""are designed and made to be worn hard."""
"cet4","prompt","/prɔmpt | prɒmpt | prɑmpt/","adj. 敏捷的；v. 敦促","Prompt action must be taken."
"cet4","pronoun","/'prəunaun | 'prəʊnaʊn | 'pronaʊn/","n. 代名词","Now if we could only figure out the pronoun problem."
"cet4","pronounce","/prəu'nauns | prə'naʊns/","v. 发…的音；宣布","How do you pronounce your name?"
"cet4","pronunciation","/prəu,nʌnsi'eiʃən | prə,nʌnsɪ'eɪʃ(ə)n | prə,nʌnsɪ'eʃən/","n. 发音，发音法","She gave the word its French pronunciation."
"cet4","proof","/pru:f | pruːf | pruf/","n. 证据；证明；校样","There is no proof that the document is authentic."
"cet4","proper","/'prɔpə | 'prɒpə | 'prɑpɚ/","adj. 适合的；合乎体统的","Everything was in its proper place (= where it should be ) ."
"cet4","property","/'prɔpəti | 'prɒpətɪ | 'prɑpɚti/","n. 财产，资产；性质","The hotel is not responsible for any loss or damage to guests’ personal property ."
"cet4","proportion","/prə'pɔ:ʃən | prə'pɔrʃən/","n. 比例，部分","A large proportion of the dolphins in that area will eventually die."
"cet4","proportional","/prəu'pɔ:ʃənəl | prə'pɔːʃ(ə)n(ə)l | prə'pɔrʃənl/","adj. 比例的；相称的","The fee charged by the realtor is directly proportional to the price of the property."
"cet4","proposal","/prəu'pəuzəl | prə'pəʊz(ə)l | prə'pozl/","n. 提议","The president is to put forward new proposals for resolving the country's constitutional crisis."
"cet4","propose","/prəu'pəuz | prə'pəʊz | prə'poz/","v. 提议; v. 求婚","the changes currently proposed by the local planning authorities"
"cet4","prospect","/'prɔspekt | 'prɒspekt | 'prɑspɛkt/","n. 前景","I had no job, no education, and no prospects ."
"cet4","prosper","/'prɔspə | 'prɒspə | 'prɑspɚ/","v. 繁荣",""
"cet4","prosperity","/prɔs'periti | prɒˈsperəti | prɑ'spɛrəti/","n. 繁荣","a time of economic prosperity"
"cet4","prosperous","/'prɔspərəs | 'prɒsp(ə)rəs | 'prɑspərəs/","adj. 繁荣的，昌盛的","a prosperous landowner"
"cet4","protect","/prəu'tekt | prə'tekt | prə'tɛkt/","v. 保护，保卫，警戒","Are we doing enough to protect the environment?"
"cet4","protection","/prəu'tekʃən | prə'tekʃ(ə)n | prə'tɛkʃən/","n. 保护，警戒","protection money"
"cet4","protective","/prəu'tektiv | prə'tektɪv | prə'tɛktɪv/","adj. 保护的，防护的","protective clothing"
"cet4","protein","/'prəuti:n, -ti:in | 'prəʊtiːn | 'protin/","n. 蛋白质，朊","Where do you get your protein?"
"cet4","protest","/prəu'test, 'prəu- | 'prəʊtest | ˈproʊtest/","v. 抗议","‘I don’t see why I should take the blame for this!’ she protested."
"cet4","protocol","/'prəutəkɒl | 'protə'kɔl/","n. 礼仪， 礼节； 草案， 议定书","a breach of diplomatic protocol"
"cet4","proud","/praud | praʊd/","adj. 骄傲的；自豪的","Seth was the proud owner of a new sports car."
"cet4","prove","/pru:v | pruːv | pruv/","v. 证明; v. 结果是","You’re wrong, and I can prove it."
"cet4","provide","/prəu'vaid | prə'vaɪd/","v. 提供；装备，供给","Tea and biscuits will be provided."
"cet4","provided","","conj. 以…为条件","...It was fisherman and farmers who provided fresh food that tasted and looked like food..."
"cet4","providing","/prə'vaɪdɪŋ/","conj. 倘若","...France announced that the country will pave 621 miles of road with solar panels over the next five years with the goal of providing cheap..."
"cet4","province","/'prɔvins | 'prɒvɪns | 'prɑvɪns/","n. 省；领域，部门","a Chinese province"
"cet4","provision","/prəu'viʒən | prə'vɪʒ(ə)n | prə'vɪʒn/","n. 供应；预备；存粮","He made provisions for his wife and his children in his will."
"cet4","provocation","/ˌprɒvə'keɪʃn | ,prɑvə'keʃən/","n. 激怒， 刺激； 挑衅， 挑拨","He was accused of deliberate provocation ."
"cet4","provoke","/prəu'vəuk | prə'vəʊk | prə'vok/","v. 激起，挑起","The novel has provoked fierce debate in the US."
"cet4","psychological","/,psaikə'lɔdʒikəl | ,saikə'lɔdʒikəl | ,saɪkə'lɑdʒɪkl/","adj. 心理上的","Sleep disorders are a serious psychological problem ."
"cet4","psychologist","/psai'kɔlədʒist | saɪˈkɒlədʒɪst | saɪ'kɑlədʒɪst/","n. 心理学家","a clinical psychologist"
"cet4","public","/'pʌblik | 'pʌblɪk/","adj. 公众的; n. 公众","We have to show that publishing this story is in the public interest (= helpful or useful to ordinary people ) ."
"cet4","publication","/,pʌbli'keiʃən | ,pʌblɪ'keɪʃ(ə)n | ,pʌblɪ'keʃən/","n. 公布；出版；出版物","The guide is being translated into several languages for publication near Christmas."
"cet4","publicity","/pʌb'lɪsəti/","n. 公众的注意， 名声； 宣传， 宣扬","Much advance publicity was given to the talks."
"cet4","publicize","/'pʌblisaiz | 'pʌblɪsaɪz/","v. 宣布","television’s failure to publicize the unemployment issue"
"cet4","publish","/'pʌbliʃ | 'pʌblɪʃ/","v. 公布；发表；出版","The first edition was published in 1765."
"cet4","pull","/pul | pʊl/","v. 拉，拖；拉，拉力","Mom! Davey’s pulling my hair!"
"cet4","pulse","/pʌls/","n. 脉搏；脉冲，脉动","His breathing was shallow and his pulse was weak ."
"cet4","pump","/pʌmp/","n. 泵; v. 用抽机抽","...pumps that circulate the fuel around in the engine."
"cet4","punch","/pʌntʃ | pʌn(t)ʃ/","v. 冲出; n. 冲压机","This new sort of punch could stamp out 3,000 bonnets an hour."
"cet4","punctual","/'pʌŋktjuəl, -tʃuəl | ˈpʌŋktʃuəl | 'pʌŋtʃʊəl/","adj. 准时的","She’s always very punctual for appointments."
"cet4","punish","/'pʌniʃ | 'pʌnɪʃ/","v. 罚，惩罚，处罚","Smacking is not an acceptable way of punishing a child."
"cet4","pupil","/'pjupəl | 'pjuːpɪl; -p(ə)l | pjupl/","n. 学生，小学生","About 20 pupils study music here."
"cet4","purchase","/'pə:tʃəs | 'pɜ:tʃəs | 'pɝtʃəs/","n. 买，购买; v. 买","She paid for her purchases and left."
"cet4","pure","/pjuə | pjʊə | pjʊr/","adj. 纯粹的；纯洁的","rings made of pure gold"
"cet4","purple","/'pə:pl | 'pɜːp(ə)l | 'pɝpl/","n. 紫色; adj. 紫的","A purple may be made by dyeing a blue over a red."
"cet4","purpose","/'pə:pəs | 'pɜːpəs | 'pɝpəs/","n. 目的；意图；效果","Nick had no particular purpose in mind when he started."
"cet4","purse","/pɜːs | pɝs/","n. 钱包，小钱袋，手袋","I locked the door and dropped the keys in my purse."
"cet4","pursue","/pə'sju:, -'su: | pə'sju: | pə'sʊ/","v. 追求","She plans to pursue a career in politics."
"cet4","push","/pʊʃ/","v. 推，逼迫; v. 推","It didn’t move, so she pushed harder."
"cet4","put","/put | pʊt/","v. 放，摆；使处于","He put the coffee on the table."
"cet4","puzzle","/'pʌzl | 'pʌz(ə)l/","n&v. 迷惑","My sister puzzles me and causes me anxiety."
"cet4","puzzling","/'pʌzlɪŋ/","adj. 令人困惑的","a puzzling fact"
"cet4","qualification","/,kwɔlifi'keiʃən | ,kwɑlɪfɪ'keʃən/","n. 资格(证明)，合格证书","He left school without any qualifications."
"cet4","qualify","/'kwɔlifai | 'kwɒlɪfaɪ | ˈkwɑləˌfaɪ/","v. 使……有资格","Free school lunches are given to children who qualify."
"cet4","quality","/'kwɒlɪtɪ | 'kwɑləti/","n. 品质","Much of the land was of poor quality."
"cet4","quantity","/'kwɔntəti | ˈkwɒntəti | 'kwɑntəti/","n. 量，数量","Your work has improved in quantity and quality this term."
"cet4","quarrel","/'kwɔ:rəl | 'kwɒr(ə)l | 'kwɔrəl/","n. 争吵，吵架，口角","I had a terrible quarrel with my other brothers."
"cet4","quarter","/'kwɔ:tə | 'kwɔːtə | 'kwɔrtɚ/","n. 四分之一；一刻钟","It’s about a page and a quarter."
"cet4","queen","/kwi:n | kwiːn | kwin/","n. 王后；女王","the queen of diamonds"
"cet4","question","/'kwestʃən | 'kwestʃ(ə)n | 'kwɛstʃən/","n. 发问；问题；疑问","Can I ask you a question?"
"cet4","queue","/kju: | kjuː | kju/","n. 行列; v. 排队等候","You’ll have to join the queue."
"cet4","quick","/kwik | kwɪk/","adj. 快的；敏捷的","That was quick! I thought you’d be another hour."
"cet4","quiet","/'kwaɪət/","adj. 寂静的；安静的","We’ll have to be quiet so as not to wake the baby."
"cet4","quit","/kwit | kwɪt/","v. 放弃","There are no failures in life, only those who quit before success."
"cet4","quite","/kwait | kwaɪt/","adv. 完全；相当；的确","I felt quite bitter about it at the time."
"cet4","quiz","/kwɪz/","n. 智力竞赛，问答比赛；小测验; vt. 考查， 盘问","a love quiz in a magazine"
"cet4","quotation","/kwəu'teiʃən, kəu- | kwəʊˈteɪʃn | kwo'teʃən/","n. 引文","The following quotation is taken from a nineteenth century travel diary."
"cet4","quote","/kwəut, kəut | kwəʊt | kwot/","v. 引用，引证；报价","He quoted a short passage from the Bible."
"cet4","rabbit","/'ræbit | 'ræbɪt/","n. 兔子，野兔","The rabbit disappeared in the bushes."
"cet4","race","/reɪs | res/","n. 比赛，竞赛，竞争","The women's race was won by the only American in the field, Patti Sue Plumer."
"cet4","racial","/'reiʃəl | 'reɪʃ(ə)l | 'reʃl/","adj. 种族的，人种的","a victim of racial discrimination"
"cet4","racially","/'reiʃəli | 'reʃəli/","adv. 种族上地","Mr. Obama is the first president since Richard M. Nixon to be elected while living in a city neighborhood, in his case, Chicago’s racially and economically diverse Hyde Park."
"cet4","rack","/ræk/","n. 搁物架；行李架","a wine rack"
"cet4","radar","/'reidə | 'reɪdɑː | 'redɑr/","n. 雷达，无线电探测器","The coastline can now be monitored by radar."
"cet4","radiation","/,reidi'eiʃən | reɪdɪ'eɪʃ(ə)n | ,redɪ'eʃən/","n. 放射，发射；辐射能","An accident at the power station could result in large amounts of radiation being released."
"cet4","radical","/'rædɪkl/","adv. 根本的，基本的；激进的，激进派的; n. 激进分子","radicals on the extreme left wing of the party"
"cet4","radically","/'rædikəli | 'rædɪklɪ | 'rædɪkli/","adv. 完全地，彻底地","...it was another interest that led Leah to radically reinvent herself..."
"cet4","radio","/'reidiəu | 'reɪdɪəʊ | 'redɪo/","n. 无线电；收音机","The last 12 months have been difficult ones for local radio."
"cet4","radioactive","/,reidiəu'æktiv | ,reɪdɪəʊ'æktɪv | 'redɪo'æktɪv/","adj. 放射性的","the problem of how to dispose of radioactive waste"
"cet4","radius","/'reidiəs | 'reɪdɪəs | 'redɪəs/","n. 半径","The shock of the explosion was felt over a radius of forty miles."
"cet4","rag","/ræɡ | ræg/","n. 破布，碎布，抹布","He wiped his boots dry with an old rag."
"cet4","rage","/reɪdʒ | redʒ/","vi. 狂吹； 汹涌； 激烈进行； 发怒， 发火; n. 狂怒，盛怒；风靡一时的事物，时尚","‘How was I to know!’ Jenny raged."
"cet4","raid","/reɪd | red/","n&vt. 袭击； 突入查抄， 突入搜捕； 劫掠","a bombing raid"
"cet4","rail","/reil | reɪl | rel/","n. 横条，横杆；铁轨","Several passengers were leaning against the ship’s rail."
"cet4","railroad","/'reilrəud | 'reɪlrəʊd | 'relrod/","n. 铁路; v. 由铁路运输","The supplies were sent on the railroad."
"cet4","railway","/'reilwei | 'reɪlweɪ | 'relwe/","n. 铁路，铁道","a railway company"
"cet4","rain","/rein | reɪn/","n. 雨，雨水; v. 下雨","a night of wind and rain"
"cet4","rainbow","/'reinbəu | 'reɪnbəʊ | 'renbo/","n. 虹，彩虹","...silk and satin in every shade of the rainbow."
"cet4","rainy","/'reini | 'reɪnɪ | 'reni/","adj. 下雨的，多雨的","a cold rainy day in October"
"cet4","raise","/reiz | reɪz | rez/","v. 提高，筹款，抚养","Many shops have raised their prices."
"cet4","rally","/'ræli/","v. 集合， 团结； 恢复， 重新振作; n. 集会；公路汽车赛","an attempt to rally support for the party"
"cet4","range","/reɪndʒ | rendʒ/","n. 范围; v. 在范围内变化","a temperature range of 72-85˚"
"cet4","rank","/ræŋk/","v. 分等级; n. 衔，阶层","We rank among the safest countries in the world."
"cet4","rapid","/'ræpid | 'ræpɪd/","adj. 快的; n. 急流","The patient made a rapid recovery."
"cet4","rare","/reə(r) | rɛr/","adj. 罕有的，少见的","This species of plant is becoming increasingly rare."
"cet4","rarely","/'rεəli | 'reəlɪ | 'rɛrli/","adv. 很少，难得","We rarely see someone go after the health area."
"cet4","rat","/ræt/","n. 老鼠，耗子","But you promised to help us, you rat!"
"cet4","rate","/reit | reɪt | ret/","n. 比率，速率","Immediately his heart rate (= the number of beats per minute ) increased."
"cet4","rather","/'rɑ:ðə, 'ræ- | 'rɑːðə | 'ræðɚ/","adv. 宁可，宁愿；相当","I grew up in rather unusual circumstances."
"cet4","ratio","/'reiʃiəu, -ʃəu | 'reɪʃɪəʊ | 'reʃɪo/","n. 比，比率",""
"cet4","rational","/'ræʃənəl | 'ræʃnəl/","adj. 神智清楚的","Did he come across as a sane, rational person?"
"cet4","raw","/rɔ: | rɔː | rɔ/","adj. 未煮过的；未加工的","raw meat"
"cet4","ray","","n. 光线，射线，辐射线","The room darkened as a cloud hid the sun’s rays."
"cet4","reach","/ri:tʃ | riːtʃ | ritʃ/","v. 抵达；伸出vi达到","Chelsea could reach the final of the European Cup."
"cet4","react","/ri'ækt, ri:- | riˈækt | ri'ækt/","v. 对……作出反应","He reacted angrily to the suggestion that he had lied."
"cet4","reaction","/ri'ækʃən, ri:- | rɪ'ækʃ(ə)n | rɪ'ækʃən/","n. 反应；反作用","What was Jeff’s reaction when you told him about the job?"
"cet4","read","/ri:d | riːd; (read, read) red | rid; (read, read) rɛd/","v. 读，看懂; v. 读","I can’t read your writing."
"cet4","reader","/'ri:də | 'riːdə | 'ridɚ/","n. 读者；读物，读本","The book will appeal to young readers."
"cet4","readily","/'redɪli | 'rɛdɪli/","adv. 乐意地， 欣然地； 容易地； 很快地， 立即","Boats are readily available to visitors."
"cet4","reading","/'ri:diŋ | 'riːdɪŋ | 'ridɪŋ/","n. 读，阅读；读书","She loves reading."
"cet4","ready","/'redi | 'redɪ | 'rɛdi/","adj. 准备好的；愿意的","Come on. Aren’t you ready yet?"
"cet4","real","/'riəl, ri:l | riːl | 'riəl/","adj. 真的；现实的","There is a real danger that the disease might spread."
"cet4","realistic","/,riə'listik, ,ri:- | ˌri:əˈlɪstɪk | ,riə'lɪstɪk/","adj. 现实的，实际的","Is this a realistic target?"
"cet4","reality","/ri'æləti, ri:- | rɪ'ælɪtɪ | rɪ'æləti/","n. 现实；真实","the distinction between fantasy and reality"
"cet4","realize","/'riːəlaɪz | rɪəˌlaɪz/","v. 实现；认识到","It took us a while to realize the extent of the tragedy."
"cet4","really","","adv. 真正地；实在","...and you really felt anything was possible..."
"cet4","realm","/relm | rɛlm/","n. 王国，国土；领域","the spiritual realm"
"cet4","rear","/riə | rɪə | rɪr/","n. 后部，后面；背面","Carole was left to bring up the rear."
"cet4","rearrange","/,ri:ə'reindʒ | ˌri:ə'reɪndʒ | ,riə'rendʒ/","v. 重新安排","She set about rearranging the furniture in the living room."
"cet4","reason","/'ri:zən | 'riːz(ə)n | ˈrizən/","n. 理由；理性; v. 推理","She has reason to feel guilty."
"cet4","reasonable","/'ri:zənəbl | 'riːz(ə)nəb(ə)l | 'riznəbl/","adj. 合情合理的；公道的","a reasonable request"
"cet4","reassess","/,ri:ə'ses | ˌri:əˈses | 'riə'sɛs/","v. 重新评估","This has caused us to reassess the way we approach our planning."
"cet4","rebel","/'rebəl, ri'bel | 'reb(ə)l | rɪ'bɛl/","v. 造反; n. 造反者","Voters rebelled against high property taxes."
"cet4","rebuild","/ˌriː'bɪld | ,ri'bɪld/","v. 重建， 改造； 复原","The church was completely rebuilt in the last century."
"cet4","recall","/ri'kɔ:l, 'ri:kɔ:l | rɪ'kɔːl | 'rikɔl/","v. 回想；叫回；收回","You don’t happen to recall his name, do you?"
"cet4","receipt","/ri'si:t | rɪ'siːt | rɪ'sit/","n. 收到；收条，收据","Keep your receipt in case you want to bring it back."
"cet4","receive","/ri'si:v | rɪ'siːv | rɪ'siv/","v. 收到；得到；接待","All the children will receive a small gift."
"cet4","receiver","/ri'si:və | rɪ'siːvə | rɪ'sivɚ/","n. 收受者，收件人","The business is in the hands of the receivers ."
"cet4","recent","/'ri:sənt | 'riːs(ə)nt | 'risnt/","adj. 新近的，最近的","Irving’s most recent book"
"cet4","recently","/'ri:səntli | 'riːsntlɪ | 'risntli/","adv. 最近，新近","He has recently been promoted to Assistant Manager."
"cet4","reception","/ri'sepʃən | rɪˈsepʃn | rɪ'sɛpʃən/","n. 接待","She was unsure of her reception after everything that had happened."
"cet4","recession","/ri'seʃən | rɪ'sɛʃən/","n. 衰退","the economic recession of the early 1980s"
"cet4","recharge","/ri:'tʃɑ:dʒ, 'ri:tʃɑ:dʒ | ˌri:'tʃɑ:dʒ/","v. 再充电","The device can recharge a battery in about 25 minutes."
"cet4","reckon","/'rekən | 'rɛkən/","vt. 认为， 估计； 指望， 盼望； 测算， 测量","‘There’s nothing we can do about it.’ ‘You reckon (= used to express doubt or disagreement ) ?’"
"cet4","recognition","/,rekəg'niʃən | rekəg'nɪʃ(ə)n | ,rɛkəɡ'nɪʃən/","n. 认出，识别；承认","He stared at her, but there was no sign of recognition ."
"cet4","recognize","/'rekəɡnaiz | 'rekəɡnaɪz | ˈrɛkəɡˌnaɪz/","v. 认识，认出；承认","I didn’t recognize you in your uniform."
"cet4","recommend","/,rekə'mend | 'rɛkə'mɛnd/","v. 推荐，劝告，使受欢迎","Doctors strongly recommend that fathers should be present at their baby’s birth."
"cet4","recommendation","/,rekəmen'deiʃən | ,rekəmen'deɪʃ(ə)n | ,rɛkəmɛn'deʃən/","n. 推荐，介绍；劝告","Try to get letters of recommendation from bosses and colleagues."
"cet4","record","/ri'kɔ:d, 'rekɔ:d | (for v.)rɪˈkɔːd; (for n.) ˈrekɔːd | (for v.) rɪˈkɔrd; (for n. adj.) ˈrɛkɚd/","n. 记录；履历; v. 记录","According to official records, five people were killed last year near that road junction."
"cet4","recorder","/ri'kɔ:də | rɪ'kɔːdə | rɪ'kɔrdɚ/","n. 记录者；录音机","Rodney put the recorder on the desk top and pushed the play button."
"cet4","recover","/ri'kʌvə | rɪ'kʌvə(r) | rɪ'kʌvɚ/","v. 恢复，重新获得","After a few days of fever, she began to recover."
"cet4","recovery","","n. 重获；痊愈，恢复","Hopes of economic recovery are fading."
"cet4","recreation","/ˌrekri'eɪʃn | ,rɛkrɪ'eʃən/","n. 娱乐活动， 消遣","His only recreations are drinking beer and watching football."
"cet4","recreational","/ˌrekri'eɪʃənl | ,rɛkri'eʃənəl/","adj. 休养的； 娱乐的","...parks and other recreational facilities."
"cet4","recruit","/ri'kru:t | rikru:t | rɪ'krut/","v. 招募，吸收; n. 新兵，新成员","We’re having difficulty recruiting enough qualified staff."
"cet4","recycle","/,ri:'saikl | riː'saɪk(ə)l | ,ri'saɪkl/","v. 循环，再利用","We take all our bottles to be recycled."
"cet4","red","/red | rɛd/","adj. 红色的; n. 红色","We painted the door bright red ."
"cet4","reduce","/ri'dju:s, -'du:s | rɪ'djuːs | rɪ'dʊs/","v. 减少","The governor announced a new plan to reduce crime."
"cet4","reduction","/rɪ'dʌkʃ(ə)n | rɪ'dʌkʃən/","n. 减少，减小，缩减","strategies for noise reduction"
"cet4","refer","/ri'fə: | rɪ'fɜː | rɪ'fɝ/","v. 使求助于; v. 谈到","In his speech, he referred to a recent trip to Canada."
"cet4","reference","/'refərəns | 'ref(ə)r(ə)ns | 'rɛfrəns/","n. 参考；出处；提及","...a reference from the Koran."
"cet4","refine","/ri'fain | rɪˈfaɪn | rɪ'faɪn/","v. 改善，精炼","Car makers are constantly refining their designs."
"cet4","reflect","/rɪ'flekt | rɪ'flɛkt/","v. 反映","The drop in consumer spending reflects concern about the economy."
"cet4","reflection","/re'flekʃən | rɪ'flekʃ(ə)n | rɪ'flɛkʃən/","n. 反射；映象；反映","Can you see your reflection in the glass?"
"cet4","reflexion","/ri'flekʃən | rɪ'flekʃ(ə)n | rɪ'flɛkʃən/","n. 反射；映象；反映","Maxwell equations: Lorentz force, plane electromagnetic waves, radiation, light waves, reflexion, refraction, Huyghens principle, diffraction, interference phenomena."
"cet4","reform","/ri'fɔ:m | rɪ'fɔːm | rɪ'fɔrm/","vt&n. 改革，改良","plans to radically reform the tax system"
"cet4","reframe","/ri'freim | rɪ'freɪm/","v. 重新装裱","How could you reframe them?"
"cet4","refresh","/ri'freʃ, ri:- | rɪ'freʃ | ri'frɛʃ/","v. 使清新vi恢复精神","A shower will refresh you."
"cet4","refreshing","/ri'freʃiŋ, ri:- | rɪ'freʃɪŋ | ri'frɛʃɪŋ/","adj. 恢复活力的","Herbs have been used for centuries to make refreshing drinks."
"cet4","refrigerator","/ri'fridʒəreitə, ri:- | rɪ'frɪdʒəreɪtə | rɪ'frɪdʒəretɚ/","n. 冰箱，冷藏库","...but that noise in your refrigerator doesn’t sound right..."
"cet4","refuel","/,ri:'fjuəl | ˌri:'fju:əl | ri'fjʊəl/","v. （给）加油，加燃料","The plane was refuelled in Dubai."
"cet4","refugee","/ˌrefju'dʒiː | 'rɛfjʊdʒi/","n. 难民","Refugees were streaming across the border."
"cet4","refusal","/ri'fju:zəl, ri:- | rɪˈfju:zl | rɪ'fjuzl/","n. 拒绝","Her country suffered through her refusal to accept change."
"cet4","refuse","/ri'fju:z, ri:- | rɪ'fjuːz | ri'fjʊz/","v. 拒绝","She asked him to leave, but he refused."
"cet4","regard","/ri'ɡɑ:d, ri:- | rɪ'gɑːd | rɪ'ɡɑrd/","v. 把…看作；尊敬","He was regarded as the most successful president of modern times."
"cet4","regarding","/ri'ɡɑ:diŋ, ri:- | rɪ'gɑːdɪŋ | rɪ'ɡɑrdɪŋ/","prep. 关于","Regarding your recent inquiry, I have enclosed a copy of our new brochure."
"cet4","regardless","/rɪ'gɑːdlɪs | rɪ'ɡɑrdləs/","adv. 不顾一切地","Despite her recent surgery she has been carrying on regardless."
"cet4","region","/'ri:dʒən | 'riːdʒ(ə)n | 'ridʒən/","n. 地区，地带；领域","efforts to bring peace to the region"
"cet4","register","/'redʒistə | 'redʒɪstə | 'rɛdʒɪstɚ/","n&vt. 登记，注册","Have you signed the hotel register ?"
"cet4","regret","/ri'ɡret | rɪ'gret | rɪ'ɡrɛt/","v. 懊悔；抱歉; n. 懊悔","We regret any inconvenience caused to our customers."
"cet4","regular","/'reɡjulə | ˈregjələ(r) | 'rɛgjəlɚ/","adj. 有规律的，经常的","The company holds regular meetings with employees."
"cet4","regularly","/'reɡjələli/","adv. 定期地，有规律地","We meet regularly, once a month."
"cet4","regulate","/'reɡjuleit | 'reɡjʊleɪt | 'rɛɡjulet/","v. 管理","strict rules regulating the use of chemicals in food"
"cet4","regulation","/,reɡju'leiʃən | ˌregjuˈleɪʃn | ˌrɛɡjəˈleʃən/","n. 管理；规则","There seem to be so many rules and regulations these days."
"cet4","reinforce","/,ri:in'fɔ:s | riːɪn'fɔːs | ,riɪn'fɔrs/","v. 加强，强化","The film reinforces the idea that women should be pretty and dumb."
"cet4","reject","/ri'dʒekt | rɪ'dʒekt | rɪ'dʒɛkt/","v. 拒绝，驳回","Sarah rejected her brother’s offer of help."
"cet4","relate","/ri'leit | rɪ'leɪt | rɪ'let/","v. 叙述；使联系","I don’t understand how the two ideas relate."
"cet4","relation","/ri'leiʃən | rɪ'leɪʃ(ə)n | rɪ'leʃən/","n. 关系，联系；家属","The price the meat is sold for bears no relation to (= is not connected to ) the price the farmer receives."
"cet4","relationship","/ri'leiʃənʃip | rɪ'leɪʃ(ə)nʃɪp | rɪ'leʃən'ʃɪp/","n. 关系，联系","He’s never had a sexual relationship before."
"cet4","relative","/'relətiv | ˈrelətɪv | 'rɛlətɪv/","adj. 相对的; n. 亲戚","The relative merits of both approaches have to be considered."
"cet4","relativity","/,relə'tivəti | relə'tɪvɪtɪ | ,rɛlə'tɪvəti/","n. 相关性；相对性","...Thus time and time's relativity are measurable by any hour glass..."
"cet4","relax","/ri'læks | rɪ'læks/","v. 使松弛; v. 松弛","Gentle exercise can relax stiff shoulder muscles."
"cet4","release","/ri'li:s | rɪ'li:s | rɪ'lis/","v. 发布，释放","Police arrested several men, who were later released."
"cet4","relevant","/ˈreləvənt | 'rɛləvənt/","adj. 有关的，中肯的","Relevant documents were presented in court."
"cet4","reliability","/ri,laiə'biləti | rɪ,laɪə'bɪlətɪ | rɪ,laɪə'bɪləti/","n. 可靠性","I can assure you of the reliability of the information."
"cet4","reliable","/ri'laiəbl | rɪ'laɪəbl/","adj. 可靠的，可信赖的","a birth control method that is cheap and reliable"
"cet4","relief","/rɪ'liːf | rɪ'lif/","n. 减轻；救济；援救","Marijuana can provide pain relief for some cancer patients."
"cet4","relieve","/ri'li:v | rɪ'li:v | rɪ'liv/","v. 解除，减轻，缓解","Drugs helped to relieve the pain."
"cet4","religion","/ri'lidʒən | rɪ'lɪdʒ(ə)n | rɪ'lɪdʒən/","n. 宗教；宗教信仰","The U.S. Constitution promises freedom of religion."
"cet4","religious","/ri'lidʒəs | rɪ'lɪdʒəs/","adj. 宗教的；虔诚的","I don’t share her religious beliefs ."
"cet4","reluctant","/ri'lʌktənt | rɪˈlʌktənt | rɪ'lʌktənt/","adj. 不愿意的，勉强的","She gave a reluctant smile."
"cet4","rely","/ri'lai | rɪ'laɪ/","v. 依赖，依靠；信赖","They relied heavily on the advice of their professional advisers."
"cet4","remain","/ri'mein | rɪ'meɪn | rɪ'men/","v. 剩下，余留；保持","The refugees were allowed to remain in the UK."
"cet4","remark","/ri'mɑ:k | rɪ'mɑːk | rɪ'mɑrk/","vt&vi&n. 评论，谈论","Unfortunately, a local journalist overheard the remark."
"cet4","remarkable","/ri'mɑ:kəbl | rɪ'mɑːkəb(ə)l | rɪ'mɑrkəbl/","adj. 异常的，非凡的","She has made remarkable progress."
"cet4","remedy","/'remidi | 'remədɪ | 'rɛmədi/","n. 药物","a home remedy (= one that you make at home ) for sore throats"
"cet4","remember","/ri'membə | rɪ'membə | rɪ'mɛmbɚ/","v. 记得，想起；记住","Do you remember Rosa Davies?"
"cet4","remind","/ri'maind | rɪ'maɪnd/","v. 提醒，使想起","Yes, I’ll be there. Thanks for reminding me."
"cet4","remonstrate","/'remənstreɪt | rɪ'mɑnstret/","v. 抗议","He remonstrated with the referee."
"cet4","remote","/ri'məut | rɪ'məʊt | rɪ'mot/","adj. 相隔很远的；冷淡的","a remote border town"
"cet4","removal","/ri'mu:vəl | rɪ'muːv(ə)l | rɪ'muvl/","n. 移动；迁移；除掉","stain removal"
"cet4","remove","/ri'mu:v | rɪˈmu:v | rɪ'muv/","v. 消除，移除","a cleaner that will remove wine stains"
"cet4","render","/'rendə | 'rendə(r) | 'rɛndɚ/","v. 给予","an obligation to render assistance to those in need"
"cet4","renew","/rɪ'nju: | rɪ'nʊ/","v. 更新","Local people have renewed their efforts to save the school."
"cet4","rent","/rent | rɛnt/","n. 租金，租; v. 出租","I pay the rent at the beginning of every month."
"cet4","rental","/'rentəl | 'rent(ə)l | 'rɛntl/","n. 租","Video rental is usually £3."
"cet4","repair","/ri'pεə | rɪ'peə | rɪ'pɛr/","vt&n. 修理，修补","Dad was up the ladder, repairing the roof."
"cet4","repave","/ri:'peiv | ri:'peɪv/","v. 再铺，重新铺砌","Therefore, lots of pavements need to repair in large. scale even repave wholly after using a long time, which will bring large numbers of waste asphalt mixture."
"cet4","repeat","/ri'pi:t | rɪ'piːt | rɪ'pit/","v. 重说，重做; n. 重复","Can you repeat your question?"
"cet4","repeatedly","/ri'pi:tidli | rɪ'piːtɪdlɪ | rɪ'pitɪdli/","adv. 重复地；一再","Graham was repeatedly warned not to work so hard."
"cet4","repetition","/,repi'tiʃən | repɪ'tɪʃ(ə)n | 'rɛpə'tɪʃən/","n. 重复，反复","Children used to learn by repetition."
"cet4","replace","/ri'pleis | rɪ'pleɪs | rɪ'ples/","v. 代替","I’m replacing Sue on the team."
"cet4","replacement","/ri'pleismənt | rɪˈpleɪsmənt | rɪ'plesmənt/","n. 代替","Our old car is badly in need of replacement."
"cet4","reply","/ri'plai | rɪ'plaɪ | rɪ'plai/","vi&n. 回答，答复","I asked Clive where he was going, but he didn’t reply."
"cet4","report","/ri'pɔ:t | rɪ'pɔːt | rɪ'pɔrt/","vt&vi. 报告；汇报","This is Gavin Williams, reporting from the United Nations in New York."
"cet4","reporter","/ri'pɔ:tə | rɪ'pɔːtə | rɪ'pɔrtɚ/","n. 记者，通讯员","a news reporter"
"cet4","represent","/,repri'zent | ˌreprɪ'zent | ,rɛprɪ'zɛnt/","v. 代表","Mr Kobayashi was chosen to represent the company at the conference."
"cet4","representative","/,repri'zentətiv | ˌreprɪˈzentətɪv | 'rɛprɪ'zɛntətɪv/","n. 代表","a union representative"
"cet4","reproduce","/,ri:prə'dju:s | riːprə'djuːs | ,riprə'dus/","v. 复制, 再生","Klimt’s artwork is reproduced in this exquisite book."
"cet4","reproductive","/,ri:prə'dʌktiv | ˌri:prəˈdʌktɪv | ,riprə'dʌktɪv/","adj. 生殖的，再生的","the human reproductive system"
"cet4","republic","/ri'pʌblik | rɪ'pʌblɪk/","n. 共和国，共和政体","the former Federal Republic of Germany"
"cet4","republican","/rɪ'pʌblɪkən/","adj. 共和政体的；共和党的; n. 共和党人","Lower taxes made Republican voters happier with their party."
"cet4","reputation","/,repju'teiʃən | ,rɛpju'teʃən/","n. 名气，名声，名誉","Alice Munro has a reputation for being a very depressing writer."
"cet4","request","/ri'kwest | rɪ'kwest | rɪ'kwɛst/","n. 要求","France had agreed to his request for political asylum."
"cet4","require","/ri'kwaiə | rɪ'kwaɪr/","v. 要求，命令","Campbell’s broken leg will probably require surgery."
"cet4","requirement","/ri'kwaiəmənt | rɪ'kwaɪəm(ə)nt | rɪ'kwaɪɚmənt/","n. 需要；要求","The refugees’ main requirements are food and shelter."
"cet4","rescue","/'reskju: | 'rɛskju/","v. 营救，援救","Survivors of the crash were rescued by helicopter."
"cet4","resemble","/ri'zembl | rɪ'zemb(ə)l | rɪ'zɛmbl/","v. 像，相似","It’s amazing how closely Brian and Steve resemble each other."
"cet4","reservation","/,rezə'veiʃən | ˌrezə'veɪʃn | ,rɛzɚ'veʃən/","n. 预定","a dinner reservation"
"cet4","reserve","/rɪ'zɜːv | rɪ'zɝv/","v. 留出，预定","Do you have to reserve tickets in advance?"
"cet4","reservior","","n. 水库；蓄水池",""
"cet4","reservoir","/'rezəvwɑː | 'rɛzɚ,vɔr/","n. 水库， 蓄水池； 储藏， 汇集","...It's often people like Steve Jobs who can draw from a deep reservoir of diverse experiences that often generate breakthrough ideas and insights..."
"cet4","residence","/'rezidəns | 'rezɪd(ə)ns | 'rɛzɪdəns/","n. 居住；驻扎；住处","a residence permit"
"cet4","resident","/ˈrezɪdənt | 'rɛzɪdənt/","n. 居民","As one local resident put it in May, ""By day there is government."
"cet4","resign","/ri'zain | rɪ'zaɪn/","v. 辞职","A hospital administrator has resigned over claims he lied to get the job."
"cet4","resist","/ri'zist | rɪ'zɪst/","v. 抵抗，抗拒","He resisted pressure to resign."
"cet4","resistance","/ri'zistəns | rɪ'zɪst(ə)ns | rɪ'zɪstəns/","n. 抵制, 抵抗力","disease resistance"
"cet4","resistant","/ri'zistənt | rɪ'zɪstənt/","adj. 抵抗的，抵制的","Some people are very resistant to the idea of exercise."
"cet4","resolution","/,rezə'lu:ʃən, -,lju:- | rezə'luːʃ(ə)n | ,rɛzə'luʃən/","n. 坚决，坚定；决定","a resolution calling for a ban on dumping nuclear waste"
"cet4","resolve","/ri'zɔlv | rɪ'zɒlv | rɪ'zɑlv/","v. 解决，下决心","Barnet was desperate for money to resolve his financial problems."
"cet4","resort","/ri'zɔ:t | rɪ'zɔːt | rɪ'zɔrt/","vi&n. 求助，凭借;诉诸于","His punishing work schedule had made him resort to drugs."
"cet4","resource","/rɪ'sɔːs; rɪ'zɔːs | 'risɔrs/","n. 资源； 财力； 应付办法， 谋略","Canada’s vast mineral resources"
"cet4","resourceful","/ri'sɔ:sful, -'zɔ:-, 'ri:s, 'ri:z- | rɪ'sɔːsfl | rɪ'sɔrsfl/","adj. 机智的；资源丰富的","a woman who is energetic and resourceful"
"cet4","respect","/rɪ'spekt | rɪ'spɛkt/","n. 尊敬；尊重；问候；方面; vt. 尊敬； 尊重","The boys showed a complete lack of respect for authority."
"cet4","respectful","/ri'spektful | rɪˈspektfl | rɪ'spɛktfəl/","adj. 有礼貌的，尊重的","They listened in respectful silence."
"cet4","respective","/ri'spektiv | rɪ'spektɪv | rɪ'spɛktɪv/","adj. 各自的，各个的","We all went back to our respective homes to wait for news."
"cet4","respectively","/ri'spektivli | rɪ'spɛktɪvli/","adv. 各自地","The cups and saucers cost £5 and £3 respectively."
"cet4","respond","/ri'spɔnd | rɪ'spɒnd | rɪ'spɑnd/","v. 作答；响应","They are likely to respond positively to the president's request for aid."
"cet4","respondent","/rɪ'spɒndənt | rɪ'spɑndənt/","n. 回答者； 响应者； 被告","Only 62 percent of respondents said they were satisfied."
"cet4","response","/ri'spɔns | rɪˈspɒns | rɪ'spɑns/","n. 反应","His immediate response was one of disbelief."
"cet4","responsibility","/ri.spɔnsə'biliti | ri,spɔnsə'biliti | rɪˌspɑːnsəˈbɪləti/","n. 责任","Kelly’s promotion means more money and more responsibility."
"cet4","responsible","/ri'spɔnsəbl | rɪ'spɑnsəbl/","adj. 负责的，有责任的","We are determined to bring the people responsible to justice."
"cet4","responsive","/rɪ'spɒnsɪv | rɪ'spɑnsɪv/","adj. 响应的； 敏感的， 易受影响的","a car with highly responsive steering"
"cet4","restless","/'restlis | ˈrestləs | 'rɛstləs/","adj. 不安定的，焦虑的","After a few weeks in Marseille, I grew restless and decided to move on."
"cet4","restock","/,ri:'stɔk | ˌri:'stɒk/","v. 重新进货，再储存","I have to restock the freezer."
"cet4","restore","/ri'stɔ: | rɪ'stɔ:(r) | rɪ'stɔr/","v. 修复","She was hoping that the Mediterranean climate would restore her to full health."
"cet4","restrain","/ri'strein | rɪ'streɪn | rɪ'stren/","v. 抑制，遏制；限制","Renwick restrained a feeling of annoyance."
"cet4","restraint","/ri'streint | rɪ'streɪnt | rɪ'strent/","n. 抑制；遏制；克制","The police were praised for their restraint in handling the demonstrators."
"cet4","restrict","/ri'strikt | rɪ'strɪkt/","v. 限制，限定","The new law restricts the sale of hand guns."
"cet4","restriction","/ri'strikʃən | rɪ'strɪkʃn | rɪ'strɪkʃən/","n. 限制，限定","a 50 mph speed restriction"
"cet4","result","/rɪ'zʌlt/","vi. 发生； 结果; n. 结果；成果；比分","How would you cope with unemployment and the resulting loss of income?"
"cet4","resume","/rezju:'mei, ri'zju:m; -'zu:m | rɪˈzjuːm; ˈrɛzjʊmeɪ/","v. 恢复；重新开始","Peace talks will resume tomorrow."
"cet4","retail","/'ri:teil | 'ri:teɪl | 'ritel/","v & n. 零售","a retail price of £8.99"
"cet4","retailer","/'ri:teilə | 'riːteɪlə/","n. 零售商","Furniture and carpet retailers are among those reporting the sharpest annual decline in sales."
"cet4","retain","/ri'tein | rɪ'teɪn | rɪ'ten/","v. 保留,留用","You have the right to retain possession of the goods."
"cet4","retire","/ri'taiə | rɪ'taɪə | rɪ'taɪɚ/","v. 退下；引退；就寝","At the age when most people retire, he is ready to face a new career."
"cet4","retirement","/ri'taiəmənt | rɪˈtaɪəmənt | rɪ'taɪɚmənt/","n. 退休","She took early retirement (= retired at an earlier age than usual ) last year."
"cet4","retrain","/ri:'trein | ˌri:ˈtreɪn/","v. 再教育；再训练","One solution is to retrain the long-term unemployed."
"cet4","retreat","/ri'tri:t | rɪˈtri:t | rɪ'trit/","v. 退避，后退","The rebels retreated to the mountains."
"cet4","reveal","/ri'vi:l | rɪ'vil/","v. 揭露，揭示","He may be prosecuted for revealing secrets about the security agency."
"cet4","revenge","/ri'vendʒ | rɪ'vendʒ | rɪ'vɛndʒ/","n. 报仇","The attackers were said to be taking revenge on the 14-year-old, claiming he was a school bully."
"cet4","revenue","/'revənju:, -nu: | 'revənju: | 'rɛvənu/","n. 收入","advertising revenue"
"cet4","reverse","/ri'və:s | rɪ'vɜ:s | rɪ'vɝs/","a & n. （使）反转","I owe you nothing. If anything, the reverse is true (= you owe me ) ."
"cet4","review","/ri'vju: | rɪ'vjuː | rɪ'vju/","n&v. 回顾；复习","a journalist who will review the events of the past six months"
"cet4","revise","/ri'vaiz, 'ri:vaiz | rɪ'vaɪz/","v. 修订","The college has revised its plans because of local objections."
"cet4","revolt","/ri'vəult, -'vɔ:lt | rɪ'vəʊlt | rɪ'volt/","vi&n. 反抗，造反","The prime minister is now facing a revolt by members of his own party."
"cet4","revolution","/,revə'lu:ʃən | ˌrevə'lu:ʃn | 'rɛvə'lʊʃən/","n. 革命","the French Revolution of 1789"
"cet4","revolutionary","/,revə'lju:ʃənəri | revə'luːʃ(ə)n(ə)rɪ | 'rɛvə'lʊʃə'nɛri/","adj. 革命的; n. 革命者","The new cancer drug is a revolutionary breakthrough."
"cet4","reward","/ri'wɔ:d | rɪ'wɔ:d | rɪ'wɔrd/","n & v. 报答，奖赏","The school has a system of rewards and punishments to encourage good behaviour."
"cet4","rhythm","/'riðəm, 'riθəm | 'rɪð(ə)m | 'rɪðəm/","n. 韵律，格律；节奏","Drums are basic to African rhythm."
"cet4","rib","/rib | rɪb/","n. 肋，肋骨","She was taken to hospital with a broken arm and ribs."
"cet4","ribbon","/'ribən | 'rɪbən/","n. 缎带，丝带；带","little girls with ribbons in their hair"
"cet4","rid","/rid | rɪd/","v. 使摆脱，使去掉","The proposals are an attempt to rid the country of political corruption."
"cet4","ridge","/ridʒ | rɪdʒ/","n. 脊；岭，山脉；垄","We made our way carefully along the ridge."
"cet4","ridiculous","/ri'dikjuləs | rɪ'dɪkjʊləs | rɪ'dɪkjələs/","adj. 荒谬的，可笑的","That’s a ridiculous idea!"
"cet4","rifle","/'raifl | 'raɪf(ə)l | 'raɪfl/","n. 步枪，来复枪","They shot him at point blank range with an automatic rifle."
"cet4","rigid","/'ridʒid | 'rɪdʒɪd/","adj. 刚硬的；僵硬的","rigid and authoritarian methods of education"
"cet4","rigorous","/'riɡərəs | ˈrɪgərəs | 'rɪɡərəs/","adj. 严格的","a rigorous analysis of defence needs"
"cet4","ring","/riŋ | rɪŋ/","n. 拳击台","...Could I ring him tomorrow..."
"cet4","riot","/'raiət | 'raɪət/","n. 暴乱","urban riots"
"cet4","riotous","/'raiətəs | ˈraɪətəs | 'raɪətəs/","adj. 狂暴的","Their riotous behaviour led to their arrest."
"cet4","ripe","/raip | raɪp/","adj. 熟的；时机成熟的","Those tomatoes aren’t ripe yet."
"cet4","risk","/risk | rɪsk/","n. 风险，危险，冒险","It was a risk, sending a letter to my house."
"cet4","rival","/'raivəl | 'raɪvl/","n. 对手","This gives the company a competitive advantage over its rivals."
"cet4","roar","/rɔ: | rɔː | rɔr/","v. 吼叫；呼喊; n. 吼","We heard a lion roar."
"cet4","roast","/rəust | rəʊst | rost/","vt&vi. 烤，炙，烘","Are you going to roast the chicken?"
"cet4","rob","/rɒb | rɑb/","vt. 抢劫， 盗窃","They killed four policemen while robbing a bank."
"cet4","robot","/'rəubɔt, -bət, 'rɔbət | 'rəʊbɒt | 'robɑt/","n. 机器人；自动机","cars built by robots"
"cet4","rocket","/'rɔkit | 'rɒkɪt | 'rɑkɪt/","n. 火箭; v. 猛增","The rocket was launched from a space research base."
"cet4","rod","/rɔd | rɒd | rɑd/","n. 杆，竿，棒","a measuring rod"
"cet4","roll","/rəul | rəʊl | rol/","vi&vt. 滚动；转动","There was silence as the cameras started to roll."
"cet4","roller","/'rəulə | 'rəʊlə | 'rolɚ/","n. 滚柱，滚筒，滚轴","a paint roller"
"cet4","Roman","/'rəumən | 'rəʊmən | 'romən/","n. 古罗马人; adj. 罗马的","When they conquered Britain, the Romans brought this custom with them."
"cet4","romantic","/rəu'mæntik | rə(ʊ)'mæntɪk | ro'mæntɪk/","adj. 浪漫的；传奇的","‘Tom always sends me red roses on my birthday.’ ‘How romantic!’"
"cet4","rope","/rəup | rop/","n. 绳，索; vt. 用绳捆","They tied a rope around my waist and pulled me up."
"cet4","rotary","/'rəutəri | 'rəʊt(ə)rɪ | 'rotəri/","adj. 旋转的，转动的","the rotary movement of the helicopter blades"
"cet4","rotate","/rəu'teit, 'rəut-, 'rəuteit | rə(ʊ)'teɪt | 'rotet/","v. 旋转; v. 使旋转","The Earth rotates on its axis once every 24 hours."
"cet4","rotation","/rəu'teiʃən | rə(ʊ)'teɪʃ(ə)n | ro'teʃən/","n. 旋转，转动；循环","The blades spin at 100 rotations per minute."
"cet4","rotten","/'rɔtən | 'rɒt(ə)n | 'rɑtn/","adj. 腐烂的，发臭的","the smell of rotten eggs"
"cet4","rough","/rʌf/","adj. 表面不平的；粗略的","Her hands were rough from hard work."
"cet4","rouse","/rauz | raʊz/","v. 唤醒，唤起；惊起","His banging roused the neighbours."
"cet4","route","/ru:t, raut | ruːt | raʊt/","n. 路，路线，路程","the most direct route home"
"cet4","routine","/ru:'ti:n | ruː'tiːn | rʊ'tin/","n. 例行公事; adj. 日常的","John’s departure had upset their daily routine ."
"cet4","routinely","/ru:'ti:nli | ru:'ti:nlɪ | rʊ'tinli/","adv. 例行公事地","This vaccine is already routinely used."
"cet4","row","/rəu | rəʊ | ro/","n. (一)排，(一)行","(= many rows ) of shelves stacked with books"
"cet4","royal","/'rɔiəl | 'rɒɪəl | 'rɔɪəl/","adj. 王的；皇家的","the royal palace"
"cet4","rub","/rʌb/","vt. 擦， 摩擦","You’ll have to rub harder if you want to get it clean."
"cet4","rude","/ru:d | rud/","adj. 粗鲁的","a rude remark"
"cet4","rug","/rʌɡ | rʌg/","n. 小地毯；毛毯","The old lady was seated in her chair at the window, a rug over her knees."
"cet4","ruin","/'ruːɪn | 'ruɪn/","v. 毁坏; n. 毁灭；废墟","This illness has ruined my life."
"cet4","rumour","/'ruːmə | 'ru:mə/","n. 谣传， 谣言","His name has come up in the rumour mill as a possible director for the project."
"cet4","rural","/'ruərəl | 'rʊər(ə)l | 'rʊrəl/","adj. 农村的，田园的","a rural setting"
"cet4","rush","/rʌʃ/","v. 冲，奔; v. 催促","A small girl rushed past her."
"cet4","rust","/rʌst/","n. 锈; v. 生锈，氧化","There were large patches of rust on the car."
"cet4","sack","/sæk/","n. 袋，麻袋；开除","They’ve never actually given anyone the sack ."
"cet4","sacrifice","/'sækrifais | 'sækrɪfaɪs/","n&vt. 牺牲；南祭","The minister stressed the need for economic sacrifice."
"cet4","saddle","/'sædl | 'sæd(ə)l/","n. 鞍子，马鞍","It looks like a saddle."
"cet4","sail","/seil | seɪl | sel/","n. 帆；船; v. 航行","a yacht with white sails"
"cet4","sailor","/'seɪlə | 'selɚ/","n. 水手， 海员","Six British sailors drowned."
"cet4","saint","/seint | seɪnt | sent/","n. 圣人","Saint Patrick"
"cet4","sake","/seik | seɪk | [sek]/","n. 缘故，理由","He moved to the seaside for the sake of his health."
"cet4","salad","/'sæləd/","n. 色拉， 凉拌菜","Would you like some salad with your pasta?"
"cet4","salary","/'sæləri/","n. 薪金， 薪水","The average salary for a teacher is $39,000 a year."
"cet4","salesman","/'seɪlzmən | 'selzmən/","n. 售货员， 推销员","...an insurance salesman."
"cet4","sample","/'sɑ:mpl, 'sæ- | 'sɑːmp(ə)l | 'sæmpl/","n. 样品；实例，标本","They took a blood sample to test for hepatitis."
"cet4","sanction","/'sæŋkʃn | 'sæŋkʃən/","vt. 批准，认可; n. 批准， 认可； 约束因素， 约束力；  国际制裁","The church refused to sanction the king’s second marriage."
"cet4","satellite","/'sætəlait | 'sætəlaɪt/","n. 卫星；人造卫星","the launch of a communications and weather satellite"
"cet4","satisfactory","/,sætis'fæktəri | sætɪs'fækt(ə)rɪ | ,sætɪs'fæktəri/","adj. 令人满意的，良好的","His progress this term has been satisfactory."
"cet4","sauce","/sɔːs | sɔs/","n. 调味汁， 作料","spaghetti sauces"
"cet4","saucer","/'sɔ:sə | 'sɔːsə | 'sɔsɚ/","n. 茶托，浅碟","a china cup and saucer"
"cet4","sausage","/'sɔsidʒ, 'sɔ:- | 'sɒsɪdʒ | 'sɔsɪdʒ/","n. 香肠，腊肠","pork sausages"
"cet4","save","/seɪv | sev/","v. 节省","We’ll save a lot of time if we go by car."
"cet4","saving","/'seɪvɪŋ | 'sevɪŋ/","n. 节省， 节约； 储蓄金， 存款","Buying a house had taken all their savings."
"cet4","saw","/sɔː | sɔ/","n. 锯子; v. 锯，锯开","She was in the back yard sawing logs."
"cet4","say","/sei | seɪ | se/","v. 比如说[用于举例]","‘I’m so tired,’ she said."
"cet4","scale","/skeil | skeɪl | skel/","n. 规模，比例","A structural survey revealed the full scale of the damage."
"cet4","scan","/skæn/","v. 细看；浏览；扫描","He scanned the horizon, but there was no sign of the ship."
"cet4","scandal","/'skændl/","n. 丑事， 丑闻； 流言蜚语； 反感， 愤慨","It caused quite a scandal when he left his wife."
"cet4","scarce","/skeəs | skɛrs/","adj. 缺乏的， 不足的； 稀少的， 罕见的","Food was often scarce in the winter."
"cet4","scarcely","/'skεəsli | 'skeəslɪ | 'skɛrsli/","adv. 仅仅；几乎不","The city had scarcely changed in 20 years."
"cet4","scare","/skeə | skɛr/","v. 吓， 使害怕； 受惊吓， 感到害怕; n. 惊恐，恐慌","Loud noises can scare animals or birds."
"cet4","scary","/'skeəri | 'skɛri/","adj. 引起惊慌的",""
"cet4","scatter","/'skætə | 'skætɚ/","v. 使消散；撒；散播","The sound of gunfire made the crowd scatter in all directions."
"cet4","scenery","/'si:nəri | 'siːn(ə)rɪ | 'sinəri/","n. 舞台布景；风景","The best part of the trip was the fantastic scenery."
"cet4","schedule","/'ʃədju:əl, -dʒu:əl, 'skedʒu:əl, -dʒuəl | 'skedʒul | 'skɛdʒul; (canadian) ˈʃɛdʒʊl; ˈʃɛdjʊl/","n. 日程表","How can he fit everything into his busy schedule ?"
"cet4","scheme","/ski:m | skiːm | skim/","n. 计划，规划；诡计","The money will be used for teacher training schemes."
"cet4","scholar","/'skɔlə | 'skɒlə | 'skɑlɚ/","n. 学者(尤指文学方面)","the great Dutch scholar Erasmus"
"cet4","scholarship","/'skɔləʃip | 'skɑlɚʃɪp/","n. 奖学金","He got a scholarship to the Pratt Institute of Art."
"cet4","scientific","/,saiən'tifik | saɪən'tɪfɪk | ,saɪən'tɪfɪk/","adj. 科学(上)的","We believe in investing in scientific research."
"cet4","scissors","/'sizəz | 'sɪzəz | 'sɪzɚz/","n. 剪刀，剪子","a pair of scissors"
"cet4","scold","/skəuld | skold/","v. 责骂， 训斥","Do not scold the puppy, but simply and firmly say ‘no’."
"cet4","scope","/skəup | skəʊp | skop/","n. 范围","measures to limit the scope of criminals’ activities"
"cet4","score","/skɔ: | skɔː | skɔ/","n. 得分，比数，成绩","At half-time the score was one all."
"cet4","scout","/skaut | skaʊt/","n. 侦察员，侦察机","He sent three scouts ahead to take a look at the bridge."
"cet4","scrape","/skreip | skreɪp | skrep/","vt&vi&n. 刮，擦","Scrape the carrots and slice them thinly."
"cet4","scratch","/skrætʃ/","n. 抓，划痕","There were deep scratches all over her face."
"cet4","scream","/skriːm | skrim/","vi. 尖叫，呼啸; n. 尖叫声","After the first few shots, people started screaming."
"cet4","screen","/skri:n | skrin/","v. 筛查","All women over 50 will be regularly screened."
"cet4","screw","/skru: | skruː | skru/","n. 螺旋，螺丝; v. 拧紧","Fix the frame in position and tighten the screws ."
"cet4","script","/skrɪpt/","n. 剧本， 广播稿； 书写用的字母； 笔迹， 手迹","a diary entry written in neat black script"
"cet4","seal","/si:l | sil/","n. 封蜡；印记; v. 封","The seal on the box broke when it fell from its hiding-place."
"cet4","secondary","/'sekəndəri | 'sek(ə)nd(ə)rɪ | 'sɛkəndɛri/","adj. 第二的；次要的","the novel’s secondary characters"
"cet4","secretary","/'sekrətəri | 'sekrɪt(ə)rɪ | 'sɛkrətɛrɪ/","n. 秘书；书记；大臣","My secretary will fax you all the details."
"cet4","section","/'sekʃ(ə)n | 'sɛkʃən/","n. 切片；一段；部门","The plane’s tail section was found in a cornfield."
"cet4","sector","/'sektə | 'sɛktɚ/","n. 部门， 部分； 防御地段， 防区； 扇形","...the nation's manufacturing sector."
"cet4","secure","/si'kjuə | sɪ'kjʊə(r) | sə'kjʊr/","v. 确保……安全","Troops were sent to secure the border."
"cet4","security","/si'kjuəriti | sɪ'kjʊərətɪ | sə'kjʊrəti/","n. 安全，安保","The trial was held under tight security ."
"cet4","seed","/si:d | siːd | sid/","n. 种(子)，籽，萌芽","I sow the seed in pots of soil-based compost."
"cet4","seek","/si:k | siːk | sik/","v. 寻找，探索；试图","new graduates seeking employment"
"cet4","seemingly","/'si:miŋli | 'siːmɪŋlɪ | 'simɪŋli/","adv. 表面上看","seemingly unrelated bits of information"
"cet4","segment","/'segmənt | 'sɛɡmənt/","n. 部分， 片段； 瓣","Decorate with orange segments."
"cet4","seize","/si:z | siz/","v. 抓住","Suddenly he seized my hand."
"cet4","seldom","/'seldəm | 'sɛldəm/","adv. 很少，罕见","Karen had seldom seen him so angry."
"cet4","select","/sɪ'lekt | sə'lɛkt/","adj. 精选的， 挑选出来的； 优等的， 第一流的; vt. 选择，挑选","The party was small and select."
"cet4","selection","/si'lekʃən | sɪ'lekʃn | sɪ'lɛkʃən/","n. 选择，挑选","The judges have made their final selection."
"cet4","selective","/si'lektiv | sɪ'lɛktɪv/","adj. 选择的,精选的","selective schools"
"cet4","selfish","/'selfiʃ | 'sɛlfɪʃ/","adj. 自私的","How can you be so selfish?"
"cet4","semester","/sɪ'mestə | səˈmɛstɚ/","n. 学期","the fall semester"
"cet4","semiconductor","/,semikən'dɔktə, ,semai- | ,semɪkən'dʌktə | ,sɛmɪkən'dʌktɚ/","n. n.; n. 半导体","In semiconductor receivers transistors take the place of vacuum tubes."
"cet4","seminar","/'semɪnɑː | 'sɛmɪnɑr/","n. 研究班， 研讨会","a Shakespeare seminar"
"cet4","senate","/'senit | 'senɪt | 'sɛnət/","n. 参议院，上院","The Senate approved the bill."
"cet4","senator","/'senətə | 'sɛnətɚ/","n. 参议员","Senator Kennedy"
"cet4","senior","/'si:njə | 'siːnɪə | 'sinɪɚ/","n. 老年人","Seniors can get a 10% discount."
"cet4","sensible","/ˈsensəbl | 'sɛnsəbl/","adj. 明智的","She seems very sensible."
"cet4","sensitive","/'sensətɪv | 'sɛnsətɪv/","adj. 敏感的","a very sensitive child"
"cet4","sentence","/'sentəns | 'sɛntəns/","v & n. 判决","She received an eight-year prison sentence."
"cet4","separate","/(for v.) ˈsepəreɪt; (for adj.) ˈseprət | (for v.) sɛpəˌret; (for adj.) sɛprɪt/","adj. 分离的；个别的","The gym and the sauna are in separate buildings."
"cet4","separately","/'sepəritli | ˈseprətli | 'sɛprətli/","adv. 分别地，另行","Cook each vegetable separately until just tender."
"cet4","sequence","/'si:kwəns | 'siːkw(ə)ns | 'sikwəns/","n. 连续，继续；次序","Be careful to perform the actions in the correct sequence ."
"cet4","series","/'siəri:z, -riz | 'sɪəriːz; -rɪz | 'sɪriz/","n. 连续，系列；丛书","the series of events that led to the outbreak of war"
"cet4","serve","","vt. 为…服务；招待","There was only one girl serving customers ."
"cet4","session","/'seʃən | ˈseʃn | 'sɛʃən/","n. 开会，会议","Board members met in closed session (= with nobody else present ) ."
"cet4","setting","/'setiŋ | ˈsetɪŋ | 'sɛtɪŋ/","n. 背景，环境","I’ve worked with children in various settings, mainly in secondary school."
"cet4","settle","/'setl | 'set(ə)l | 'sɛtl/","v. 安排；安放；调停","Albert settled himself on the sofa."
"cet4","settlement","/'setlmənt | 'set(ə)lm(ə)nt | 'sɛtlmənt/","n. 解决；殖民，殖民地","Union leaders and company bosses will meet tomorrow in an attempt to reach a settlement ."
"cet4","severe","/si'viə | sɪ'vɪə | sɪ'vɪr/","adj. 严重的","His injuries were quite severe."
"cet4","sew","/səu | səʊ | so/","v. 缝制; v. 缝纫","I learned to sew at school."
"cet4","sexism","/'seksɪzəm | 'sɛk'sɪzəm/","n. 性别偏见， 性别歧视","sexism in the workplace"
"cet4","sexual","/'sekʃuəl | sɛkʃʊəl/","adj. 性的， 两性的； 性别的","a disease passed on by sexual contact"
"cet4","shade","/ʃeid | ʃeɪd | ʃed/","n. 阴凉处","a plant that needs a lot of shade"
"cet4","shallow","/'ʃæləu | 'ʃælo/","adj. 浅的；浅薄的; n. 浅滩， 浅水处","a shallow river"
"cet4","shave","/ʃeɪv | ʃev/","v. 剃，刮; v. 修面","He hadn’t shaved for days."
"cet4","shear","/ʃiə | ʃɪə | ʃɪr/","v. 剪；剥夺; v. 剪","Though shorn of some of its powers, the party remains in control."
"cet4","shed","","vt. 流出；散发；脱落","He strode across the bathroom, shedding wet clothes as he went."
"cet4","sheer","/ʃɪə | ʃɪr/","adv. 垂直地，陡峭地; vi. 急转向， 偏离; adj. 完全的，十足的；陡峭的，垂直的；极薄的，透明的","cliffs which rose sheer from the sea"
"cet4","sheet","/ʃi:t | ʃiːt | ʃit/","n. 被单；纸张；薄板","I’ll go and find you some clean sheets and blankets."
"cet4","shelf","/ʃelf | ʃɛlf/","n. 搁板，架子","shelves of books"
"cet4","shell","/ʃel | ʃɛl/","n. 壳，贝壳；外壳，框架；炮弹; vt. 剥…的壳； 炮击","We ran for cover as shells dropped all around us."
"cet4","shelter","/'ʃeltə | 'ʃɛltɚ/","n. 隐蔽处；掩蔽，庇护","The men took shelter in a bombed-out farmhouse."
"cet4","shield","/ʃi:ld | ʃiːld | ʃild/","n. 盾；防护物; v. 保护","He used his left hand as a shield against the reflecting sunlight."
"cet4","shift","/ʃift | ʃɪft/","v. 替换，转移; n. 转换","They need to shift from farming to industry, and they need to do so desperately."
"cet4","shiver","/'ʃivə | 'ʃɪvə | 'ʃɪvɚ/","v. 颤抖，哆嗦; n. 冷颤","Jake stood shivering in the cold air."
"cet4","shock","/ʃɔk | ʃɒk | ʃɑk/","v. 感到震惊","The hatred in her voice shocked him."
"cet4","shoot","/ʃu:t | ʃuːt | ʃut/","v. 发射；射中; n. 发芽","Police shot one suspect when he pulled a gun on them."
"cet4","shore","/ʃɔ: | ʃɔː | ʃɔr/","n. 滨，岸","We could see a boat about a mile from shore."
"cet4","shortage","/'ʃɔ:tidʒ | 'ʃɔːtɪdʒ | 'ʃɔrtɪdʒ/","n. 不足，缺少，不足额","There is no heating available due to fuel shortages."
"cet4","shortcoming","/'ʃɔːtkʌmɪŋ | 'ʃɔrtkʌmɪŋ/","n. 短处， 缺点","Peter was painfully aware of his own shortcomings."
"cet4","shortcut","/'ʃɔ:tkʌt | 'ʃɔrt,kʌt/","n. 捷径，近路","I tried to take a shortcut and got lost."
"cet4","shortly","/'ʃɔ:tli | 'ʃɔːtlɪ | 'ʃɔrtli/","adv. 立刻；简短地","Ms Jones will be back shortly."
"cet4","shot","/ʃɒt | ʃɑt/","n. 发射；弹丸；射门","He shot all his bullets, but no one hit."
"cet4","shower","/'ʃauə | 'ʃaʊə | 'ʃaʊɚ/","n. 阵雨；(一)阵；淋浴","Why does the phone always ring when I’m in the shower?"
"cet4","showmanship","/'ʃəumənʃip | ˈʃəʊmənʃɪp | 'ʃomənʃɪp/","n. 主技演出的技巧","Michael has influenced so many artists, some of whom are picking up on the grandeur and showmanship of his live performances."
"cet4","shriek","/ʃri:k | ʃriːk | ʃrik/","v. 尖声喊叫; n. 尖叫声","They were dragged from their homes, shrieking and weeping."
"cet4","shrink","/ʃrɪŋk/","v. 起皱； 收缩； 退缩， 畏缩","I’m worried about washing that shirt in case it shrinks."
"cet4","shrug","/ʃrʌg | ʃrʌɡ/","n&v. 耸肩","I just shrugged my shoulders and ignored him."
"cet4","sideways","/'saidweiz | ˈsaɪdweɪz | 'saɪdwez/","adv. 向侧面","They brought the piano sideways through the front door."
"cet4","sigh","/saɪ/","vi. 叹气， 叹息; n. 叹息","‘Well, there’s nothing we can do about it now,’ she sighed."
"cet4","sightseeing","/'saitsi:iŋ | ˈsaɪtsi:ɪŋ | 'saɪtsiɪŋ/","n. 观光","She swam and sunbathed, went sightseeing and relaxed."
"cet4","sign","/saɪn/","n. 符号；招牌; n. 签名","the dollar sign"
"cet4","signal","/'signəl | 'sɪgnl/","n & v. 信号，发信号","At a prearranged signal the lights went out."
"cet4","signature","/'signətʃə | 'sɪgnətʃə | 'sɪgnətʃɚ/","n. 签名","Her signature is totally illegible (= cannot be read ) ."
"cet4","significance","/siɡ'nifikəns | sɪg'nɪfɪk(ə)ns | sɪɡ'nɪfɪkəns/","n. 意义，意味；重要性","Ideas about the social significance of religion have changed over time."
"cet4","significant","/sig'nifikənt | sɪɡ'nɪfɪkənt/","adj. 重要的","His most significant political achievement was the abolition of the death penalty."
"cet4","silence","/'sailəns | 'saɪləns/","n. 沉默; v. 使沉默","There was a brief silence before anyone answered."
"cet4","silent","/'sailənt | 'saɪlənt/","adj. 沉默的；寂静无声的","The large house was silent and lonely."
"cet4","silk","/silk | sɪlk/","n. 蚕丝，丝，丝织品","pure silk stockings"
"cet4","silly","/'sɪlɪ | 'sɪli/","adj. 傻的，愚蠢的","Stop asking silly questions."
"cet4","silver","","n. 银；银子；银器","...The snake has been named silver boa because it is metallic colored and the first specimen found was climbing a silver palm tree..."
"cet4","similar","/'similə | 'sɪməlɚ/","adj. 相似的","We have similar tastes in music."
"cet4","similarly","/'similəli | 'sɪməlɚli/","adv. 类似地，相似地","The first letter she wrote me was less than a page long, and her second letter was similarly brief."
"cet4","simplicity","/sim'plisiti | sɪm'plɪsɪtɪ | sɪm'plɪsəti/","n. 简单","Mona wrote with a beautiful simplicity of style."
"cet4","simplify","/'simplifai | ˈsɪmplɪfaɪ | 'sɪmplɪfaɪ/","v. 简化","an attempt to simplify the tax system"
"cet4","simply","/'simpli | 'sɪmplɪ | 'sɪmpli/","adv. 简单地；朴素地","Try to express yourself more simply."
"cet4","sin","/sɪn/","vi. 犯戒律， 犯过失; n. 罪，罪孽","The Spanish Inquisition charged him with sinning against God and man."
"cet4","sincere","/sin'siə | sɪn'sɪə | sɪn'sɪr/","adj. 真诚的；真挚的","Please accept my sincere apologies ."
"cet4","single","/'sɪŋgl | 'sɪŋɡl/","adj. 单一的；独身的；单程的; n. 单程票；","A single tree gave shade from the sun."
"cet4","singular","/'siŋɡjulə | 'sɪŋgjʊlə | 'sɪŋɡjəlɚ/","adj. 单一的；非凡的","the singular form of the noun"
"cet4","site","/sait | saɪt/","n. 场所，地址","an archaeological site"
"cet4","situation","/,sitju'eiʃən, -tʃu- | ˌsɪtʃuˈeɪʃn | ,sɪtʃu'eʃən/","n. 情况","I explained the situation to everyone."
"cet4","sketch","/sketʃ | skɛtʃ/","n. 略图；速写；概略","...thumbnail sketches of heads of state and political figures."
"cet4","skilled","/skild | skɪld/","adj. 有技能的，熟练的","Skilled craftsmen, such as carpenters, are in great demand."
"cet4","skillful","/'skilful | 'skɪlfəl/","adj. 灵巧的，娴熟的","With a skillful movement he rounded the small fishing-boat."
"cet4","skim","/skim | skɪm/","v. 掠过，擦过；略读","Julie skimmed the sports page."
"cet4","skyrocket","/'skai,rɔkit | 'skaɪrɒkɪt | 'skaɪ'rɑkɪt/","v. 突升，猛涨","The trade deficit has skyrocketed."
"cet4","slam","/slæm/","v. 使劲关，砰地放下","We heard a car door slam."
"cet4","slap","/slæp/","vt. 掴，掌击，拍；啪的一声放; n. 掴， 掌击， 拍","Sarah slapped Aaron across the face."
"cet4","slave","/sleiv | sleɪv/","n. 奴隶","a slave to fashion"
"cet4","sleeve","/sli:v | sliːv | sliv/","n. 袖子，袖套","a dress with long sleeves"
"cet4","slender","/'slendə | 'slɛndɚ/","adj. 细长的；微薄的","She is slender and stylish."
"cet4","slice","/slais | slaɪs/","n. 薄片，切片；部分","pizza slices"
"cet4","slide","/slaɪd/","v. 滑; v. 使滑动; n. 滑","He slid open the door of the glass cabinet."
"cet4","slight","/slaɪt/","adj. 轻微的，微小的; v. 侮慢；轻视，冷落","a slight improvement"
"cet4","slightly","/'slaitli | ˈslaɪtli | 'slaɪtli/","adv. 轻微地","His family then moved to a slightly larger house."
"cet4","slim","/slɪm/","adj. 苗条的；薄的；少的; v. 减轻体重， 变苗条","a slim young woman"
"cet4","slip","/slɪp/","v. 滑跤，滑落，溜；下降，跌落；悄悄放进; n. 疏漏， 差错","Ben slipped quietly out of the room."
"cet4","slippery","/'slipəri | ˈslɪpəri | 'slɪpəri/","adj. 模糊的，不明确的，滑的","In places, the path can be wet and slippery."
"cet4","slit","/slit | slɪt/","n. 裂缝; v. 切开，撕开","light shining through a slit in the door"
"cet4","slope","/sləup | sləʊp | slop/","n. 倾斜；斜面; v. 倾斜","a steep slope"
"cet4","smart","/smɑːt | smɑrt/","adj. 巧妙的；洒脱的","The smart kids get good grades and go off to college."
"cet4","smash","/smæʃ/","v. 粉碎，打烂；狠打，猛击；破灭，失败；猛撞，猛冲; n. 破碎 ； 猛击， 猛撞； 轰动的演出， 巨大的成功","Vandals had smashed all the windows."
"cet4","smooth","/smu:ð | smuːð | smʊð/","adj. 光滑的","Her skin felt smooth and cool."
"cet4","snack","/snæk/","n. 零食，小吃","I grabbed a quick snack."
"cet4","snap","/snæp/","v. 咔嚓折断，啪地绷断；吧嗒一声；猛咬；厉声说话，怒声责骂; adj. 仓促的， 突然的; n. 吧嗒声；快照","A twig snapped under my feet."
"cet4","soak","/səuk | səʊk | sok/","v. 浸，泡; v. 浸泡","Soak the clothes in cold water."
"cet4","soar","/sɔ: | sɔ:(r) | sɔr/","v. 猛增","Her temperature soared."
"cet4","so-called","/ˌsəu'kɔːld | ,so'kɔld/","adj. 所谓的， 号称的","The so-called experts couldn’t tell us what was wrong."
"cet4","social","/'səuʃl | 'soʃl/","adj. 社会的； 交际的， 社交的","social issues, such as unemployment and education"
"cet4","socialism","/'səuʃəlɪzəm | 'soʃəlɪzəm/","n. 社会主义","From then on we proceeded to build socialism."
"cet4","socialist","/'səuʃəlɪst | 'soʃəlɪst/","n. 社会主义者","Esperanto has always been popular among socialists."
"cet4","socialize","/'səuʃəlaiz | 'səʊʃəlaɪz | 'soʃəlaɪz/","v. 交往，联谊","...an open meeting, where members socialized and welcomed any new members."
"cet4","sociology","/ˌsəusi'ɒlədʒi | ,sosɪ'ɑlədʒi/","n. 社会学","Basic courses in sociology and psychology as well as other humanities courses give students plenty of opportunity to explore their own emotions."
"cet4","soda","/'səudə | 'sodə/","n. 碳酸钠， 纯碱； 汽水， 苏打水","a Scotch and soda"
"cet4","software","/'sɒftweə | 'sɔftwɛr/","n. 软件","She loaded the new software ."
"cet4","soil","/sɔil | sɒɪl | sɔɪl/","v. 弄脏; v. 变脏","She moistenend  the soil round the plant."
"cet4","solar","/'səulə | 'səʊlə | 'solɚ/","adj. 太阳的，日光的","a solar eclipse"
"cet4","sole","/səul | səʊl | sol/","n. 脚底，鞋底，袜底","The soles of his feet were caked in mud."
"cet4","solely","/'səulli | ˈsəʊlli | 'solli/","adv. 单独地，唯一地","Scholarships are given solely on the basis of financial need."
"cet4","solemn","/'sɔləm | 'sɒləm | 'sɑləm/","adj. 庄严的；隆重的","a solemn expression"
"cet4","solicitor","/sə'lɪsɪtə | sə'lɪsɪtɚ/","n. 律师， 法律顾问","You need to see a solicitor."
"cet4","solid","/'sɔlid | ˈsɒlɪd | 'sɑlɪd/","adj. 扎实的，坚实的","The lake was frozen solid ."
"cet4","soluble","/'sɔljubl | 'sɒljʊb(ə)l | 'sɑljəbl/","adj. 可溶的；可以解决的","soluble aspirin"
"cet4","solution","/sə'lju:ʃən | sə'lu:ʃən | sə'luʃən/","n. 解决，解答，解决办法","The best solution would be for them to separate."
"cet4","solve","/sɔlv, sɔ:lv | sɒlv | sɔlv/","v. 解决","Charlie thinks money will solve all his problems."
"cet4","somebody","/'sʌm,bɔdi, -bʌ-, -bə- | 'sʌmbədɪ | 'sʌmbədi/","pron. 某人，有人","There’s somebody waiting to see you."
"cet4","somehow","/'sʌmhaʊ/","adv. 由于某种原因","Somehow, I just don’t think it’ll work."
"cet4","sometime","/'sʌmtaim | 'sʌmtaɪm/","adv. 在某一时候；从前","The sales figures won't be released until sometime next month."
"cet4","somewhat","/'sʌmhwɔt, -hwət | 'sʌmwɒt | 'sʌmwʌt/","pron. 一点儿; adv. 有点","Things have changed somewhat since then."
"cet4","sophisticated","/sə'fistikeitid | sə'fɪstɪkeɪtɪd | sə'fɪstɪketɪd/","adj. 复杂的；世故的","sophisticated software"
"cet4","sore","/sɔ: | sɔː | sɔr/","adj. 痛的；恼火的; n. 疮","I had a sore throat and aching limbs."
"cet4","sorrow","/'sɔrəu, 'sɔ:- | 'sɒrəʊ | sɑro/","n. 悲痛，悲哀，悲伤","the family’s joys and sorrows"
"cet4","sort","/sɔ:t | sɔːt | sɔrt/","n. 种类；类别; v. 整理","Most of the victims developed psychological problems of one sort or another (= of various different types ) ."
"cet4","sound","/saund | saʊnd/","adj. 健康的；完好的","a sound understanding of money and banking systems"
"cet4","sour","/'sauə | saʊə | 'saʊɚ/","adj. 酸的；脾气坏的","Rachel sampled the wine. It was sour."
"cet4","source","/sɔ:s | sɔːs | sɔrs/","n. 来源","They get their money from various sources."
"cet4","sow","/səu | səʊ | so/","v. 播(种); v. 播种","Sow the seeds in late March."
"cet4","spacecraft","/'speiskrɑ:ft, -kræft | 'speɪskrɑːft | 'speskræft/","n. 航天器，宇宙飞船","...the world's largest and most expensive unmanned spacecraft."
"cet4","spade","/'speid | speɪd | sped/","n. 铲，铁锹","...a garden spade."
"cet4","span","//spæn/ | spæn/","n. 跨距；一段时间","It’ll be difficult to hire that many new staff in such a short time span ."
"cet4","spare","/spεə | speə(r) | spɛr/","adj. 空闲的","Have you got any spare boxes?"
"cet4","spark","/spɑ:k | spɑːk | spɑrk/","n. 火花，; n. 火星","sparks from the fire"
"cet4","specialist","/'speʃəlist | 'speʃ(ə)lɪst | 'spɛʃəlɪst/","n. 专家","a heart specialist"
"cet4","specialize","/'speʃəlaiz | 'speʃəlaɪz | 'spɛʃəlaɪz/","v. 专业从事",""
"cet4","species","/'spiːʃiːz | 'spiʃiz/","n. 种， 类","Seven species of birds of prey have been observed."
"cet4","specific","/spi'sifik | spɪ'sɪfɪk/","adj. 特定的，具体的","games suitable for specific age groups"
"cet4","specifically","/spə'sɪfɪkli/","adv. 特别地， 特定地； 明确地， 具体地","advertising that specifically targets children"
"cet4","specify","/'spesəfai, -si- | ˈspesɪfaɪ | 'spɛsɪfaɪ/","v. 指定，具体说明","Payments will be made for a specified number of months."
"cet4","specimen","/'spesimin, -əmən | 'spesɪmɪn | 'spɛsəmən/","n. 样本，标本，样品","a blood specimen"
"cet4","spectacular","/spek'tækjələ | spɛk'tækjəlɚ/","adj. 壮观的，引人注目的; n. 壮观的演出； 惊人之举","a mountainous area with spectacular scenery"
"cet4","speculate","/'spekjuleɪt | 'spɛkjə'let/","v. 推测， 推断； 投机， 做投机买卖","She refused to speculate."
"cet4","spelling","/'spelɪŋ | 'spɛlɪŋ/","n. 拼字， 拼法， 拼写法","Her spelling has improved."
"cet4","sphere","/sfiə | sfɪə | sfɪr/","n. 球体, 范围","Because the earth spins, it is not a perfect sphere."
"cet4","spider","/'spaɪdə | 'spaɪdɚ/","n. 蜘蛛","What should I find but an enormous spider!"
"cet4","spill","/spil | spɪl/","v. 使溢出; v. 溢出","Katie almost spilled her milk."
"cet4","spin","/spin | spɪn/","v. 纺；使旋转; n. 旋转","The plane’s propellers were spinning."
"cet4","spiritual","/'spɪrɪtʃuəl | 'spɪrɪtʃʊəl/","adj. 精神的， 心灵的； 宗教的","Painting helps fill a spiritual need for beauty."
"cet4","spit","/spɪt/","v. 吐唾沫，吐出; n. 唾沫， 唾液","Nick rolled down his window and spat."
"cet4","spite","/spait | spaɪt/","n. n.; n. 恶意,怨恨,不顾; n. vt.; n. 刁难,欺侮","We went out in spite of the rain."
"cet4","splendid","/'splendɪd | 'splɛndɪd/","adj. 壮丽的； 极好的","a splendid idea"
"cet4","split","/split | splɪt/","v. 劈开; v. 被劈开","The branch split under their weight."
"cet4","spoil","/spɒɪl | spɔɪl/","v. 损坏，糟蹋；宠坏","The whole park is spoiled by litter."
"cet4","spokesman","/'spəuksmən | 'spoksmən/","n. 发言人","a White House spokesman"
"cet4","sponsor","/'spɔnsə | 'spɒnsə(r) | 'spɑnsɚ/","v. 赞助","Dozens of companies, including Hewlett-Packard, are sponsoring the event."
"cet4","spontaneous","/spɔn'teiniəs | spɒnˈteɪniəs | spɑn'tenɪəs/","adj. 自发的","The crowd gave a spontaneous cheer."
"cet4","sportsman","/'spɔ:tsmən | 'spɔːtsmən | 'spɔrtsmən/","n. 运动员","He’s a very keen sportsman ."
"cet4","spot","/spɒt | spɑt/","n. 点，斑点；地点，处所；少量; vt. 认出， 发现； 玷污","a nice quiet spot on the beach"
"cet4","spray","/sprei | spreɪ/","n. 浪花；喷雾; v. 喷","a new hair styling spray"
"cet4","spread","/spred | sprɛd/","v. 传播，扩撒","The industrial revolution, which started a couple of hundred years ago in Europe, is now spreading across the world."
"cet4","spring","/spriŋ | sprɪŋ/","v. 跳，跃; n. 跳跃；泉","He sprang to his feet (= stood up suddenly ) and rushed after her."
"cet4","spur","/spə: | spɜː | spɝ/","n. 刺激物; v. 刺激","The band were spurred on by the success of their last two singles."
"cet4","square","/skwεə | skweə | skwɛr/","n. 正方形；广场","First of all, draw a square."
"cet4","squeeze","/skwi:z | skwiːz | skwiz/","v. 压，榨","She smiled as he squeezed her hand."
"cet4","stability","/stə'biliti | stə'bɪlɪtɪ | stə'bɪləti/","n. 稳定，稳定性，巩固","a period of relative stability"
"cet4","stable","/'steibl | 'steɪb(ə)l | 'stebl/","adj. 稳定的，不变的","A wide base will make the structure much more stable."
"cet4","stack","/stæk/","n. 堆，垛; v. 堆积","stacks of dirty dishes"
"cet4","stadium","/'steɪdiəm | 'stedɪəm/","n. 运动场， 体育场","the new Olympic Stadium"
"cet4","staff","/stɑ:f, stæf | stɑːf | stæf/","n. 工作人员；参谋","10 staff were allocated to the task."
"cet4","stage","/steidʒ | steɪdʒ | stedʒ/","n. 舞台；戏剧；阶段","We’re getting to the stage where we hardly ever go out together."
"cet4","stain","/stein | steɪn | sten/","v. 沾污；给…着色","We’ve decided to stain the shelves blue."
"cet4","stair","/stεə | steə | stɛr/","n. 楼梯","We walked up four flights of stairs (= sets of stairs ) ."
"cet4","stake","/steik | steɪk | stek/","n. 风险","They have to win the contract – thousands of jobs are at stake."
"cet4","stale","/steil | steɪl | stel/","adj. 乏味的，没有新意的","French bread goes stale (= becomes stale ) very quickly."
"cet4","standardize","/'stændədaiz | 'stændɚdaɪz/","v. 使标准化","Attempts to standardize English spelling have never been successful."
"cet4","standpoint","/'stændpɔint | ˈstændpɔɪnt | 'stændpɔɪnt/","n. 立场","a discussion of marriage from the standpoint of women"
"cet4","stare","/steə | stɛr/","n&vi. 盯， 凝视","She sat there staring into space (= looking for a long time at nothing ) ."
"cet4","startle","/'stɑ:tl | 'stɑrtl/","v. 吃惊","Sorry, I didn’t mean to startle you."
"cet4","startup","/'sta:tʌp | stɑ:tʌp | 'stɑrt'ʌp/","n. 启动，开办","You should see something like  Figure 3 after startup."
"cet4","starve","/stɑːv | stɑrv/","v. 挨饿， 饿死","Thousands of people will starve if food doesn’t reach the city."
"cet4","statement","/'steɪtmənt | 'stetmənt/","n. 陈述， 声明； 结算单， 报表","In an official statement, she formally announced her resignation."
"cet4","static","/'stætik | 'stætɪk/","adj. 静的；静态的","Economists predict that house prices will remain static for a long period."
"cet4","statistic","/stə'tɪstɪk/","n. 统计数值， 统计资料； 统计学","The statistic comes from a study recently conducted by the British government."
"cet4","statistical","/stə'tistikəl | stə'tɪstɪk(ə)l | stə'tɪstɪkl/","adj. 统计的，统计学的","The report contains a great deal of statistical information."
"cet4","statistics","/stə'tistiks | stə'tɪstɪks/","n. 统计学；数据","statistics for earnings by different age groups"
"cet4","statue","/'stætju:, -tʃu | 'stætjuː; -tʃuː | 'stætʃu/","n. 塑像，雕像，铸像","Churchill’s statue stands outside the parliament building."
"cet4","status","/'steɪtəs | ˈstætəs; ˈstetəs/","n. 地位","These documents have no legal status in Britain."
"cet4","steady","/'stedi | 'stedɪ | 'stɛdi/","adj. 稳定的，逐步的","Paul is making steady progress."
"cet4","steal","/sti:l | stil/","v. 偷窃","Boys broke into a shop and stole £45 in cash."
"cet4","steam","/sti:m | stiːm | stim/","n. 蒸汽; v. 蒸发; v. 蒸","Steam rose from the hot tub."
"cet4","steamer","/'sti:mə | 'stiːmə | 'stimɚ/","n. 轮船，汽船","The steamer touched at 3 ports."
"cet4","steel","/sti:l | stiːl | stil/","n. 钢，钢铁","a steel bridge"
"cet4","steep","/sti:p | stiːp | stip/","adj. 急剧升/降的；陡峭的","The road became rocky and steep."
"cet4","steer","/stiə | stɪə(r) | stɪr/","v. 驾驶","He was steering with only one hand."
"cet4","stem","/stem | stɛm/","n. 茎，(树)干; v. 起源","long-stemmed wine glasses"
"cet4","stereotype","/'steriəutaip, 'stiə- | 'steriətaip | 'stɛrɪətaɪp/","n. 老套，固定模式","There's always been a stereotype about successful businessmen."
"cet4","sticky","/'stiki | 'stɪkɪ | 'stɪki/","adj. 粘的","There’s some sticky stuff in your hair."
"cet4","stiff","/stɪf/","adj. 硬的；僵直的","I never felt stiff after training until I was in my thirties."
"cet4","stimulate","/'stimjuleit | 'stɪmjʊleɪt | 'stɪmjə'let/","v. 刺激","Her interest in art was stimulated by her father."
"cet4","sting","/stiŋ | stɪŋ/","v. 刺；刺痛; vi&n. 刺","He was stung by a bee."
"cet4","stir","/stə: | stɜː | stɝ/","v. 搅动；煽动，激起","Stir the paint to make sure it is smooth."
"cet4","stock","/stɒk | stɑk/","n. 库存，股票","the trading of stocks and shares"
"cet4","stocking","/'stɔkiŋ | 'stɒkɪŋ | 'stɑkɪŋ/","n. 长(统)袜","I want you stuffed in my stocking."
"cet4","stoop","/stu:p | stuːp | stʊp/","v. 俯身；弯身; n. 弯腰","We had to stoop to pass through the low entrance."
"cet4","storage","/'stɔridʒ | 'stɔːrɪdʒ | 'stɔrɪdʒ/","n. 贮藏；贮藏量","the storage of highly radioactive material"
"cet4","store","/stɔ: | stɔː | stɔr/","n. 贮藏；贮存品；商店","At Christmas the stores stay open late."
"cet4","storey","/'stɔ:ri | 'stɔːrɪ | 'stɔri/","n. (层)楼","...long brick buildings, two storeys high."
"cet4","stove","/stəuv | stəʊv | stov/","n. 炉，火炉，电炉","a wood-burning stove"
"cet4","strain","/streɪn | stren/","v. 扭伤，拉伤","I’ve strained a muscle in my leg."
"cet4","strange","/streindʒ | streɪn(d)ʒ | strendʒ/","adj. 陌生的；奇怪的","strange noises"
"cet4","stranger","/'streidʒə | 'streɪn(d)ʒə | 'strendʒɚ/","n. 陌生人；新来者","Children must not talk to strangers."
"cet4","strap","/stræp/","n. 带子; v. 捆扎","a bra strap"
"cet4","strategic","/strə'tiːdʒɪk | strə'tidʒɪk/","adj. 对全局有重要意义的， 关键的； 战略的","UN forces made a strategic withdrawal."
"cet4","strategy","/'strætidʒi | 'strætədʒɪ | 'strætədʒi/","n. 策略，战略","the government’s long-term economic strategy"
"cet4","straw","/strɔ: | strɔː | strɔ/","n. 稻草，麦杆吸管","She sipped her lemonade through a straw."
"cet4","stream","/striːm | strim/","v. 流出， 涌出; n. 河，溪流；一股，一串","Tears streamed down their faces."
"cet4","strengthen","/'streŋθən, 'streŋkθən | 'streŋθ(ə)n; -ŋkθ(ə)n | 'strɛŋθn/","v. 加强，巩固","Our friendship has steadily strengthened over the years."
"cet4","stress","/stres | strɛs/","n. 压力,重音","Your headaches are due to stress."
"cet4","stressful","/'stresful | 'stresfəl | 'strɛsfl/","adj. 充满著压力的，充满著紧张的","Moving to a new house is a very stressful experience."
"cet4","stretch","/stretʃ | strɛtʃ/","v. 伸展; v. 伸; n. 伸展","Carl sat up in bed, yawned, and stretched."
"cet4","strict","/strikt | strɪkt/","adj. 严格的","a strict teacher"
"cet4","striking","/'straɪkɪŋ/","adj. 显著的， 突出的； 惹人注目的， 容貌出众的","a dark man with striking features"
"cet4","string","/strɪŋ/","n. 线，细绳；一串","Her key hung on a string around her neck."
"cet4","strip","/strip | strɪp/","v. 剥；夺去; n. 条带","Strip the beds and wash the sheets."
"cet4","stripe","/straip | straɪp/","n. 条纹，条子","a shirt with black and white stripes"
"cet4","stroke","/strəʊk | strok/","n. 打，击；鸣声；中风","She died following a massive stroke."
"cet4","structural","/'strʌktʃərəl | 'strʌktʃ(ə)r(ə)l/","adj. 结构的，构造的","structural changes in the computer industry"
"cet4","structure","/'strʌktʃə | ˈstrʌktʃə(r) | 'strʌktʃɚ/","n. 结构","challenges to the existing power structure"
"cet4","struggle","/'strʌɡl/","v. 搏斗","They had to struggle against all kinds of adversity."
"cet4","studio","/'stjuːdiəu | 'studɪo/","n. 画室， 摄影室； 播音室， 录音室， 摄影棚","a TV studio"
"cet4","stuff","/stʌf/","n. 材料; v. 装，填，塞","Volunteers were busy stuffing envelopes."
"cet4","subdivision","/'sʌbdi,viʒən, ,sʌbdi'viʒən | ˌsʌbdɪˈvɪʒn | ,sʌbdɪ'vɪʒn/","n. 分区","Months are a conventional subdivision of the year."
"cet4","subject","/ˈsʌbdʒɪkt;(for adj.)ˈsʌbdʒɪkt;(for v.)səbˈdʒekt | ˈsʌbdʒɪkt;(for adj.)ˈsʌbdʒɪkt;(for v.)səbˈdʒɛkt/","n. 题目； 学科； 主语; vt. 使隶属","Paul has strong opinions on most subjects."
"cet4","submarine","/'sʌbməri:n, ,sʌbmə'ri:n | 'sʌbməriːn; sʌbmə'riːn | ,sʌbmə'rin/","adj. 水下的; n. 潜水艇","The captain dived his submarine deep to escape from the destroyers."
"cet4","submerge","/səb'mə:dʒ | səb'mɜːdʒ | səb'mɝdʒ/","v. 浸没; v. 潜入水中","Alice submerged herself in work to try and forget about Tom."
"cet4","submit","/səb'mit | səbˈmɪt | səb'mɪt/","v. 提交","They submitted their reports to the chancellor yesterday."
"cet4","subsequent","/'sʌbsikwənt | 'sʌbsɪkw(ə)nt | 'sʌbsɪkwənt/","adj. 随后的，后来的","These skills were passed on to subsequent generations."
"cet4","subsidize","/'sʌbsidaiz | 'sʌbsɪdaɪz | 'sʌbsə'daɪz/","v. 提供补贴","Around the world, governments have subsidized the housing of middle- and upper-income groups."
"cet4","substance","/'sʌbstəns | 'sʌbst(ə)ns/","n. 物质；实质；本旨","The leaves were covered with a strange sticky substance."
"cet4","substantial","/səb'stænʃəl | səb'stænʃl | səbˈstænʃəl/","adj. 大量的","We have the support of a substantial number of parents."
"cet4","substitute","/'sʌbstitju:t, -tu:t | ˈsʌbstɪtju:t | 'sʌbstɪtut/","v & n. 代替","Germany brought on a substitute at half time."
"cet4","subtract","/səb'trækt/","v. 减，减去，去掉",""
"cet4","suburb","/'sʌbɜːb | 'sʌbɝb/","n. 郊区， 郊外， 近郊","a London suburb"
"cet4","subway","/'sʌbwei | 'sʌbweɪ | 'sʌbwe/","n. 地道；地下铁路","the New York City subway"
"cet4","succeeding","/sək'si:diŋ | sək'siːdɪŋ/","adj. 以后的， 随后的","Over the succeeding weeks things went from bad to worse."
"cet4","succession","/sək'seʃən | sək'seʃ(ə)n | sək'sɛʃən/","n. 连续；继任，继承","She won the championship four times in succession."
"cet4","successive","/sək'sesiv | sək'sesɪv | sək'sɛsɪv/","adj. 连续的；接连的","The team has had five successive victories."
"cet4","suck","/sʌk/","v. 吸，吮，啜；吸收","Don’t suck your thumb, dear."
"cet4","suffer","/'sʌfə | 'sʌfə(r) | 'sʌfɚ/","v. 受痛苦","At least he died suddenly and didn’t suffer."
"cet4","sufficient","/sə'fiʃənt | səˈfɪʃnt | səˈfɪʃənt/","adj. 足够的","We can only prosecute if there is sufficient evidence."
"cet4","suggestion","/sə'dʒestʃən | sə'dʒɛstʃən/","n. 建议， 意见； 细微的迹象； 暗示","Any suggestions would be welcome."
"cet4","suicide","/'suːɪsaɪd | 'suɪsaɪd/","n&v. 自杀","More people commit suicide at Christmas than at any other time."
"cet4","suit","/sju:t; su:t | sut/","n. 起拆，诉讼; v. 适合","Johnson has filed suit against her."
"cet4","sulfur","/'sʌlfə | 'sʌlfɚ/","n. 硫(磺)，硫黄",""
"cet4","sulphur","/'sʌlfə/","n. 硫(磺)，硫黄","Burning sulphur creates poisonous fumes."
"cet4","sum","/sʌm/","n. 总数；金额; v. 共计","He owes me a large sum of money ."
"cet4","summarize","/'sʌməraiz | 'sʌməraɪz/","v. 概括，概述，总结","The authors summarize their views in the introduction."
"cet4","summary","/'sʌməri/","adj. 概括的， 概要的； 实时的， 即决的; n. 摘要，概要，一览","a summary execution"
"cet4","summit","/'sʌmɪt/","n. 最高点， 峰顶； 最高级会议","the European summit"
"cet4","sunlight","/'sʌnlaɪt/","n. 日光， 阳光","The water sparkled in the bright sunlight."
"cet4","sunrise","/'sʌnraɪz/","n. 日出； 朝霞","a picture of sunrise over Mount Fuji"
"cet4","sunset","/'sʌnset | 'sʌnsɛt/","n. 日落； 晚霞","a glorious sunset"
"cet4","sunshine","/'sʌnʃaɪn/","n. 日光， 阳光","We had three days of spring sunshine."
"cet4","superb","/sjʊː'pɜːb; sʊː'pɜːb | /suːˈpɜːrb//","adj. 极好的； 高质量的","The food was superb."
"cet4","superficial","/,supə'fɪʃl | ,supɚ'fɪʃl/","adj. 肤浅的","They only have the most superficial understanding of prison life."
"cet4","superior","/sju:'piriə, sju:pə- | su:'piəriə | səˈpɪriər/","adj. 上级的，较高的; n. 上级，长官","She had that superior tone of voice."
"cet4","supervision","/,sju:pə'viʒən | ˌsju:pə'vɪʒn | ,sʊpɚ'vɪʒən/","n. 监督","The baby needs constant supervision."
"cet4","supplement","/英['sʌplɪm(ə)nt] 美['sʌplɪmənt] | 'sʌplɪm(ə)nt | 'sʌplɪmənt/","n&vt. 增补，补充","vitamins and other dietary supplements"
"cet4","supply","/sə'plaɪ/","n&vt. 供给， 供应","The nation’s fuel supplies will not last forever."
"cet4","support","/sə'pɔːt | sə'pɔrt/","vt. 支撑；支持；供养；证实; n. 支持， 支撑物， 支持者","The bill was supported by a large majority in the Senate."
"cet4","suppose","/sə'pəuz | sə'poz/","v. 料想，以为；假定；期望","There were many more deaths than was first supposed."
"cet4","supreme","/sju'pri:m, sə- | suː'priːm | suˈprim/","adj. 最高的；最大的","the Supreme Allied Commander in Europe"
"cet4","surf","/sə:f | sɜ:f | sɝf/","v. 冲浪","I'm going to buy a surfboard and learn to surf."
"cet4","surge","/sɜːdʒ | sɝdʒ/","vi. 蜂拥而出；洋溢，奔放；汹涌，奔腾; n. 大浪， 波涛； 高涨； 汹涌","The photographers and cameramen surged forward."
"cet4","surgery","/'sə:dʒəri | 'sɜːdʒ(ə)rɪ | 'sɝdʒəri/","n. 外科，外科手术","Dr. Hanson is in surgery."
"cet4","surpass","/sə'pɑ:s, -'pæs | səˈpɑ:s | sə'pæs/","v. 超过","He had surpassed all our expectations ."
"cet4","surplus","/'sɜːpləs | 'sɝpləs/","adj. 过剩的， 多余的; n. 过剩，剩余，盈余","Ethiopia has no surplus food."
"cet4","surrender","/sə'rendə | sə'rɛndɚ/","v. 交出; v. 投降","Nadja had to fill out forms surrendering all rights to her property."
"cet4","surround","/sə'raund | sə'raʊnd/","vt. 围， 围绕； 圈住","He glared at the people who surrounded the tent."
"cet4","surrounding","/sə'raundɪŋ | sə'raʊndɪŋ/","adj. 附近的；四周的","Troops sealed off the surrounding area ."
"cet4","surroundings","/sə'raundiŋz | sə'raʊndɪŋz/","n. 周围的事物，环境","I need to work in pleasant surroundings."
"cet4","survey","/sə:'vei, 'sə:vei, sə- | 'sɜ:veɪ | ˈsɝˌve; (for v.) sɝˈve/","v. 调查，审视，仔细考虑; n. 勘测，测量，测绘，调查","Of the 100 companies surveyed, 10% had a turnover of £50 m to £99 m."
"cet4","survival","/sə'vaivəl | səˈvaɪvl | sɚ'vaɪvl/","n. 幸存","The doctors gave him a one in ten chance of survival ."
"cet4","survive","/sə'vaiv | sə'vaɪv | sɚ'vaɪv/","v. 幸免于; v. 活下来","When the market economy is introduced, many factories will not survive."
"cet4","survivor","/sə'vaɪvə | sɚ'vaɪvɚ/","n. 生还者； 残存物","Don’t worry about Kurt; he’s a survivor."
"cet4","suspect","/sə'spekt, 'sʌspekt | sə'spekt | sʌspɛkt; (for v.) səˈspɛkt/","v. 怀疑，猜想; n. 嫌疑犯","She strongly suspected he was lying to her."
"cet4","suspend","/sə'spend | sə'spɛnd/","v. 吊，悬；推迟","...instruments that are suspended on cables."
"cet4","suspicion","","n. 怀疑，疑心，猜疑",""
"cet4","suspicious","/sə'spiʃəs | sə'spɪʃəs/","adj. 怀疑的；可疑的","His reluctance to answer my questions made me suspicious ."
"cet4","sustain","/sə'stein | sə'steɪn | sə'sten/","n. 维持","Wants, or desires, are things we would like to have but they do not sustain us."
"cet4","sustainable","/səˈsteɪnəbl | sə'stenəbl/","adj. 可持续的","The government should do more to promote sustainable agriculture."
"cet4","swallow","/'swɔləu | ˈswɒləʊ | 'swɑlo/","v. 咽下，吞下","He swallowed the last of his coffee and asked for the bill."
"cet4","sway","/swei | sweɪ | swe/","v. 影响","Don’t allow yourself to be swayed by his promises."
"cet4","swear","/swεə | sweə | swɛr/","v. 宣(誓); v. 诅咒","Remember that you have sworn an oath and so must tell the truth."
"cet4","sweater","/'swetə | 'swɛtɚ/","n. 厚运动衫，毛线衫",""
"cet4","sweep","/swi:p | swiːp | swip/","v. 扫；刮起；扫过","Bert swept the path in front of the house."
"cet4","swell","/swel | swɛl/","v. 膨胀；隆起；增长","The wind swelled the sails."
"cet4","swift","/swɪft/","adj. 迅速的","My letter received a swift reply."
"cet4","swing","/swiŋ | swɪŋ/","v. 摇摆；回转; n. 摇摆","Let your arms swing as you walk."
"cet4","switch","/switʃ | swɪtʃ/","v. 转变，改变","The terrorists will switch tactics ."
"cet4","sword","/sɔ:d | sɔːd | sɔːrd/","n. 剑，刀","The treaty hung like a sword of Damocles over French politics."
"cet4","symbol","/'simbəl | 'sɪmbl/","n. 象征，标志","The symbol on the packet is a guarantee that the food has been produced organically."
"cet4","symbolize","/'simbəlaiz | ˈsɪmbəlaɪz | 'sɪmbəlaɪz/","v. 象征","Crime often symbolizes a wider social problem."
"cet4","sympathetic","/,simpə'θetik | sɪmpə'θetɪk | ,sɪmpə'θɛtɪk/","adj. 同情的；和谐的","a sympathetic friend"
"cet4","sympathize","/'simpəθaiz | 'sɪmpə'θaɪz/","v. 同情；同感，共鸣","I sympathize, but I don’t know how to help."
"cet4","sympathy","/'simpəθi | 'sɪmpəθi/","n. 同情心","Our sympathies are with the families of the victims."
"cet4","symptom","/'simptəm | 'sɪm(p)təm | 'sɪmptəm/","n. 症状","One of the most common symptoms of schizophrenia is hearing imaginary voices."
"cet4","synthetic","/sin'θetik | sɪnˈθetɪk | sɪn'θɛtɪk/","adj. 合成的，人造的","synthetic chemicals"
"cet4","system","/'sɪstəm/","n. 系统； 制度， 体制； 方法， 做法； 身体","an alarm system"
"cet4","systematic","/ˌsɪstə'mætɪk(l) | 'sɪstə'mætɪk/","adj. 有系统的， 有计划的","They went about their business in a systematic way."
"cet4","systematical","/,sistə'mætikl/","adj. 有系统的；有计划的","Excellent ability of systematical management."
"cet4","tackle","/'tækl | 'tæk(ə)l/","v. 处理","There is more than one way to tackle the problem."
"cet4","tag","/tæɡ | tæg/","n. 附加语；标签","Staff wore name tags and called inmates by their first names."
"cet4","tailor","/'teilə | 'teɪlə(r) | 'telɚ/","v. 调整使适应","We can tailor the programme to the patient's needs."
"cet4","takeoff","/'teɪkɔ:f | 'tekɔf/","n. 起飞","What time is takeoff?"
"cet4","tale","/teil | teɪl | tel/","n. 故事，传说","a book of old Japanese folk tales"
"cet4","talent","/'tælənt/","n. 天才；才能；人才","He has a lot of talent , and his work is fresh and interesting."
"cet4","talk","/tɔ:k | tɔːk | tɔk/","v. 讲话; v. 谈论","I could hear Sarah and Andy talking in the next room."
"cet4","tame","/teim | teɪm/","adj. 驯服的；顺从的","tame elephants"
"cet4","tank","/tæŋk/","n. 油箱，水箱","The water tank is leaking."
"cet4","tap","/tæp/","vt&vi&n. 轻叩","He tapped the table nervously with his fingers."
"cet4","target","/'tɑːgɪt | 'tɑrɡɪt/","n. 目标; vt. 把…作为目标； 瞄准","There is no target date for completion of the new project."
"cet4","task","/tɑ:sk, tæsk | tɑːsk | tæsk/","n. 任务，工作","Sara had the task of preparing the agenda for meetings."
"cet4","taste","/teist | teɪst | test/","n. 味觉，品味","It palls on my taste."
"cet4","tasteless","/'teistlis | 'teɪstləs | 'testləs/","adj. 无味的","The fish was mushy and tasteless."
"cet4","tax","/tæks/","n. 税，税款；负担; vt. 对…征税； 使负担重， 使费尽力气","No-one enjoys paying tax."
"cet4","technical","/'teknikəl | ˈteknɪkl | 'tɛknɪkl/","adj. 技术的","Our staff will be available to give you technical support ."
"cet4","technician","/tek'niʃən | tek'nɪʃ(ə)n | tɛk'nɪʃən/","n. 技术员，技师","a laboratory technician"
"cet4","technique","/tek'ni:k | tɛk'nik/","n. 技术，技能；技巧，手艺","He’s a great player, with brilliant technique."
"cet4","technology","/tek'nɒlədʒi | tɛkˈnɑlədʒɪ/","n. 工艺学； 工艺， 技术","Modern technology makes moving money around much easier than it used to be."
"cet4","tedious","/'ti:diəs, 'ti:dʒəs | ˈti:diəs | 'tidɪəs/","adj. 单调沉闷的","The audience coughed down the tedious speaker."
"cet4","teenager","/'tiːneɪdʒə | 'tinedʒɚ/","n. 青少年","a TV sex education series aimed at teenagers"
"cet4","telegram","/'teliɡræm | 'telɪgræm | 'tɛlɪɡræm/","n. 电报","The president received a briefing by telegram."
"cet4","telescope","/'teliskəup | 'telɪskəʊp | 'tɛlɪskop/","n. 望远镜","The captain was rectifying his telescope."
"cet4","temper","/'tempə | 'tɛmpɚ/","n. 韧度；心情，情绪; vt. 调和， 使缓和； 【冶】使回火","Pete hit his brother in a fit of temper ."
"cet4","temple","/'templ | ˈtempl | 'tɛmpl/","n. 圣堂，神殿，庙宇",""
"cet4","temporary","/'tempərəri | 'temp(ə)rərɪ | 'tɛmpə'rɛri/","adj. 暂时的，临时的","temporary pain relief"
"cet4","tempt","/tempt | tem(p)t | tɛmpt/","v. 引诱，诱惑；吸引","If you leave valuables in your car it will tempt thieves."
"cet4","temptation","/temp'teiʃən | tempˈteɪʃn | tɛmp'teʃən/","n. 诱惑，引诱","Resist the temptation to buy the item until you’re certain you need it."
"cet4","tempting","/'temptiŋ | ˈtemptɪŋ | 'tɛmptɪŋ/","adj. 诱人的，吸引人的","a tempting job offer"
"cet4","tend","/tend | tɛnd/","v. 照管，照料，护理","Sofia was in the bedroom tending to her son."
"cet4","tendency","/'tendənsi | 'tend(ə)nsɪ | 'tɛndənsi/","n. 趋向，趋势，倾向","children with aggressive or anti-social tendencies"
"cet4","tender","/'tendə | 'tɛndɚ/","adj. 嫩的；脆弱的","Continue cooking until the meat is tender."
"cet4","tense","/tens | tɛns/","n. 时态，时","It was as though Corinne was already dead: they were speaking of her in the past tense."
"cet4","tension","/'tenʃən | 'tenʃn | 'tɛnʃən/","n. 紧张","The tension was becoming unbearable, and I wanted to scream."
"cet4","tent","/tent | tɛnt/","n. 帐篷","We looked for a flat spot where we could pitch our tent (= put up our tent ) ."
"cet4","terminal","/'tə:minəl | 'tɜːmənl | ˈtɜːrmɪnl/","n. 终点站，航空站","the airport’s passenger terminal"
"cet4","terrible","/'terəbl | 'terɪb(ə)l | 'tɛrəbl/","adj. 可怕的；极度的","The hotel was absolutely terrible."
"cet4","terribly","/'terəbli | 'tɛrəbli/","adv. 可怕地，非常","I’m terribly sorry to have kept you waiting."
"cet4","territory","/'teritəri | 'terɪt(ə)rɪ | 'tɛrətɔri/","n. 领土，领域","Hong Kong is a Chinese territory."
"cet4","terror","/'terə | 'tɛrɚ/","n. 恐怖，惊骇","There was a look of sheer terror (= complete terror ) on his face."
"cet4","textile","/'tekstail, -til | 'tekstaɪl | 'tɛkstaɪl/","n. n.; n. 纺织品; adj. 纺织的","Their main exports are textiles, especially silk and cotton."
"cet4","theme","/θiːm | θim/","n. 主题， 题目","The book’s theme is the conflict between love and duty."
"cet4","theoretical","/,θiə'retikəl, ,θi:ə- | θɪə'retɪk(ə)l | ,θiə'rɛtɪkəl/","adj. 理论(上)的","theoretical physics"
"cet4","theory","/'θiəri, 'θi:ə- | 'θɪərɪ | 'θiəri/","n. 理论","Freudian theory has had a great influence on psychology."
"cet4","therapy","/'θerəpi | 'θɛrəpi/","n. 疗法 治疗","new drug therapies"
"cet4","thereby","/,ðεə'bai, 'ðεəbai | ðeə'baɪ | ,ðɛr'baɪ/","adv. 因此，从而，由此","Our bodies can sweat, thereby losing heat by evaporation."
"cet4","therefore","/'ðεəfɔ: | 'ðeəfɔː | 'ðɛrfɔr/","adv. 因此，所以","Their car was bigger and therefore more comfortable."
"cet4","thermometer","/θə'mɔmitə | θə'mɒmɪtə | θɚ'mɑmɪtɚ/","n. 温度计，寒暑表","The thermometer registered over 100˚C."
"cet4","thick","/θɪk/","adv. 厚厚地; adj. 厚的，密的，浓的；不清楚的，口音重的","peanut butter spread thick"
"cet4","thickness","/'θiknis | 'θɪknɪs | ˈθɪknɪs/","n. 厚(度)；密(度)","The thickness of the walls is 5 feet."
"cet4","thinking","/'θɪŋkɪŋ/","adj. 深思的， 有理性的; n. 想法，意见，见解","the thinking man’s pop band"
"cet4","thirsty","/'θɜːsti | 'θɝsti/","adj. 渴的； 渴望的","Can I have a glass of water? I’m really thirsty."
"cet4","thorough","/'θʌrə, 'θə:rəu | 'θʌrə | ˈθʌrəʊ; θʌro/","adj. 彻底的；详尽的","The doctor gave him a thorough check-up."
"cet4","thoughtful","/'θɔ:tful | 'θɔːtfʊl; -f(ə)l | 'θɔtfl/","adj. 沉思的；体贴的","Paul is very thoughtful."
"cet4","thread","/θred | θrɛd/","n. 线；丝；螺纹；头绪","I’m looking for a needle and thread."
"cet4","threat","/θret | θrɛt/","n. 威胁，恐吓，凶兆","Your threats don’t scare me."
"cet4","threaten","/'θretən | 'θretn | 'θrɛtn/","v. 威胁","Postal workers are threatening a strike if they don’t receive a pay increase."
"cet4","thrive","/θraiv | θraɪv/","v. 兴旺，繁荣，旺盛","plants that thrive in tropical rain forests"
"cet4","throat","/θrəut | θrəʊt | θrot/","n. 咽喉，喉咙；嗓音","The singer complained of a sore throat after Wednesday’s show."
"cet4","throughout","/θru:'aut | θruː'aʊt | θrʊ'aʊt/","prep. 遍及; adv. 到处","a large organization with offices throughout the world"
"cet4","thrust","/θrʌst/","v. 插，刺; n. 插；讽刺","They thrust him into the back of a jeep."
"cet4","thumb","/θʌm/","v. 示意要求搭车; n. 拇指","I thumbed a lift into town."
"cet4","thunder","/'θʌndə | 'θʌndɚ/","n. 雷; v. 打雷; v. 吼出","We were woken in the night by thunder."
"cet4","thus","/ðʌs/","adv. 如此，这样；因而","Most of the evidence was destroyed in the fire. Thus it would be almost impossible to prove him guilty."
"cet4","tide","/taid | taɪd/","n & v. 顺应潮水航行","Strong tides make swimming dangerous."
"cet4","tidy","/'taidi | 'taɪdɪ | 'taɪdi/","adj. 整洁的；整齐的","a tidy desk"
"cet4","tighten","/'taitən | 'taɪtn/","adj. 紧的，紧缩的",""
"cet4","timber","/'tɪmbə | 'tɪmbɚ/","n. 木材， 原木； 大木料， 栋木","a bench made of timber"
"cet4","tin","/tin | tɪn/","n. 锡；罐头","an old tin bath"
"cet4","tiny","/'taini | 'taɪnɪ | 'taɪni/","adj. 微小的","a tiny community in the Midwest"
"cet4","tip","/tɪp/","v. 轻击; v. 给小费","Did you tip the waiter?"
"cet4","tire","/'taiə | taɪə | 'taɪɚ/","v. 疲劳，累；厌倦","As we neared the summit, we were tiring fast."
"cet4","tissue","/'tɪʃuː; 'tɪsjuː | 'tɪʃu/","n. 薄绢；薄纸；组织","As we age we lose muscle tissue."
"cet4","title","/'taɪtl/","n. 标题， 题目； 称号， 头衔； 权利， 权益","""Patience and Sarah"" was first published in 1969 under the title ""A Place for Us."""
"cet4","toast","/təʊst | tost/","n. 烤面包; v. 烘，烤","I had a piece of toast for breakfast."
"cet4","toe","/təu | təʊ | to/","n. 脚趾，足尖","He stubbed his toe (= hurt it by kicking it against something ) on a rock."
"cet4","toilet","/'tɔilit | ˈtɔɪlɪt | 'tɔɪlət/","n. 厕所，盥洗室，浴室","public toilets"
"cet4","tolerance","/'tɔlərəns | ˈtɒlərəns | 'tɑlərəns/","n. 宽容，容忍","...his tolerance and understanding of diverse human nature."
"cet4","tolerate","/'tɔləreit | 'tɒləreɪt | 'tɑləret/","v. 忍受，容忍，宽恕","We simply will not tolerate vigilante groups on our streets."
"cet4","tone","/təun | təʊn | ton/","n. 音；腔调；声调","Her tone was sharp with anger."
"cet4","toothache","/'tu:θeik | ˈtu:θeɪk | 'tuθek/","n. 牙痛，牙疼","I’ve got toothache ."
"cet4","topic","/'tɒpɪk | 'tɑpɪk/","n. 题目， 论题， 话题","The environment is a popular topic these days."
"cet4","torch","/tɔ:tʃ | tɔːtʃ | tɔrtʃ/","n. 火炬，火把；手电筒","We shone our torches around the cavern."
"cet4","torture","/'tɔ:tʃə | 'tɔːtʃə | 'tɔrtʃɚ/","n. 拷问；折磨; v. 拷打","He died after five days of excruciating torture."
"cet4","total","/'təutəl | 'təʊt(ə)l | 'totl/","adj. 总的; v. 合计，总共","a total ban on cigarette advertising"
"cet4","touch","/tʌtʃ/","v. 触摸；触动；感动; n. 触","She reached out to touch his arm."
"cet4","tough","/tʌf/","adj. 困难的","It was a tough race."
"cet4","tour","","n&vi. 旅行，游历","He devilled her during the tour."
"cet4","tourist","/'tuərist | 'tʊərɪst | 'tʊrɪst/","n. 旅游者，观光者","Cambridge is always full of tourists in the summer."
"cet4","towel","/'tauəl | 'taʊəl/","n. 毛巾，手巾","Have you got a clean towel I could use?"
"cet4","tower","/'tauə | 'taʊə | 'taʊɚ/","n. 塔; v. 屹立，高耸","the Eiffel Tower"
"cet4","trace","/treis | treɪs | tres/","n. 痕迹","There was no trace of anyone having entered the room since then."
"cet4","track","/træk/","n &v. 跟踪,足迹","We followed the tyre tracks across a muddy field."
"cet4","tractor","/'træktə | 'træktɚ/","n. 拖拉机；牵引车","Iron-ox is another name for tractor."
"cet4","trade","/treid | treɪd | tred/","n. 贸易；职业; v. 交易","international trade agreements"
"cet4","tradition","/trə'dɪʃn | trə'dɪʃən/","n. 传统， 惯例","the traditions of South East Asia"
"cet4","traffic","/'træfik | 'træfɪk/","n. 交通，通行；交通量","There wasn’t much traffic on the roads."
"cet4","tragedy","/'trædʒidi | 'trædʒɪdɪ | 'trædʒədi/","n. 悲剧；惨事，惨案","The tragedy happened as they were returning home from a night out."
"cet4","trail","/treɪl | trel/","n. 痕迹；小径; v. 跟踪","The trail led over Boulder Pass before descending to a lake."
"cet4","trait","/trei, treit | treɪt | tret/","n. 性格",""
"cet4","transaction","/træn'zækʃən, -'sæk-, trɑ:n- | trænˈzækʃn | træn'zækʃən/","n. 交易，业务，事务","The bank charges a fixed rate for each transaction."
"cet4","transfer","/træns'fə: | træns'fɜː | træns'fɝ/","v & n. 转换，调换","Ideas that work well in one school often don’t transfer well to another."
"cet4","transform","/træns'fɔ:m, trænz-, trɑ:n- | træns'fɔːm | træns'fɔrm/","v. 改变","Increased population has transformed the landscape."
"cet4","transformation","/,trænsfə'meiʃən, ,trænz-, trɑ:n- | trænsfə'meɪʃ(ə)n; trɑːns-; -nz- | ,trænsfɚ'meʃən/","n. 变化；改造；转变","In recent years, the movie industry has undergone a dramatic transformation ."
"cet4","transformer","/træns'fɔ:mə, trænz-, trɑ:n- | træns'fɔːmə; trɑːns-; -nz- | træns'fɔrmɚ/","n. 变压器，转换器","By using a transformer, he translated the codes into translation he could read."
"cet4","transistor","/træn'sistə, -'zis-, trɑ:n- | træn'zɪstə; trɑːn-; -'sɪ- | træn'zɪstɚ/","n. 晶体管","Every transistor has at least three electrodes."
"cet4","translation","/træns'leɪʃn; trænz'leɪʃn | træns'leʃən/","n. 翻译； 译文， 译本","She read the letter and gave us a rough translation (= she did not translate everything exactly ) ."
"cet4","transmission","/trænz'miʃən, træns-, trɑ:n- | trænz'mɪʃ(ə)n; trɑːnz-; -ns- | træns'mɪʃən/","n. 传送；传动；发射","worldwide data transmission"
"cet4","transmit","/trænz'mit, træns-, trɑ:n- | trænz'mɪt; trɑːnz-; -ns- | trænzˈmɪt/","v. 传送，传达；发射","The US Open will be transmitted live via satellite."
"cet4","transparent","/træns'pærənt, -'pεə-, trænz-, trɑ:n- | træn'spær(ə)nt; trɑːn-; -'speə- | træns'pærənt/","adj. 透明的；易识破的","a transparent plastic container"
"cet4","transport","/træns'pɔ:t; trænz-træns'pɔ:t, trænz-, trɑ:n-, 'trænspɔ:t, 'trænz-, 'trɑ:n- | træn'spɔːt; trɑːn- | 'trænspɔrt/","v. 运输; n. 运输","trucks used for transporting oil"
"cet4","transportation","/,trænspə'teiʃən, ,trænz-, ,trɑ:n- | ˌtrænspɔ:ˈteɪʃn | ,trænspɔr'teʃən/","n. 运输","The city needs to improve its public transportation (= buses, trains etc ) ."
"cet4","trap","/træp/","n. 陷阱；诡计; v. 诱骗","The only way to catch mice is to set a trap ."
"cet4","trash","/træʃ/","n. 垃圾，废物；拙劣的文学作品；没用的人，社会渣滓，败类; vt. 捣毁， 破坏","Will someone take out the trash (= take it outside the house ) ?"
"cet4","tray","/trei | treɪ | tre/","n. (浅)盘，托盘，碟","The waiter brought drinks on a tray."
"cet4","treasure","/'treʒə, 'trei- | ˈtreʒə(r) | 'trɛʒɚ/","v. 珍爱","Jim treasured the gold pocket watch that his grandfather had given him."
"cet4","treat","/tri:t | triːt | trit/","v. 对待；处理; n. 款待","sewage treated so that it can be used as fertilizer"
"cet4","treatment","/'tri:tmənt | ˈtri:tmənt | 'tritmənt/","n. 治疗，对待","Just lately, Kyra has been giving me the silent treatment (= refusing to speak to me because she is angry with me ) ."
"cet4","treaty","/'tri:ti | 'triːtɪ | 'triti/","n. 条约；协议，协定","Both sides have agreed to sign the treaty ."
"cet4","tremble","/'trembl | 'trɛmbl/","v. 颤抖","His lip started to tremble and then he started to cry."
"cet4","tremendous","/trəˈmendəs | trə'mɛndəs/","adj. 巨大的","Suddenly, there was a tremendous bang, and the whole station shook."
"cet4","trend","/trend | trɛnd/","v. 伸向；倾向; n. 倾向","He characterized briefly the main trend in the world today."
"cet4","trial","/'traiəl | 'traɪəl/","n. 试，试验；审判","The trial is due to start next week."
"cet4","triangle","/'traiæŋɡl | 'traɪæŋg(ə)l | 'traɪæŋɡl/","n. 三角(形)","a triangle of land"
"cet4","trick","/trik | trɪk/","n. 诡计；窍门; v. 哄骗","Pretending he doesn’t remember is an old trick of his."
"cet4","trigger","/'triɡə | 'trɪgə | 'trɪɡɚ/","v. 引发，引起","The assassination triggered off a wave of rioting."
"cet4","trim","/trim | trɪm/","adj. 整齐的; v. 使整齐","trim suburban gardens"
"cet4","triumph","/'traiəmf, -ʌmf | 'traɪʌmf/","n. 胜利","Winning the championship is a great personal triumph ."
"cet4","troop","/tru:p | truːp | trʊp/","n. 军队；一群，大量","Both countries agreed to withdraw their troops ."
"cet4","tropical","/'trɔpikəl | 'trɒpɪk(ə)l | 'trɑpɪkl/","adj. 热带的","the tropical rain forests"
"cet4","troublesome","/'trʌblsəm | 'trʌb(ə)ls(ə)m/","adj. 令人烦恼的；麻烦的","a troublesome child"
"cet4","truly","/'truːli | ˈtruːli/","adv. 真正地； 忠实地","His work is truly original."
"cet4","trumpet","/'trʌmpit | 'trʌmpɪt/","n. 喇叭，小号","I played the trumpet in the school orchestra."
"cet4","trunk","/trʌŋk/","n. 树干；大衣箱，皮箱","He left his bicycle leaning against a tree trunk ."
"cet4","trust","/'trʌst | trʌst/","n. 信任; v. 相信；委托","At first there was a lack of trust between them."
"cet4","truth","/tru:θ | truːθ | trʊθ/","n. 真理；真实；真实性","How do we know you’re telling us the truth?"
"cet4","tube","/tju:b, tu:b | tjuːb | tub/","n. 管；电子管，显像管","a tube of toothpaste"
"cet4","tuition","/tju:'iʃən | tjuˈɪʃn | tʊ'ɪʃən/","n. 学费","I had to have extra tuition in maths."
"cet4","tumor","/'tju:mə | 'tjʊmɚ/","n. 瘤","The tumor will soon be resolved."
"cet4","tune","/tju:n, tu:n | tjuːn | tun/","n. 调子；和谐; v. 调谐","That’s a nice tune."
"cet4","tunnel","/'tʌnəl | 'tʌnl/","n. 隧道，坑道，地道","a railway tunnel"
"cet4","turbine","/'tə:bain, -bin | 'tɜːbaɪn; -ɪn | 'tɝbaɪn/","n. 叶轮机，汽轮机","The new ship will be powered by two gas turbines and four diesel engines."
"cet4","tutor","/'tjuːtə | 'tʊtɚ/","v. 当…导师， 当…家庭教师; n. 导师；家庭教师，私人教师","He was privately tutored."
"cet4","twin","/twin | twɪn/","adj. 孪生的; n. 孪生儿","I always confounded him with his twin brother."
"cet4","twist","/twist | twɪst/","v. 扭曲，使弯曲","Her hands began to twist the handles of the bag she carried."
"cet4","type","/taip | taɪp/","n. 型，类型; v. 打字","Jo’s not really the sporty type."
"cet4","typewriter","/'taip,raitə | 'taɪpraɪtə | 'taɪpraɪtɚ/","n. 打字机","She tapped out a letter on the typewriter."
"cet4","typical","/'tipikəl | 'tɪpɪk(ə)l | 'tɪpɪkl/","adj. 典型的，代表性的","typical British weather"
"cet4","typist","/'taipist | 'taɪpɪst/","n. 打字员","I’m a slow typist."
"cet4","tyre","/'taiə | 'taɪə | 'taɪɚ/","n. 轮胎，车胎","I had a flat tyre (= all the air went out of it ) on the way home."
"cet4","ugly","/'ʌgli | 'ʌɡli/","adj. 丑陋的； 可怕的","a very ugly man"
"cet4","ultimate","/'ʌltimət | 'ʌltɪmət | 'ʌltəmət/","adj. 最后的，最终的","The ultimate outcome of the experiment cannot be predicted."
"cet4","ultimately","/'ʌltimətli | ˈʌltɪmətli | 'ʌltɪmətli/","adv. 最后，最终","Ultimately, the decision rests with the child’s parents."
"cet4","umbrella","/ʌm'brelə | ʌm'brɛlə/","n. 伞， 雨伞","It started to rain, so Tricia stopped to put up her umbrella."
"cet4","unaffordable","/,ʌnə'fɔ:dəbl | ˌʌnə'fɔ:dəbl/","adj. 买不起的，负担不起的","You have to become awfully large to be unaffordable -- there's lots of cash, lots of capital out there for acquisitions."
"cet4","unbearable","/,ʌn'bεərəbl | ʌnˈbeərəbl | ʌn'bɛrəbl/","adj. 无法忍受的","The pain was almost unbearable."
"cet4","uncertain","/,ʌn'sə:tən | ʌnˈsɜ:tn | ʌn'sɝtn/","adj. 不确定的","My whole future now seemed uncertain."
"cet4","unconscious","/,ʌn'kɔnʃəs | ʌn'kɒnʃəs | ʌn'kɑnʃəs/","adj. 不省人事的","She was found alive but unconscious."
"cet4","uncover","/,ʌn'kʌvə | ʌn'kʌvə | ʌn'kʌvɚ/","v. 揭开…的盖子","When the seedlings sprout, uncover the tray."
"cet4","undergo","/,ʌndə'ɡəu | ˌʌndəˈgəʊ | ,ʌndɚ'ɡo/","v. 承受","The country has undergone massive changes recently."
"cet4","undergraduate","/,ʌndə'ɡrædjuət | ʌndə'grædjʊət | ,ʌndɚ'ɡrædʒuət/","n. 大学在校生","second-year undergraduates"
"cet4","underground","/'ʌndəgraund | ʌndɚˈɡraʊnd/","adv. 在地下，往地下；秘密地，不公开地; adj. 地下的；秘密的，不公开的; n. 地铁； 地下组织","This animal spends most of its life underground."
"cet4","underline","/,ʌndə'lain, 'ʌndəlain | ˌʌndəˈlaɪn | 'ʌndəlaɪn/","v. 强调","This tragic incident underlines the need for immediate action."
"cet4","undermine","/,ʌndə'main | ʌndə'maɪn | 'ʌndɚ'maɪn/","v. 暗中破坏","The continued fighting threatens to undermine efforts to negotiate an agreement."
"cet4","underneath","/,ʌndə'ni:θ | ʌndə'niːθ | ,ʌndɚ'niθ/","adv. 在下面，在底下","He has on his jeans and a long-sleeved blue denim shirt with a white T-shirt underneath."
"cet4","understanding","/ˌʌndə'stændɪŋ | ,ʌndɚ'stændɪŋ/","adj. 体谅的， 宽容的， 通情达理的; n. 理解，理解力；谅解；协议；相互理解，融洽","Luckily, I have a very under­standing boss."
"cet4","undertake","/,ʌndə'teik | ˌʌndəˈteɪk | ,ʌndɚ'tek/","v. 承担","He undertook to pay the money back in six months."
"cet4","undervalue","/,ʌndə'vælju: | ʌndə'væljuː | ,ʌndɚ'vælju/","v. 低估","Society undervalues staying at home and looking after children."
"cet4","undo","/,ʌn'du: | ʌn'duː | ʌn'du/","v. 解开，打开；取消","The screws can be undone by hand."
"cet4","undoubtedly","/ʌn'daʊtɪdlɪ | ʌn'daʊtɪdli/","adv. 无疑","This is undoubtedly important."
"cet4","uneasy","/,ʌn'i:zi | ʌn'iːzɪ | ʌn'izi/","adj. 心神不安的，忧虑的","She eventually fell into an uneasy sleep."
"cet4","unexpected","/,ʌnik'spektid | ʌnɪk'spektɪd; ʌnek- | 'ʌnɪk'spɛktɪd/","adj. 想不到的，意外的","The experiment produced some unexpected results."
"cet4","unfortunately","/ʌn'fɔːtʃənətli | ʌn'fɔrtʃənətli/","adv. 不幸地","Unfortunately, you were out when we called."
"cet4","uniform","/'ju:nifɔ:m | 'juːnɪfɔːm | 'junɪfɔrm/","adj. 一样的; n. 制服","Grade A eggs must be of uniform size."
"cet4","unintended","/,ʌnin'tendid | ˌʌnɪnˈtendɪd | ,ʌnɪn'tɛndɪd/","adj. 意想不到的","...the unintended consequences of human action."
"cet4","union","/'ju:niən | 'juːnjən; -ɪən | 'junɪən/","n. 联合；团结；协会","Are you planning to join the union?"
"cet4","unique","/ju:'ni:k | juː'niːk | jʊ'nik/","adj. 独特的，唯一的","a unique opportunity to study these rare creatures"
"cet4","unit","/'ju:nit | 'juːnɪt | 'junɪt/","n. 单位；单元；部件","The man is in the hospital’s intensive care unit."
"cet4","unite","/ju:'nait | juː'naɪt | ju'naɪt/","v. 联合; v. 使联合","Our goal is to unite the opposition parties and defeat the President."
"cet4","unity","/'ju:niti | ˈjuːnəti | 'junəti/","n. 单一；统一；团结","economic unity"
"cet4","universal","/,ju:ni'və:səl | 'jʊnə'vɝsl/","adj. 普遍的，宇宙的，全世界的","free universal healthcare"
"cet4","universe","/'juːnɪvɜːs | 'junɪvɝs/","n. 宇宙， 世界； 领域， 范围","Einstein's equations showed the universe to be expanding."
"cet4","unknown","/'ʌn'nəun | ʌn'nəʊn | ,ʌn'non/","adj. 不知道的；未知的","The murderer’s identity remains unknown."
"cet4","unless","/ʌn'les | ən'lɛs/","conj. 除非，如果不","Unless some extra money is found, the theatre will close."
"cet4","unlike","/,ʌn'laik | ʌn'laɪk | 'ʌn'laɪk/","adj. 不同的; prep. 不象…","Now I see that, unlike her, they were my positive models."
"cet4","unlikely","/,ʌn'laikli | ʌn'laɪklɪ | ʌn'laɪkli/","adj. 未必的，未必可能的","Donna might be able to come tomorrow, but it’s very unlikely."
"cet4","unload","/,ʌn'ləud | ʌn'ləʊd | 'ʌn'lod/","v. 卸(货); v. 卸货","Unload everything from the boat and clean it thoroughly."
"cet4","unrest","/,ʌn'rest | ʌn'rest | ʌn'rɛst/","n. 不安定，动荡","There is growing unrest throughout the country."
"cet4","unusual","/ˌʌn'juːʒuəl | ʌnˈjuʒəl/","adj. 不平常的， 少有的； 独特的， 与众不同的","an unusual feature"
"cet4","unwilling","/,ʌn'wiliŋ | ʌnˈwɪlɪŋ | ʌn'wɪlɪŋ/","adj. 不愿意的","an unwilling helper"
"cet4","upbringing","/'ʌp,briŋiŋ | ˈʌpbrɪŋɪŋ | 'ʌpbrɪŋɪŋ/","n. 养育，培养，教养","Mike had had a strict upbringing."
"cet4","update","/ʌp'deit, 'ʌpdeit | ˌʌpˈdeɪt | ,ʌp'det/","v. 更新，使现代化","The files need updating."
"cet4","upper","/'ʌpə | 'ʌpɚ/","adj. 上面的；地位较高的","the upper lip"
"cet4","upright","/'ʌprait, ,ʌp'r- | 'ʌpraɪt/","adj. 垂直的；正直的","Katie was still awake, sitting bolt upright(= sitting with her back very straight ) staring at the television."
"cet4","upset","/ʌp'set | ʌp'sɛt/","v. 弄翻，打翻，倾覆","He upset a bowl of soup."
"cet4","up-to-date","/ˌʌptə'deɪt | 'ʌptə 'det/","adj. 直到最近的， 现代的； 跟上时代的","...the most up-to-date information available on foods today."
"cet4","upward","/'ʌpwəd | 'ʌpwɚd/","adj. 向上的，上升的","upward pressure on bank interest rates"
"cet4","urban","/'ə:bən | 'ɜːb(ə)n | 'ɝbən/","adj. a.; adj. 都市的,住在都市的","unemployment in urban areas"
"cet4","urge","/ə:dʒ | 'ɜːdʒ | ɝdʒ/","v. 推进；催促; n. 冲动","The charity urged quick action."
"cet4","urgent","/'ə:dʒənt | ˈɜːdʒənt | 'ɝdʒənt/","adj. 紧急的；强求的","He was in urgent need of medical attention."
"cet4","usage","/'ju:zidʒ | 'juːsɪdʒ | 'jusɪdʒ/","n. 使用，对待；惯用法","a book on modern English usage"
"cet4","utility","/ju:'tiləti | ju:ˈtɪləti | ju'tɪləti/","n. 使用，公共设施","Does your rent include utilities?"
"cet4","utilize","/'ju:tilaiz | ˈjuːtɪˌlaɪz | 'juːtəlaɪz/","v. 利用","We must consider how best to utilize what resources we have."
"cet4","utmost","/'ʌtməust | 'ʌtməʊst | 'ʌt'most/","adj. 最远的; n. 极限","It is a matter of the utmost urgency to find out what has happened to these people."
"cet4","utter","/'ʌtə | 'ʌtɚ/","adj. 完全的，彻底的","That’s utter nonsense!"
"cet4","vacant","/'veikənt | 'veɪk(ə)nt | 'vekənt/","adj. 空的；未被占用的","Only a few apartments were still vacant."
"cet4","vacation","/və'keɪʃn; veɪ'keɪʃn | veˈkeʃən/","n. 假期， 休假","We’re planning a vacation in Europe."
"cet4","vacuum","/'vækjuəm | 'vækjʊəm/","n. 真空；真空吸尘器","His presence should fill the power vacuum that has been developing over the past few days."
"cet4","vague","/veiɡ | veɪg | veɡ/","adj. 模糊的，含糊的","The governor gave only a vague outline of his tax plan."
"cet4","vain","/英[veɪn] 美[ven] | veɪn | ven/","adj. 徒劳的；自负的","Men can be just as vain as women."
"cet4","valid","/'vælɪd/","adj. 有效的","a valid credit card"
"cet4","value","/'vælju: | 'vælju/","v. 重视","Shelley valued her privacy."
"cet4","van","/væn/","n. 大篷车，运货车","a delivery van"
"cet4","vanish","/'væniʃ | 'vænɪʃ/","v. 消失","My keys were here a minute ago but now they’ve vanished."
"cet4","vapour","/'veipə | 'veɪpə | 'vepɚ/","n. 汽，蒸气","water vapour"
"cet4","variable","/'vεəriəbl | 'veərɪəb(ə)l | 'vɛrɪəbl/","adj. 易变的; n. 变量","Expect variable cloudiness and fog tomorrow."
"cet4","variation","/,vεəri'eiʃən | veərɪ'eɪʃ(ə)n | ,vɛrɪ'eʃən/","n. 变化，变动；变异","Most of his poems are variations on the theme of love."
"cet4","variety","/英 [vəˈraɪəti] 美 [vəˈraɪɪti | və'raɪətɪ | və'raɪəti/","n. 多样","The girls come from a variety of different backgrounds."
"cet4","various","/'vεəriəs | 'veərɪəs | 'vɛrɪəs/","adj. 各种各样的，不同的","The jacket is available in various colours."
"cet4","vary","/'vεəri | ˈveəri | ˈveri/","v. 变化；不同","Test scores vary from school to school."
"cet4","vast","/vɑ:st, væst | vɑːst | væst/","adj. 巨大的；大量的","The refugees come across the border in vast numbers."
"cet4","vehicle","/'viːɪk(ə)l | ˈvi:əkl | 'viːɪkl/","n. 车辆","a description of the stolen vehicle"
"cet4","velocity","/vəˈlɒsəti | vəˈlɑsəti/","n. 速度，速率","the velocity of light"
"cet4","venture","/'ventʃə | 'vɛntʃɚ/","n&vi. 冒险; v. 敢于","When darkness fell, he would venture out."
"cet4","verify","/'verifai | 'verɪfaɪ | 'vɛrɪfaɪ/","v. 证实，查证；证明","His statement was verified by several witnesses."
"cet4","version","/'və:ʃən | ˈvə:ʃən | 'vɝʒn/","n. 版本","the human version of mad cow disease"
"cet4","vertical","/'və:tikəl | 'vɜːtɪk(ə)l | 'vɝtɪkl/","adj. 垂直的，竖式的","a vertical line"
"cet4","vessel","/'vesəl | 'ves(ə)l | 'vɛsl/","n. 容器；船，飞船；管","a fishing vessel"
"cet4","veteran","/'vetərən | 'vet(ə)r(ə)n | 'vɛtərən/","n. 老兵，老手","a Vietnam veteran"
"cet4","via","/ˈvaɪə | ˈvaɪə, ˈviə/","prep. 通过","We flew to Athens via Paris."
"cet4","vibrate","/vai'breit | vaɪ'breɪt/","v. 使颤动; v. 颤动","The floor was vibrating to the beat of the music."
"cet4","vice","/vais | vaɪs/","n. 罪恶；恶习；缺点","the fight against vice on the streets"
"cet4","victim","/'vɪktɪm/","n. 牺牲者， 受害者","The victim received head injuries from which she died a week later."
"cet4","victimize","/'vɪktɪmaɪz/","vt. 使受害， 使牺牲","The men claim they have been victimized because of their political activity."
"cet4","video","/'vɪdiəu | 'vɪdɪo/","adj. 录像的；电视的; n. 录像","video production"
"cet4","view","/vju: | vju/","v. 看待","an opportunity to view the film before it goes on general release"
"cet4","viewpoint","/'vjuːpɔɪnt | 'vjupɔɪnt/","n. 观点， 看法， 见解","Different viewpoints produce different images."
"cet4","vigorous","/'viɡərəs | 'vɪg(ə)rəs | 'vɪɡərəs/","adj. 朝气蓬勃的","...are a vigorous recent addition to the beverage..."
"cet4","vinegar","/'viniɡə | 'vɪnɪgə | 'vɪnɪɡɚ/","n. 醋","The  sugared  vinegar is  refined from the sugarcane and  pine."
"cet4","violate","/'vaiəleit | 'vaɪəleɪt | 'vaɪəlet/","v. 违反","34 protesters were arrested for violating criminal law."
"cet4","violence","/'vaɪələns/","n. 猛烈， 激烈； 暴力","She spoke with a violence that surprised them both."
"cet4","violent","/'vaiələnt | 'vaɪəl(ə)nt | 'vaɪələnt/","adj. 猛烈的；狂暴的","the increase in violent crime"
"cet4","violet","/'vaiələt | 'vaɪələt/","n. 紫罗兰","She inhaled the violet perfume, saying “How sweet!”"
"cet4","violin","/ˌvaɪə'lɪn | ,vaɪə'lɪn/","n. 小提琴","He plays the violin in an orchestra."
"cet4","virtual","/ˈvɜ:tʃuəl | [ˈvɜ:rtʃuəl]/","adj. 虚拟的","The website allows you to take a virtual tour of the art gallery."
"cet4","virtually","/'və:tʃuəli | ˈvɜ:tʃuəli | ˈvɜrtʃuəli/","adv. 几乎，差不多","Virtually all the children come to school by bus."
"cet4","virtue","/'və:tju: | 'vɜːtjuː; -tʃuː | 'vɝtʃʊ/","n. 善；美德；优点","Women have often been used as symbols of virtue."
"cet4","virus","/'vaiərəs | 'vaɪrəs/","n. 病毒","children infected with the Aids virus"
"cet4","visibility","/,vizi'biləti | ,vizi'biliti | 'vɪzə'bɪləti/","n. 能见度","Visibility on the roads is down to 20 metres due to heavy fog."
"cet4","visible","/'vizəbl | ˈvɪzəbl | 'vɪzəbl/","adj. 看得见的","The comet is visible to the naked eye (= can be seen without using special equipment )."
"cet4","vision","/'vɪʒ(ə)n | 'vɪʒən/","n. 视；想象力；梦幻","She suffered temporary loss of vision after being struck on the head."
"cet4","visual","/'vizjuəl | 'vɪʒjʊəl; -zj- | 'vɪʒʊəl/","adj. 看的；看得见的","Artists translate their ideas into visual images."
"cet4","vital","/'vaitəl | 'vaɪtl/","adj. 重要的","The work she does is absolutely vital."
"cet4","vitally","/'vaitəli | ˈvaɪtəli | 'vaɪtəli/","adv. 极其重要地","A sensible diet is vitally important if you want to remain in good health."
"cet4","vitamin","/'vɪtəmɪn, 'vʌɪt- | 'vɪtəmɪn; 'vaɪt- | 'vaɪtəmɪn/","n. 维生素，维他命","Try to eat foods that are rich in vitamins and minerals."
"cet4","vivid","/'vivid | 'vɪvɪd/","adj. 鲜艳的；生动的","I’ve got vivid memories of that summer."
"cet4","vocabulary","/və'kæbjələrɪ | və'kæbjəlɛri/","n. 词汇","Teachers were impressed by his vocabulary."
"cet4","volcano","/vɔl'keinəu | vɒl'keɪnəʊ | vɑl'keno/","n. 火山","Pompeii was destroyed when the volcano erupted in 79 AD."
"cet4","volt","/vɔlt | vəʊlt; vɒlt | volt/","n. 伏特，伏","That is one electron volt."
"cet4","voltage","/'vəultidʒ | 'vəʊltɪdʒ; 'vɒltɪdʒ | 'voltɪdʒ/","n. 电压","The systems are getting smaller and using lower voltages."
"cet4","volume","/'vɔlju:m | 'vɒljuːm | 'vɑljum/","n. 卷，册；容积；音量","the volume of trade"
"cet4","voluntary","/'vɔləntəri | ˈvɑ:lənteri | 'vɑləntɛri/","adj. 自愿的，主动的","Workers are being encouraged to take voluntary redundancy."
"cet4","volunteer","/ˌvɒlən'tɪə | ,vɑlən'tɪr/","v. 自愿提供； 自愿， 志愿; n. 志愿者；志愿兵","I volunteered my services as a driver."
"cet4","vote","/vəut | vəʊt | vot; voʊt/","v. 投票，选举","In 1918 British women got the right to vote."
"cet4","voyage","/'vɔiidʒ | 'vɒɪɪdʒ | 'vɔɪɪdʒ/","n&vi. 航海，航空; n. 字","The voyage from England to India used to take six months."
"cet4","wage","/weidʒ | weɪdʒ | wedʒ/","v. 开展(运动)","The government, along with the three factions that had been waging a civil war, signed a peace agreement."
"cet4","waggon","/'wæɡən | 'wægən/","n. 四轮运货马车",""
"cet4","wagon","/'wægən/","n. 四轮马车， 大篷车； 铁路货车， 客货两用车","In the wagon."
"cet4","waist","/weɪst | west/","n. 腰， 腰部","The skirt was too big around the waist."
"cet4","waken","/'weikən | 'weɪk(ə)n | 'wekən/","v. 醒来; v. 弄醒","She gently wakened the sleeping child."
"cet4","wander","/'wɔndə | 'wɒndə | 'wɑndɚ/","v. 漫游；迷路；离题","Don’t let any of the kids wander off."
"cet4","want","/wɔnt, wɔ:nt | wɒnt | wɑnt/","n. 需要；缺乏","The gallery closed down for want of funding."
"cet4","warmth","/wɔ:mθ | wɔːmθ | wɔrmθ/","n. 暖和，温暖；热烈","She went further into the room, drawn by the warmth of the fire."
"cet4","water","/'wɔːtə | ˈwɔtɚ; ˈwɑtɚ/","n. 水; v. 使湿，灌溉","There’s water all over the bathroom floor."
"cet4","waterproof","/'wɔ:təpru:f, 'wɔ- | 'wɔːtəpruːf | 'wɔtɚpruf/","adj. 不透水的，防水的","a waterproof jacket"
"cet4","wave","/weiv | weɪv | wev/","n. 波；波涛; v. 波动","Dee watched the waves breaking on the shore."
"cet4","wax","/wæks | waks/","n. 蜡，蜂蜡","wax crayons"
"cet4","weaken","/'wi:kən | 'wiːk(ə)n | 'wikən/","v. 减少，减弱","Over the last two years the president’s position has weakened."
"cet4","weakness","/'wi:knis | ˈwiːknəs | 'wiknəs/","n. 虚弱，软弱；弱点","The legislation has a fundamental weakness."
"cet4","wealth","/welθ | wɛlθ/","n. 财富， 财产； 丰富","The country’s wealth comes from its oil."
"cet4","wealthy","/'welθi | 'wɛlθi/","adj. 富有的， 富裕的","the wealthy nations of the world"
"cet4","weapon","/'wepən | 'wɛpən/","n. 武器， 兵器","They all had sticks which they planned to use as weapons."
"cet4","wear","/weə | wɛr/","v. 磨损","The cushions are starting to wear a little."
"cet4","weave","/wiːv | wiv/","v. 织，编; v. 纺织","hand-woven scarves"
"cet4","wedding","/'wediŋ | ˈwedɪŋ | 'wɛdɪŋ/","n. 婚礼","She’s busy planning her daughter’s wedding."
"cet4","weed","/wi:d | wiːd | wid/","n. 杂草，野草; v. 除草","the constant battle against weeds"
"cet4","weekly","/'wiːkli | 'wikli/","adv. 每周; adj. 每周的","The group meets weekly."
"cet4","weep","/wi:p | wiːp | wip/","v. 哭泣，流泪","James broke down and wept."
"cet4","weld","/weld | wɛld/","vt&n. 焊接，熔接","The new handle will have to be welded on."
"cet4","welfare","/'welfεə | 'welfeə | 'wɛl'fɛr/","n. 福利","Our only concern is the children’s welfare."
"cet4","well-known","/ˌwel'nəun | ,wɛl'non/","adj. 众所周知的， 著名的","This is probably their best-known song."
"cet4","whale","/weɪl | wel/","n. 鲸","The whale nearest to the photographer is releasing air to aid its descent."
"cet4","whatever","/wɒt'evə | wət'ɛvɚ/","adv. [用于否定句中以加强语气]任何； 无论什么","She has shown no interest whatever in anything scientific."
"cet4","wheat","/hwi:t | wiːt | wit/","n. 小麦","a field of wheat"
"cet4","wheel","/hwi:l | wiːl | wil/","n. 轮，车轮","Shall I take the wheel (= drive instead of someone else )?"
"cet4","whereas","/weər'æz | 'wɛr'æz/","conj. 然而， 但是， 尽管","The old system was fairly complicated whereas the new system is really very simple."
"cet4","whichever","/wɪtʃ'evə | wɪtʃ'ɛvɚ/","pron&adj. 无论哪个， 无论哪些","Letting taxes rise abruptly would hurt not only the recovery but also whichever party the electorate ended up blaming."
"cet4","whilst","/waɪlst | hwailst/","conj&n. 当…的时候",""
"cet4","whip","/hwip | wɪp/","v. 鞭笞；搅打; n. 鞭子","He whipped the horse into a canter."
"cet4","whisper","/'hwispə | 'wɪspə | 'wɪspɚ/","v. 低声地讲; v. 低语","You don’t have to whisper, no one can hear us."
"cet4","whistle","/'wɪs(ə)l | 'wɪsl/","n. 口哨; v. 吹口哨","The lifeguard blew his whistle."
"cet4","whoever","/huː'evə | hʊ'ɛvɚ/","pron. 谁； 无论谁； 究竟是谁","I’ll take whoever wants to go."
"cet4","wholly","/'həuli | 'həʊllɪ; 'həʊlɪ | 'holli/","adv. 完全地，全部","a wholly satisfactory solution"
"cet4","wicked","/'wikid | 'wɪkɪd/","adj. 坏的；令人厌恶的","the wicked stepmother in ‘Hansel and Gretel’"
"cet4","widen","/'waidən | 'waɪd(ə)n | 'waɪdn/","v. 加宽; v. 变宽","They’re widening the road."
"cet4","widespread","/'waid'spred | 'waɪdspred | ˈwʌɪdsprɛd/","adj. 普遍的，广泛的","the widespread use of chemicals in agriculture"
"cet4","widow","/'widəu | 'wɪdəʊ | 'wɪdo/","n. 寡妇","an elderly widow who was attacked and robbed last month"
"cet4","width","/widθ, witθ | wɪtθ; wɪdθ | wɪdθ/","n. 宽阔，广阔；宽度","a covered terrace extending the full width of the house"
"cet4","willing","/'wiliŋ | 'wɪlɪŋ/","adj. 愿意的，心甘情愿的","I soon had an army of willing helpers."
"cet4","wind","/[wɪnd] | wɪnd; (for v.) waɪnd/","v. 绕，缠绕; v. 卷曲","a winding path"
"cet4","wing","/wɪŋ/","n. 翼，翅膀，翅","The bird flapped its wings furiously."
"cet4","wire","/'waiə | waɪə | 'waɪɚ/","n. 金属线；电缆；电信","copper wire"
"cet4","wisdom","/'wɪzdəm/","n. 智慧， 才智； 名言","a man of great wisdom"
"cet4","wise","/waiz | waɪz/","adj. 聪明的，有智慧的","a wise precaution"
"cet4","wit","/wɪt/","n. 智力，才智，智能","The information is there and waiting to be accessed by anyone with the wit to use it."
"cet4","withdraw","/wið'drɔ:, wiθ- | wɪð'drɔː | wɪð'drɔ/","v. 收回；撤回vi撤退","calls for Britain to withdraw from the European Union"
"cet4","withstand","/wið'stænd, wiθ- | wɪð'stænd/","v. 抵挡，反抗","The Chancellor has withstood the criticism and held firm."
"cet4","witness","/'witnis | 'wɪtnɪs | ˈwɪtnɪs/","n. 目击者，目击","Police have appealed for witnesses to come forward."
"cet4","wolf","/wulf | wʊlf/","n. 狼","a pack of wolves"
"cet4","wooden","/'wudən | 'wʊd(ə)n | 'wʊdn/","adj. 木制的；呆板的","a wooden bench"
"cet4","wool","/wul | wʊl/","n. 羊毛；毛线，绒线","a ball of wool"
"cet4","workman","/'wə:kmən | 'wɜːkmən | 'wɝkmən/","n. 工人，劳动者，工匠","In University Square workmen are building a steel fence."
"cet4","workshop","/'wə:kʃɔp | 'wɜːkʃɒp | 'wɝkʃɑp/","n. 车间，工场；创作室","...a modestly equipped workshop."
"cet4","worldwide","/'wə:ld,waid | 'wɜːl(d)waɪd | 'wɝldwaɪd/","adv. 全世界范围地","His books have sold more than 20 million copies worldwide."
"cet4","world-wide","/'wə:ldwaid | 'wɜːldwaɪd/","adj. 遍及全球的","Today, doctors are fearing a worldwide epidemic."
"cet4","worm","/wə:m | wɜːm | wɝm/","n. 虫，蠕虫","...a new computer worm that disables security software."
"cet4","worsen","/'wəsən | 'wɜ:sn | 'wɝsn/","v. （使）变得更坏","A lot of teachers expect the situation to worsen over the next few years."
"cet4","worship","/'wə:ʃip | 'wɝʃɪp/","n. 礼拜；崇拜; v. 崇拜","The ceremony must take place in a recognized place of worship ."
"cet4","worst","/wə:st, 'wə:st | wə:st | wɝst/","adj. 最坏的; adv. 最坏地","This is the worst recession for fifty years."
"cet4","worth","/wə:θ | wɜːθ | wɝθ/","adj. 值…的; n. 价值","You should not deprecate your own worth."
"cet4","worthless","/'wə:θlis | ˈwəːθlɪs | ˈwərthləs/","adj. 无价值的，无用的","The house was full of worthless junk."
"cet4","worthwhile","/'wə:θ'hwail | wɜːθ'waɪl | 'wɝθ'waɪl/","adj. 有价值的","He wanted to do a worthwhile job."
"cet4","worthy","/'wə:ði | ˈwəːði | wɜði/","adj. 有价值的；值得的","Leeds United were worthy winners of the competition."
"cet4","wound","/waund | wuːnd | wund/","n. 创伤，伤; v. 使受伤","A nurse cleaned and bandaged the wound."
"cet4","wrap","/ræp/","v. 裹，包，捆; n. 披肩","I’ve still got a few Christmas presents to wrap up."
"cet4","wreck","/rek | rɛk/","n. 失事；残骸; v. 破坏","...the wreck of a sailing ship."
"cet4","wrist","/rist | rɪst/","n. 腕，腕关节","He broke his wrist climbing rocks for a cigarette ad."
"cet4","writer","/'raɪtə | 'raɪtɚ/","n. 作者， 作家","She’s one of my favourite writers."
"cet4","writing","/'raɪtɪŋ/","n. 书写， 写； 著作","Some of his most powerful writing is based on his childhood experiences."
"cet4","X-ray","/'eks'reɪ | 'eksreɪ/","n. X射线， X光","The X-ray showed that her leg was not broken."
"cet4","yard","/jɑ:d | jɑːd | jɑrd/","n. 院子，庭院；场地","a builder’s yard"
"cet4","yawn","/jɔːn | jɔn/","v. 打呵欠; n. 呵欠","Alan stretched and yawned."
"cet4","yearly","/'jə:li, 'jiə- | 'jɪəlɪ; 'jɜː- | 'jɪrli/","adj. 每年的; adv. 一年一度","Salary levels are reviewed on a yearly basis."
"cet4","yield","/ji:ld | jild/","v. 屈服，产出; n. 产量","Our research has only recently begun to yield important results."
"cet4","youngster","/'jʌŋstə | 'jʌŋstɚ/","n. 青年， 年轻人， 孩子","Other youngsters are not so lucky."
"cet4","youth","/ju:θ | juːθ | jʊθ/","n. 青春；青年们；青年","Despite his youth, he had travelled alone."
"cet4","zone","/zəun | zəʊn | zon/","n. 地区，区域，范围","San Francisco and Tokyo are both located in earthquake zones."
